{"court":"臺灣澎湖地方法院","date":"2017-01-05T00:00:00+08:00","no":"105,聲,70","sys":"刑事","reason":"沒入保證金","judgement":"臺灣澎湖地方法院刑事裁定　　　　　　　 105年度聲字第70號\r\n聲　請　人　臺灣澎湖地方法院檢察署檢察官\r\n具　保　人　陳寬鴻\r\n受　刑　人　\r\n即　被　告　林廣達\r\n上列具保人因被告違反貪污治罪條例案件，聲請人聲請沒入保證\r\n金（105年度執聲沒字第2號），本院裁定如下：\r\n    主  文\r\n陳寬鴻繳納之保證金新臺幣伍拾萬元及實收利息均沒入之。\r\n    理  由\r\n一、聲請意旨略以：具保人陳寬鴻因被告林廣達違反貪污治罪條\r\n    例案件，經本院指定保證金額新臺幣（下同）50萬元，由具\r\n    保人繳納現金保證後，將受刑人釋放。本案嗣經最高法院於\r\n    民國105年6月16日判決確定，經通知具保人攜同受刑人到案\r\n    執行，並同時傳喚、拘提受刑人均未到案，受刑人顯已逃匿\r\n    ，依刑事訴訟法第118條之規定，應沒入受刑人繳納之保證\r\n    金，爰依同法第121條第1項規定聲請沒入具保人繳納之保證\r\n    金等語。\r\n二、按具保之被告逃匿者，應命具保人繳納指定之保證金額，並\r\n    沒入之。不繳納者，強制執行。保證金已繳納者，沒入之；\r\n    依第118 條規定沒入保證金時，實收利息併沒入之；又沒入\r\n    保證金，以法院之裁定行之，刑事訴訟法第118條第1項、第\r\n    119條之1第2項及第121條第1項分別定有明文。\r\n三、經查，被告林廣達因違反貪污治罪條例案件，經臺灣高等法\r\n    院高雄分院以103年度矚上訴字第1號判決判處有期徒刑9年\r\n    ，被告不服提起上訴，經最高法院以105年台上字第1507號\r\n    判決駁回上訴確定。經臺灣澎湖地方法院檢察署（下稱澎湖\r\n    地檢署）囑託臺灣臺中地方法院檢察署（下稱臺中地檢署）\r\n    代為執行，經臺中地檢署依被告之住所通知其到案執行，惟\r\n    被告未到案，嗣經臺中地檢署檢察官拘提無著。另依具保人\r\n    之住居所通知具保人於105年7月29日通知或帶同被告到案接\r\n    受執行，惟被告亦未到案執行，顯已逃匿等情，有本院刑事\r\n    保證金收據（101年刑保工字第7號）、臺中地檢署送達證書\r\n    、拘票暨拘提報告書、臺灣高等法院被告前案紀錄表等附卷\r\n    可稽，且被告迄今仍逃匿中尚未到案執行一節，復經本院依\r\n    職權查證屬實，亦有個人基本資料查詢結果、臺灣高等法院\r\n    在監在押全國紀錄表、入出境資訊連結作業附卷足憑，被告\r\n    已然逃匿，揆諸前揭說明，自應將具保人原繳納上開保證金\r\n    及實收利息沒入之。\r\n四、依刑事訴訟法第118條第1項、第119條之1第2項、第121條第\r\n    1項，裁定如主文。\r\n中    華    民    國    106    年    1    月    5    日\r\n\r\n                        刑事庭  法  官  陳炫谷\r\n以上正本證明與原本無異。\r\n如不服本裁定，應於收受裁定送達後5日內，向本院提出抗告狀\r\n（須附繕本）。\r\n中    華    民    國   106    年    1     月    5     日\r\n\r\n                                書記官  莊茹茵","type":"裁定","historyHash":"","mainText":"陳寬鴻繳納之保證金新臺幣伍拾萬元及實收利息均沒入之。","opinion":"三、經查，被告林廣達因違反貪污治罪條例案件，經臺灣高等法院高雄分院以103年度矚上訴字第1號判決判處有期徒刑9年，被告不服提起上訴，經最高法院以105年台上字第1507號判決駁回上訴確定。經臺灣澎湖地方法院檢察署（下稱澎湖地檢署）囑託臺灣臺中地方法院檢察署（下稱臺中地檢署）代為執行，經臺中地檢署依被告之住所通知其到案執行，惟被告未到案，嗣經臺中地檢署檢察官拘提無著。另依具保人之住居所通知具保人於105年7月29日通知或帶同被告到案接受執行，惟被告亦未到案執行，顯已逃匿等情，有本院刑事保證金收據（101年刑保工字第7號）、臺中地檢署送達證書、拘票暨拘提報告書、臺灣高等法院被告前案紀錄表等附卷可稽，且被告迄今仍逃匿中尚未到案執行一節，復經本院依職權查證屬實，亦有個人基本資料查詢結果、臺灣高等法院在監在押全國紀錄表、入出境資訊連結作業附卷足憑，被告已然逃匿，揆諸前揭說明，自應將具保人原繳納上開保證金及實收利息沒入之。\n四、依刑事訴訟法第118條第1項、第119條之1第2項、第121條第1項，裁定如主文。","relatedIssues":[{"lawName":"刑事訴訟法","issueRef":"118"},{"lawName":"刑事訴訟法","issueRef":"118 1"},{"lawName":"刑事訴訟法","issueRef":"118 1"},{"lawName":"刑事訴訟法","issueRef":"119-1 2"},{"lawName":"刑事訴訟法","issueRef":"119-1 2"},{"lawName":"刑事訴訟法","issueRef":"121 1"},{"lawName":"刑事訴訟法","issueRef":"121 1"},{"lawName":"刑事訴訟法","issueRef":"121 1"}],"party":[{"group":["plaintiff"],"title":"聲請人","value":"臺灣澎湖地方法院檢察署檢察官"},{"group":[],"title":"具保人","value":"陳寬鴻"},{"group":["defendant"],"title":"受刑人即被告","value":"林廣達"}]}
