{"court":"臺灣澎湖地方法院","date":"2012-05-10T00:00:00+08:00","no":"101,簡上,1","sys":"刑事","reason":"家暴傷害","judgement":"臺灣澎湖地方法院刑事判決　　　　　　　101年度簡上字第1號\r\n上　訴　人　臺灣澎湖地方法院檢察署檢察官\r\n被　　　告　阮氏嬌莊\r\n上列被告因家暴傷害案件，上訴人不服本院馬公簡易庭100年度\r\n馬簡字第222號第一審判決（聲請簡易判決處刑書案號：100年度\r\n偵字第653號），提起上訴，本院合議庭為第二審判決如下：\r\n    主     文\r\n上訴駁回。\r\n   事實及理由\r\n一、本件犯罪事實、證據及應適用之法條，均引用檢察官聲請簡\r\n    易判決處刑書及第一審簡易判決書之記載。\r\n二、原審斟酌被告因被害人揚言帶走由被告監護之子，一時護子\r\n    心切而罹刑章，非無可宥之處等情，因之適用刑法第277條\r\n    第1項、第41條第1項前段、刑法施行法第1條之1之規定，量\r\n    處被告拘役10日，並諭知以新臺幣1000元折算1日之易科罰\r\n    金折算標準，認事用法，均無不當，量刑亦稱妥適，上訴人\r\n    循被害人之請求提起本件上訴，指摘原審量刑過輕，請求撤\r\n    銷原判決，為無理由，應予駁回。\r\n三、依刑事訴訟法第454條第2項、第455條之1第1項、第3項、第\r\n    373條、第368條，判決如主文。\r\n本案經檢察官吳巡龍到庭執行職務。\r\n中    華    民    國    101    年    5    月    10    日\r\n                  刑事庭  審判長法  官  陳順輝\r\n                                法  官  蔡政佑\r\n                                法  官  孫健智\r\n以上正本證明與原本無異。\r\n不得上訴。\r\n中    華    民    國    101    年    5    月    10    日\r\n                                書記官  呂昌景","type":"判決","historyHash":"9a30d622bfd889fd5fcfa06e898acbef","mainText":"上訴駁回。","opinion":"","relatedIssues":[{"lawName":"中華民國刑法","issueRef":"41 1"},{"lawName":"中華民國刑法","issueRef":"277 1"},{"lawName":"中華民國刑法施行法","issueRef":"1-1"},{"lawName":"刑事訴訟法","issueRef":"368"},{"lawName":"刑事訴訟法","issueRef":"373"},{"lawName":"刑事訴訟法","issueRef":"454 2"},{"lawName":"刑事訴訟法","issueRef":"455-1 1"},{"lawName":"刑事訴訟法","issueRef":"455-1 3"}],"party":[{"group":["plaintiff"],"title":"上訴人","value":"臺灣澎湖地方法院檢察署檢察官"},{"group":["defendant"],"title":"被告","value":"阮氏嬌莊"}]}
