{"court":"臺灣澎湖地方法院","date":"2014-08-19T00:00:00+08:00","no":"103,馬交簡,23","sys":"刑事","reason":"過失傷害","judgement":"臺灣澎湖地方法院刑事簡易判決　　　 103年度馬交簡字第23號\r\n聲　請　人　臺灣澎湖地方法院檢察署檢察官\r\n被　　　告　陳葉月素\r\n上列被告因過失傷害案件，經檢察官聲請以簡易判決處刑（102\r\n年度偵字第779號），本院判決如下：\r\n    主      文\r\n陳葉月素犯過失傷害罪，處拘役肆拾伍日，如易科罰金，以新臺\r\n幣壹仟元折算壹日。\r\n    事實及理由\r\n一、本件被告陳葉月素於犯罪後，未被有偵查犯罪職權之機關或\r\n    公務人員發覺前主動報案，並向現場處理車禍事故之警員坦\r\n    承本件過失傷害犯行等情，有被告於102年8月27日、及告訴\r\n    人即被害人吳錦鸞於102年9月26日之交通事故談話紀錄表各\r\n    1份、澎湖縣政府警察局馬公分局道路交通事故肇事人自首\r\n    情形紀錄表附卷可佐（分別見警卷第6頁、第11頁、第13頁\r\n    ），被告對於未被發覺之犯罪自首而接受裁判，符合自首要\r\n    件，爰依刑法第62條前段之規定減輕其刑。除前開應補充事\r\n    項外，其餘犯罪事實、證據、應適用法條，均引用檢察官聲\r\n    請簡易判決處刑書之記載(如附件)。\r\n二、本院審酌被告未曾有犯罪科刑紀錄，有臺灣高等法院被告前\r\n    案紀錄表附卷可稽，平日素行良好，此次因疏未注意車前狀\r\n    況而與告訴人發生碰撞，致使告訴人所受傷勢非輕，然告訴\r\n    人駕駛機車行經設有行車管制號誌交岔路口，右轉彎未讓直\r\n    行車先行，為本次事故肇事主因，被告駕駛機車行經設有行\r\n    車管制號誌交岔路口，未注意車前狀況，為肇事次因，有交\r\n    通部公路總局屏澎區車輛行車事故鑑定會鑑定意見書在卷可\r\n    稽（見偵卷第21至22頁），是本次事故之發生，告訴人亦與\r\n    有過失，尚難全部歸責於被告；又被告犯後否認有過失傷害\r\n    犯行，態度普通，兼衡其智識程度、品性、生活狀況等一切\r\n    情狀，爰量處如主文所示之刑，並諭知易科罰金之折算標準\r\n    。\r\n三、依刑事訴訟法第449條第1項前段、第454條第2項，刑法第\r\n    284條第1項前段、第62條前段、第41條第1項前段，刑法施\r\n    行法第1條之1，逕以簡易判決處如主文所示之刑。\r\n四、如不服本判決應於收受判決後10日內向本院提出上訴書狀，\r\n    並應敘述具體理由；其未敘述上訴理由者，應於上訴期間屆\r\n    滿後20日內向本院補提理由書（均須按他造當事人之人數附\r\n    繕本）「切勿逕送上級法院」。\r\n中    華    民    國   103    年    8     月    19    日\r\n                  臺灣澎湖地方法院馬公簡易庭\r\n                      法  官  陳炫谷\r\n以上正本證明與原本無異。\r\n中    華    民    國   103    年    8     月    19    日\r\n                      書記官  林德盛\r\n附錄本案論罪科刑法條全文：\r\n中華民國刑法第284條：\r\n因過失傷害人者，處6月以下有期徒刑、拘役或500元以下罰金，\r\n致重傷者，處1年以下有期徒刑、拘役或500元以下罰金。\r\n從事業務之人，因業務上之過失傷害人者，處1年以下有期徒刑\r\n、拘役或1,000元以下罰金，致重傷者，處3年以下有期徒刑、拘\r\n役或2,000元以下罰金。","type":"判決","historyHash":"8098b355bc8f80cbfe0f9be9afe86fd9","mainText":"陳葉月素犯過失傷害罪，處拘役肆拾伍日，如易科罰金，以新臺幣壹仟元折算壹日。","opinion":"","relatedIssues":[{"lawName":"中華民國刑法","issueRef":"41 1"},{"lawName":"中華民國刑法","issueRef":"62"},{"lawName":"中華民國刑法","issueRef":"62"},{"lawName":"中華民國刑法","issueRef":"284"},{"lawName":"中華民國刑法","issueRef":"284 1"},{"lawName":"中華民國刑法施行法","issueRef":"1-1"},{"lawName":"刑事訴訟法","issueRef":"449 1"},{"lawName":"刑事訴訟法","issueRef":"454 2"}],"party":[{"group":["plaintiff"],"title":"聲請人","value":"臺灣澎湖地方法院檢察署檢察官"},{"group":["defendant"],"title":"被告","value":"陳葉月素"}]}
