{"court":"臺灣澎湖地方法院","date":"2010-02-26T00:00:00+08:00","no":"98,聲判,2","sys":"刑事","reason":"聲請交付審判","judgement":"臺灣澎湖地方法院刑事裁定　　　　　　　 98年度聲判字第2號\r\n抗　告　人　甲○\r\n即聲請　人\r\n被　　　告　乙○○\r\n上列抗告人因聲請交付審判案件，不服本院中華民國九十九年二\r\n月五日所為駁回之裁定，提起抗告，本院裁定如下：\r\n    主  文\r\n抗告駁回。\r\n    理  由\r\n一、按原審法院認為抗告不合法律上之程式或法律上不應准許，\r\n    或其抗告權已經喪失者，應以裁定駁回之；又按法院認交付\r\n    審判之聲請不合法或無理由者，應駁回之；駁回之裁定，不\r\n    得抗告，刑事訴訟法第408條第1項前段、第258條之3第2項\r\n    前段、第5項後段定有明文。\r\n二、經查：本件抗告人聲請交付審判案件，業經本院認為無理由\r\n    ，於民國99年1月25日裁定駁回，有裁定書在卷可查，依前\r\n    述刑事訴訟法之規定，此項裁定不得抗告，茲聲請人不服上\r\n    開裁定，提起抗告，顯係就法律所不准許之事項提起抗告，\r\n    經本院於99年2月5日以裁定駁回，亦有該裁定書附卷可稽，\r\n    然抗告人又於99年2月13日對前述99年2月5日所為之裁定提\r\n    起抗告，仍係就法律所上不應准許之事項提起抗告，依前述\r\n    刑事訴訟法第408條第1項前段之規定，自應以裁定駁回之。\r\n三、據上論斷，應依刑事訴訟法第408條第1項前段，裁定如主文\r\n    。\r\n中    華    民    國    99    年    2     月    26    日\r\n                  刑事庭  審判長法  官  管安露\r\n                                法  官  李宛玲\r\n                                法  官  陳順輝\r\n以上正本證明與原本無異。\r\n不得抗告。\r\n中    華    民    國    99    年    3     月    2     日\r\n                                書記官  王耀煌","type":"裁定","historyHash":"","mainText":"抗告駁回。","opinion":"二、經查：本件抗告人聲請交付審判案件，業經本院認為無理由，於民國99年1月25日裁定駁回，有裁定書在卷可查，依前述刑事訴訟法之規定，此項裁定不得抗告，茲聲請人不服上開裁定，提起抗告，顯係就法律所不准許之事項提起抗告，經本院於99年2月5日以裁定駁回，亦有該裁定書附卷可稽，然抗告人又於99年2月13日對前述99年2月5日所為之裁定提起抗告，仍係就法律所上不應准許之事項提起抗告，依前述刑事訴訟法第408條第1項前段之規定，自應以裁定駁回之。\n三、據上論斷，應依刑事訴訟法第408條第1項前段，裁定如主文。","relatedIssues":[{"lawName":"刑事訴訟法","issueRef":"258-3 2"},{"lawName":"刑事訴訟法","issueRef":"258-3 5"},{"lawName":"刑事訴訟法","issueRef":"408 1"},{"lawName":"刑事訴訟法","issueRef":"408 1"},{"lawName":"刑事訴訟法","issueRef":"408 1"}],"party":[{"group":["plaintiff"],"title":"抗告人即聲請人","value":"甲○"},{"group":["defendant"],"title":"被告","value":"乙○○"}]}
