{"court":"臺灣澎湖地方法院","date":"2014-11-10T00:00:00+08:00","no":"103,交易,12","sys":"刑事","reason":"過失傷害","judgement":"臺灣澎湖地方法院刑事判決　　　　　　 103年度交易字第12號\r\n公　訴　人　臺灣澎湖地方法院檢察署檢察官\r\n被　　　告　莊心潔\r\n上列被告因過失傷害案件，經檢察官提起公訴（103 年度偵字第\r\n522 號），本院判決如下：\r\n 主  文\r\n本件公訴不受理。\r\n    理  由                                              \r\n一、公訴意旨略以：被告莊心潔於民國103 年2 月2 日2 時許，\r\n    駕駛車牌號碼0000－00號自小客車，由澎湖縣馬公巿山水社\r\n    區向鎖港方向行駛，明知汽車駕駛人應遵守道路交通規則，\r\n    支道車應讓幹道車先行，而依當時天候晴、夜間有照明、視\r\n    距良好、無障礙物等情況，又無不能注意之情形，竟疏未注\r\n    意，於澎湖縣○○○○○○區○○○○○道路○○00號道路\r\n    無號誌交叉路口（澎26號道路1.6 公里處），未禮讓由告訴\r\n    人張○○所騎駛於澎26號幹道，由南向北方向行駛，車牌號\r\n    碼000－000號之普通重型機車，兩車遂發生碰撞，告訴人因\r\n    而受有頭部外傷併腦震盪、臉眼瘀腫、左側遠端橈骨骨折之\r\n    傷害，因認被告涉犯刑法第284 條第1 項前段過失傷害罪等\r\n    語。\r\n二、按告訴乃論之罪，告訴人於第一審辯論終結前得撤回其告訴\r\n    ；又告訴經撤回者，應諭知不受理之判決，刑事訴訟法第23\r\n    8 條第1 項、第303 條第3 款分別定有明文。\r\n三、查本件告訴人張○○告訴被告莊心潔過失傷害案件，公訴人\r\n    認被告莊心潔係觸犯刑法第284 條第1 項前段之過失傷害罪\r\n    嫌，依同法第287 條前段之規定須告訴乃論。茲因被告已與\r\n    告訴人達成和解，並經告訴人當庭表示撤回告訴，有本院10\r\n    3 年11月3 日準備程序筆錄（見本院卷第11至13頁）在卷可\r\n    稽，依照首開說明，本件爰不經言詞辯論，逕為諭知不受理\r\n    判決。\r\n四、據上論斷，應依刑事訴訟法第284 條之1 、第452 條、第30\r\n    3 條第3 款、第307 條，判決如主文。\r\n中    華    民    國   103    年    11    月    10    日\r\n\r\n                        刑事庭  法  官  蔡政佑\r\n\r\n以上正本證明與原本無異。\r\n如不服本判決，應於收受判決後10日內向本院提出上訴書狀，並\r\n應敘述具體理由；其未敘述上訴理由者，應於上訴期間屆滿後20\r\n日內向本院補提理由書(均須按他造當事人之人數附繕本)「切勿\r\n逕送上級法院」。\r\n中    華    民    國   103    年    11    月    10    日\r\n\r\n                                書記官  莊茹茵","type":"判決","historyHash":"","mainText":"本件公訴不受理。","opinion":"二、按告訴乃論之罪，告訴人於第一審辯論終結前得撤回其告訴；又告訴經撤回者，應諭知不受理之判決，刑事訴訟法第23 8 條第1 項、第303 條第3 款分別定有明文。\n三、查本件告訴人張○○告訴被告莊心潔過失傷害案件，公訴人認被告莊心潔係觸犯刑法第284 條第1 項前段之過失傷害罪嫌，依同法第287 條前段之規定須告訴乃論。茲因被告已與告訴人達成和解，並經告訴人當庭表示撤回告訴，有本院10 3 年11月3 日準備程序筆錄（見本院卷第11至13頁）在卷可稽，依照首開說明，本件爰不經言詞辯論，逕為諭知不受理判決。\n四、據上論斷，應依刑事訴訟法第284 條之1 、第452 條、第30 3 條第3 款、第307 條，判決如主文。","relatedIssues":[{"lawName":"中華民國刑法","issueRef":"284 1"},{"lawName":"中華民國刑法","issueRef":"284 1"},{"lawName":"中華民國刑法","issueRef":"287"},{"lawName":"刑事訴訟法","issueRef":"238 1"},{"lawName":"刑事訴訟法","issueRef":"284-1"},{"lawName":"刑事訴訟法","issueRef":"303 1 3"},{"lawName":"刑事訴訟法","issueRef":"303 1 3"},{"lawName":"刑事訴訟法","issueRef":"307"},{"lawName":"刑事訴訟法","issueRef":"452"}],"party":[{"group":["plaintiff"],"title":"公訴人","value":"臺灣澎湖地方法院檢察署檢察官"},{"group":["defendant"],"title":"被告","value":"莊心潔"}]}
