{"court":"臺灣澎湖地方法院","date":"2016-08-23T00:00:00+08:00","no":"105,馬簡,76","sys":"刑事","reason":"妨害風化","judgement":"臺灣澎湖地方法院刑事簡易判決　　　　 105年度馬簡字第76號\r\n聲　請　人　臺灣澎湖地方法院檢察署檢察官\r\n被　　　告　陳○○\r\n上列被告因妨害風化案件，經檢察官聲請以簡易判決處刑（105\r\n年度偵字第143號），本院判決如下：\r\n    主      文\r\n甲○○犯圖利公然猥褻罪，處拘役肆拾日，如易科罰金，以新臺\r\n幣壹仟元折算壹日。緩刑貳年，並應自本判決確定日起陸個月內\r\n向公庫支付新臺幣參萬元。\r\n    事實及理由\r\n一、本件犯罪事實、證據、應適用法條，除犯罪事實欄、證據並\r\n    所犯法條欄關於「吳○○」之記載均應更正為「吳○○」外\r\n    ，餘均引用檢察官聲請簡易判決處刑書之記載(如附件)。\r\n二、被告甲○○未曾因故意犯罪受有期徒刑以上刑之宣告，有臺\r\n    灣高等法院被告前案紀錄表1紙在卷可稽，其因一時失慮，\r\n    偶罹刑典，事後已坦承犯行，深具悔意，經此刑之宣告後，\r\n    應當警惕而事後無再犯之虞，本院認暫不執行其刑為當，予\r\n    以宣告緩刑2年，並應自本判決確定日起6個月內向公庫支付\r\n    新臺幣3萬元，以啟自新。倘被告違反上開應負擔之事項且\r\n    情節重大者，依刑法第75條之1第1項第4款之規定，其緩刑\r\n    之宣告仍得由檢察官向本院聲請撤銷，併此敘明。\r\n三、依刑事訴訟法第449條第1項前段、第3項、第454條第2項，\r\n    刑法第234條第2項、第41條第1項前段、第74條第1項第1款\r\n    、第2項第4款，刑法施行法第1條之1第1項、第2項但書，逕\r\n    以簡易判決處如主文所示之刑。\r\n四、如不服本判決應於收受判決後10日內向本院提出上訴書狀，\r\n    並應敘述具體理由；其未敘述上訴理由者，應於上訴期間屆\r\n    滿後20日內向本院補提理由書（均須按他造當事人之人數附\r\n    繕本）「切勿逕送上級法院」。\r\n中    華    民    國   105    年    8     月    23    日\r\n                  臺灣澎湖地方法院馬公簡易庭\r\n                      法  官  王政揚\r\n以上正本證明與原本無異。\r\n中    華    民    國   105    年    8     月    23    日\r\n                      書記官  林德盛\r\n附錄本案論罪科刑法條全文：\r\n中華民國刑法第234條：\r\n意圖供人觀覽，公然為猥褻之行為者，處1年以下有期徒刑、拘\r\n役或3千元以下罰金。\r\n意圖營利犯前項之罪者，處2年以下有期徒刑、拘役或科或併科1\r\n萬元以下罰金。","type":"判決","historyHash":"","mainText":"甲○○犯圖利公然猥褻罪，處拘役肆拾日，如易科罰金，以新臺幣壹仟元折算壹日。緩刑貳年，並應自本判決確定日起陸個月內向公庫支付新臺幣參萬元。","opinion":"","relatedIssues":[{"lawName":"中華民國刑法","issueRef":"41 1"},{"lawName":"中華民國刑法","issueRef":"74 1 1"},{"lawName":"中華民國刑法","issueRef":"74 2 4"},{"lawName":"中華民國刑法","issueRef":"75-1 1 4"},{"lawName":"中華民國刑法","issueRef":"234"},{"lawName":"中華民國刑法","issueRef":"234 2"},{"lawName":"中華民國刑法施行法","issueRef":"1-1 1"},{"lawName":"中華民國刑法施行法","issueRef":"1-1 2"},{"lawName":"刑事訴訟法","issueRef":"449 1"},{"lawName":"刑事訴訟法","issueRef":"449 3"},{"lawName":"刑事訴訟法","issueRef":"454 2"}],"party":[{"group":["plaintiff"],"title":"聲請人","value":"臺灣澎湖地方法院檢察署檢察官"},{"group":["defendant"],"title":"被告","value":"陳○○"}]}
