{"court":"臺灣澎湖地方法院","date":"2010-04-28T00:00:00+08:00","no":"99,馬交簡,66","sys":"刑事","reason":"公共危險","judgement":"臺灣澎湖地方法院刑事簡易判決　　　　99年度馬交簡字第66號\r\n聲　請　人　臺灣澎湖地方法院檢察署檢察官\r\n被　　　告　甲○○\r\n上列被告因公共危險案件，經檢察官聲請以簡易判決處刑（99年\r\n度速偵字第26號），本院判決如下：\r\n    主      文\r\n甲○○犯不能安全駕駛動力交通工具罪，處有期徒刑伍月，如易\r\n科罰金，以新台幣壹仟元折算壹日。\r\n    事實及理由\r\n一、本件犯罪事實、證據、應適用法條，均引用檢察官聲請簡易\r\n    判決處刑書之記載（如附件）。\r\n二、依刑事訴訟法第449條第1項前段、第454條第2項，刑法第\r\n    185條之3、第41條第1項前段，刑法施行法第1條之1，判決\r\n    如主文。\r\n中    華    民    國    99    年    4     月    28    日\r\n                  臺灣澎湖地方法院馬公簡易庭\r\n                      法  官  陳介安\r\n以上正本證明與原本無異。\r\n如不服本判決應於收受判決後10日內向本院提出上訴書狀，並應\r\n敘述具體理由；其未敘述上訴理由者，應於上訴期間屆滿後20日\r\n內向本院補提理由書(均須按他造當事人之人數附繕本)「切勿逕\r\n送上級法院」。\r\n中    華    民    國    99    年    4     月    28    日\r\n                      書記官  林長義\r\n附錄本案論罪科刑法條全文：\r\n中華民國刑法第185條之3\r\n服用毒品、麻醉藥品、酒類或其他相類之物，不能安全駕駛動力\r\n交通工具而駕駛者，處1年以下有期徒刑、拘役或科或併科15萬\r\n元以下罰金。","type":"判決","historyHash":"","mainText":"甲○○犯不能安全駕駛動力交通工具罪，處有期徒刑伍月，如易科罰金，以新台幣壹仟元折算壹日。","opinion":"","relatedIssues":[{"lawName":"中華民國刑法","issueRef":"41 1"},{"lawName":"中華民國刑法","issueRef":"185-3"},{"lawName":"中華民國刑法","issueRef":"185-3"},{"lawName":"中華民國刑法施行法","issueRef":"1-1"},{"lawName":"刑事訴訟法","issueRef":"449 1"},{"lawName":"刑事訴訟法","issueRef":"454 2"}],"party":[{"group":["plaintiff"],"title":"聲請人","value":"臺灣澎湖地方法院檢察署檢察官"},{"group":["defendant"],"title":"被告","value":"甲○○"}]}
