{"court":"臺灣澎湖地方法院","date":"2013-05-30T00:00:00+08:00","no":"102,易,26","sys":"刑事","reason":"傷害等","judgement":"臺灣澎湖地方法院刑事裁定　　　　　　　 102年度易字第26號\r\n公　訴　人　臺灣澎湖地方法院檢察署檢察官\r\n被　　　告　SUBARNO\r\n被　　　告　WAHEDI\r\n被　　　告　TOTO SURATMA\r\n被　　　告　BAHRUDIN\r\n被　　　告　TRISNO\r\n上列被告因傷害等案件，本院裁定如下：\r\n    主  文\r\n本件由受命法官獨任逕以簡易判決處刑。\r\n    理  由\r\n一、本件被告SUBARNO等五人因傷害等案件，經檢察官依通常程\r\n    序起訴，而被告自白犯罪，本院認為宜由受命法官獨任逕以\r\n    簡易判決處刑。\r\n二、依刑事訴訟法第220條、第449條第2項，裁定如主文。\r\n中    華    民    國   102    年    5     月    30    日\r\n                  刑事庭  審判長法  官  陳順輝\r\n                                法  官  孫健智\r\n                                法  官  蔡政佑\r\n以上正本係照原本作成。\r\n本裁定不得抗告。\r\n中    華    民    國   102    年    5     月    30    日\r\n\r\n                                書記官  莊茹茵","type":"裁定","historyHash":"","mainText":"本件由受命法官獨任逕以簡易判決處刑。","opinion":"理  由\n一、本件被告SUBARNO等五人因傷害等案件，經檢察官依通常程序起訴，而被告自白犯罪，本院認為宜由受命法官獨任逕以簡易判決處刑。\n二、依刑事訴訟法第220條、第449條第2項，裁定如主文。","relatedIssues":[{"lawName":"刑事訴訟法","issueRef":"220"},{"lawName":"刑事訴訟法","issueRef":"449 2"}],"party":[{"group":["plaintiff"],"title":"公訴人","value":"臺灣澎湖地方法院檢察署檢察官"},{"group":["defendant"],"title":"被告","value":"SUBARNO"},{"group":["defendant"],"title":"被告","value":"WAHEDI"},{"group":["defendant"],"title":"被告","value":"TOTO"},{"group":["defendant"],"title":"被告","value":"BAHRUDIN"},{"group":["defendant"],"title":"被告","value":"TRISNO"}]}
