{"court":"臺灣澎湖地方法院","date":"2017-04-10T00:00:00+08:00","no":"106,馬簡,10","sys":"刑事","reason":"違反毒品危害防制條例","judgement":"臺灣澎湖地方法院刑事簡易判決　　　　 106年度馬簡字第10號\r\n聲　請　人　臺灣澎湖地方法院檢察署檢察官\r\n被　　　告　顏敬殷\r\n上列被告因違反毒品危害防制條例案件，經檢察官聲請以簡易判\r\n決處刑（105年度偵字第463號、105年度毒偵字第44號、第81號\r\n），本院判決如下：\r\n    主      文\r\n顏敬殷施用第二級毒品，共貳罪，各處有期徒刑陸月，如易科罰\r\n金，均以新臺幣壹仟元折算壹日。應執行有期徒刑拾月，如易科\r\n罰金，以新臺幣壹仟元折算壹日。\r\n扣案之第二級毒品甲基安非他命貳小包（驗餘淨重分別為零點陸\r\n參捌壹公克、零點伍參壹肆公克)暨其包裝袋貳只均沒收銷燬。\r\n扣案之吸食器壹組沒收。\r\n    事實及理由\r\n一、本件犯罪事實、證據、應適用法條，均引用檢察官聲請簡易\r\n    判決處刑書之記載(如附件)。\r\n二、扣案之甲基安非他命驗餘淨重分別為0.6381公克、0.5314公\r\n    克係查獲之第二級毒品，且包裝袋與第二級毒品甲基安非他\r\n    命已無法析離，應依毒品危害防制條例第18條第1項前段之\r\n    規定，諭知沒收銷燬之（因檢驗需要而經取用滅失之部分，\r\n    則不再宣告沒收銷燬）；另扣案之吸食器1組，係被告所有\r\n    ，且供其為本件施用第二級毒品犯行所用之物，爰依刑法第\r\n    38條第2項之規定，沒收之。至其餘扣案之夾鏈袋1包、自製\r\n    打火機1個、毒品器具1支、製造吸食器用之塑膠管1條、製\r\n    造吸食器之玻璃管4支等物，雖係被告所有，然與本件被告\r\n    施用第二級毒品犯行尚無直接相關，爰不予宣告沒收之。\r\n三、依刑事訴訟法第449條第1項前段、第3項、第450條第1項、\r\n    第454條第2項，毒品危害防制條例第10條第2項、第18條第\r\n    1項前段，刑法第11條、第41條第1項前段、第8項、第51條\r\n    第5款、第38條第2項，逕以簡易判決處如主文所示之刑。\r\n四、如不服本判決應於收受判決後10日內向本院提出上訴書狀，\r\n    並應敘述具體理由；其未敘述上訴理由者，應於上訴期間屆\r\n    滿後20日內向本院補提理由書（均須按他造當事人之人數附\r\n    繕本）「切勿逕送上級法院」。\r\n中    華    民    國   106    年    4     月    10    日\r\n                  臺灣澎湖地方法院馬公簡易庭\r\n                      法  官  王政揚\r\n以上正本證明與原本無異。\r\n中    華    民    國   106    年    4     月    10    日\r\n                      書記官  林映君\r\n附錄本案論罪科刑法條全文：\r\n毒品危防制條例第10條第2項：\r\n施用第二級毒品者，處3年以下有期徒刑。","type":"判決","historyHash":"","mainText":"顏敬殷施用第二級毒品，共貳罪，各處有期徒刑陸月，如易科罰金，均以新臺幣壹仟元折算壹日。應執行有期徒刑拾月，如易科罰金，以新臺幣壹仟元折算壹日。\n扣案之第二級毒品甲基安非他命貳小包（驗餘淨重分別為零點陸參捌壹公克、零點伍參壹肆公克)暨其包裝袋貳只均沒收銷燬。\n扣案之吸食器壹組沒收。","opinion":"","relatedIssues":[{"lawName":"中華民國刑法","issueRef":"11"},{"lawName":"中華民國刑法","issueRef":"38 2"},{"lawName":"中華民國刑法","issueRef":"38 2"},{"lawName":"中華民國刑法","issueRef":"41 1"},{"lawName":"中華民國刑法","issueRef":"41 8"},{"lawName":"中華民國刑法","issueRef":"51 1 5"},{"lawName":"刑事訴訟法","issueRef":"449 1"},{"lawName":"刑事訴訟法","issueRef":"449 3"},{"lawName":"刑事訴訟法","issueRef":"450 1"},{"lawName":"刑事訴訟法","issueRef":"454 2"},{"lawName":"毒品危害防制條例","issueRef":"10 2"},{"lawName":"毒品危害防制條例","issueRef":"18 1"},{"lawName":"毒品危害防制條例","issueRef":"18 1"}],"party":[{"group":["plaintiff"],"title":"聲請人","value":"臺灣澎湖地方法院檢察署檢察官"},{"group":["defendant"],"title":"被告","value":"顏敬殷"}]}
