{"court":"臺灣澎湖地方法院","date":"2018-08-30T00:00:00+08:00","no":"107,馬簡,165","sys":"刑事","reason":"竊盜","judgement":"臺灣澎湖地方法院刑事簡易判決　　　　107年度馬簡字第165號\r\n聲　請　人　臺灣澎湖地方檢察署檢察官\r\n被　　　告　楊根壯\r\n上列被告因竊盜案件，經檢察官聲請以簡易判決處刑（107年度\r\n偵字第437號），本院判決如下：\r\n    主      文\r\n楊根壯犯竊盜罪，處拘役肆拾日，如易科罰金，以新臺幣壹仟元\r\n折算壹日。\r\n未扣案之犯罪所得新臺幣貳仟貳佰元沒收之，如全部或一部不能\r\n沒收或不宜執行沒收時，追徵其價額。\r\n    事實及理由\r\n一、本件犯罪事實、證據、應適用法條，均引用檢察官聲請簡易\r\n    判決處刑書之記載(如附件)。\r\n二、被告楊根壯所竊取之現金新臺幣2,200元尚未返還或賠償被\r\n    害人，爰依刑法第38條之1第1項規定宣告沒收，如全部或一\r\n    部不能沒收或不宜執行沒收時，依刑法第38條之1第3項之規\r\n    定，追徵其價額。\r\n三、依刑事訴訟法第449條第1項前段、第3項、第450條第1項、\r\n    第454條第2項，刑法第320條第1項、第41條第1項前段、第\r\n    38條之1第1項、第3項，刑法施行法第1條之1第1項、第2項\r\n    前段，逕以簡易判決處如主文所示之刑。\r\n四、如不服本判決應於收受判決後10日內向本院提出上訴書狀，\r\n    並應敘述具體理由；其未敘述上訴理由者，應於上訴期間屆\r\n    滿後20日內向本院補提理由書（均須按他造當事人之人數附\r\n    繕本）「切勿逕送上級法院」。\r\n本案經檢察官吳巡龍聲請以簡易判決處刑。\r\n中    華    民    國   107    年    8     月    30    日\r\n                  臺灣澎湖地方法院馬公簡易庭\r\n                      法  官  吳宏榮\r\n以上正本證明與原本無異。\r\n中    華    民    國   107    年    8     月    30    日\r\n                      書記官  莊心羽\r\n附錄本案論罪科刑法條全文：\r\n中華民國刑法第320條：\r\n意圖為自己或第三人不法之所有，而竊取他人之動產者，為竊盜\r\n罪，處5年以下有期徒刑、拘役或科500元以下罰金。\r\n意圖為自己或第三人不法之利益，而竊佔他人之不動產者，依前\r\n項之規定處斷。\r\n前二項之未遂犯罰之。","type":"判決","historyHash":"","mainText":"楊根壯犯竊盜罪，處拘役肆拾日，如易科罰金，以新臺幣壹仟元折算壹日。\n未扣案之犯罪所得新臺幣貳仟貳佰元沒收之，如全部或一部不能沒收或不宜執行沒收時，追徵其價額。","opinion":"","relatedIssues":[{"lawName":"中華民國刑法","issueRef":"38-1 1"},{"lawName":"中華民國刑法","issueRef":"38-1 1"},{"lawName":"中華民國刑法","issueRef":"38-1 3"},{"lawName":"中華民國刑法","issueRef":"38-1 3"},{"lawName":"中華民國刑法","issueRef":"41 1"},{"lawName":"中華民國刑法","issueRef":"320"},{"lawName":"中華民國刑法","issueRef":"320 1"},{"lawName":"中華民國刑法施行法","issueRef":"1-1 1"},{"lawName":"中華民國刑法施行法","issueRef":"1-1 2"},{"lawName":"刑事訴訟法","issueRef":"449 1"},{"lawName":"刑事訴訟法","issueRef":"449 3"},{"lawName":"刑事訴訟法","issueRef":"450 1"},{"lawName":"刑事訴訟法","issueRef":"454 2"}],"party":[{"group":["plaintiff"],"title":"聲請人","value":"臺灣澎湖地方檢察署檢察官"},{"group":["defendant"],"title":"被告","value":"楊根壯"}]}
