{"court":"臺灣澎湖地方法院","date":"2017-01-04T00:00:00+08:00","no":"105,聲,81","sys":"刑事","reason":"定應執行刑","judgement":"臺灣澎湖地方法院刑事裁定　　　　　　　 105年度聲字第81號\r\n聲　請　人　臺灣澎湖地方法院檢察署檢察官\r\n受　刑　人　曾昱騰\r\n上列聲請人因受刑人數罪併罰有二裁判以上，聲請定其應執行之\r\n刑（105年度執聲字第45號），本院裁定如下：\r\n    主  文\r\n曾昱騰所犯如附表所示之罪，應執行有期徒刑玖年肆月。\r\n    理  由\r\n一、聲請意旨略以：受刑人曾昱騰因違反毒品危害防制條例等罪\r\n    ，先後經判決確定如附表所示，應依刑法第53條、第51條第\r\n    5款等規定，定其應執行之刑，爰依刑事訴訟法第477條第1\r\n    項聲請裁定等語。\r\n二、按裁判確定前犯數罪者，併合處罰之；數罪併罰，有二裁判\r\n    以上者，依第51條之規定，定其應執行之刑，刑法第50條第\r\n    1項前段、第53條分別定有明文。經查，受刑人曾昱騰因違\r\n    反毒品危害防制條例等案件，先後經判處如附表所示之罪刑\r\n    ，並分別確定在案，其中附表編號1、2所示之罪刑曾經臺灣\r\n    高等法院以104年度聲字第2860號裁定定應執行有期徒刑9年\r\n    ，此有臺灣高等法院被告前案紀錄表、各該刑事判決書等在\r\n    卷可稽，本件聲請，核屬正當，爰定其應執行之刑。\r\n三、受刑人所犯如附表編號1所示之罪，其偵查（自訴）機關年\r\n    度案號應為「桃園地檢100年度偵字第27858號、101年度偵\r\n    字第1097、1098、2231號」；編號2所示之罪，其犯罪日期\r\n    、偵查（自訴）機關年度案號應分別為「101.05.08～101.\r\n    07.22」「桃園地檢101年度偵字第14595號、102年度偵字第\r\n    4294號」；編號3所示之罪，其犯罪日期應為「101.08.01～\r\n    102.03.13」，有各該判決書附卷可參，原聲請書附表誤載\r\n    、漏載之處，應予更正及補充，併此敘明。\r\n四、依刑事訴訟法第477條第1項，刑法第53條、第51條第5款，\r\n    裁定如主文。\r\n中    華    民    國   106    年    1     月    4     日\r\n                        刑事庭  法  官  倪霈棻\r\n\r\n以上正本證明與原本無異。\r\n如不服本裁定，應於送達後5日內，向本院提出抗告狀（須附繕\r\n本）。\r\n\r\n中    華    民    國   106    年    1     月    4     日\r\n                                書記官  胡湘筠","type":"裁定","historyHash":"","mainText":"曾昱騰所犯如附表所示之罪，應執行有期徒刑玖年肆月。","opinion":"二、按裁判確定前犯數罪者，併合處罰之；數罪併罰，有二裁判以上者，依第51條之規定，定其應執行之刑，刑法第50條第1項前段、第53條分別定有明文。經查，受刑人曾昱騰因違反毒品危害防制條例等案件，先後經判處如附表所示之罪刑，並分別確定在案，其中附表編號1、2所示之罪刑曾經臺灣高等法院以104年度聲字第2860號裁定定應執行有期徒刑9年，此有臺灣高等法院被告前案紀錄表、各該刑事判決書等在卷可稽，本件聲請，核屬正當，爰定其應執行之刑。\n三、受刑人所犯如附表編號1所示之罪，其偵查（自訴）機關年度案號應為「桃園地檢100年度偵字第27858號、101年度偵字第1097、1098、2231號」；編號2所示之罪，其犯罪日期、偵查（自訴）機關年度案號應分別為「101.05.08～101.07.22」「桃園地檢101年度偵字第14595號、102年度偵字第4294號」；編號3所示之罪，其犯罪日期應為「101.08.01～102.03.13」，有各該判決書附卷可參，原聲請書附表誤載、漏載之處，應予更正及補充，併此敘明。\n四、依刑事訴訟法第477條第1項，刑法第53條、第51條第5款，裁定如主文。","relatedIssues":[{"lawName":"中華民國刑法","issueRef":"50 1"},{"lawName":"中華民國刑法","issueRef":"51 1 5"},{"lawName":"中華民國刑法","issueRef":"51 1 5"},{"lawName":"中華民國刑法","issueRef":"53"},{"lawName":"中華民國刑法","issueRef":"53"},{"lawName":"中華民國刑法","issueRef":"53"},{"lawName":"刑事訴訟法","issueRef":"477 1"},{"lawName":"刑事訴訟法","issueRef":"477 1"}],"party":[{"group":["plaintiff"],"title":"聲請人","value":"臺灣澎湖地方法院檢察署檢察官"},{"group":["defendant"],"title":"受刑人","value":"曾昱騰"}]}
