{"court":"臺灣澎湖地方法院","date":"2017-07-28T00:00:00+08:00","no":"105,交簡,3","sys":"刑事","reason":"過失致死","judgement":"臺灣澎湖地方法院刑事簡易判決　　　　　105年度交簡字第3號\r\n公　訴　人　臺灣澎湖地方法院檢察署檢察官\r\n被　　　告　鄭森穗\r\n上列被告因過失致死等案件，經檢察官提起公訴（105年度偵字\r\n第124、203號），本院訊問被告後，被告自白犯罪，經本院改以\r\n簡易判決處刑，判決如下：\r\n    主  文\r\n鄭森穗犯過失致人於死罪，處有期徒刑伍月，如易科罰金，以新\r\n臺幣壹仟元折算壹日。緩刑參年。\r\n    事實及理由\r\n一、本案犯罪事實及證據，除事實欄二、應更正為「案經陳○○\r\n    及楊○○訴由澎湖縣政府警察局馬公分局報告臺灣澎湖地方\r\n    法院檢察署檢察官暨該署檢察官自動檢舉簽分偵查起訴」；\r\n    證據部分補充「被告鄭森穗於民國105年10月3日本院準備程\r\n    序時所為自白」及起訴書附錄法條欄誤引為刑法第277條條\r\n    文，應更正如下述附錄本案論罪科刑法條全文欄所示之刑法\r\n    第276條第1項及同法第284條第1項之條文外，其餘均引用檢\r\n    察官起訴書所載（如附件）。\r\n二、核被告所為，係犯刑法第276條第1項之過失致死罪、同法第\r\n    284條第1項前段過失傷害罪。被告以一過失行為同時觸犯上\r\n    揭過失致人於死罪、過失傷害罪，為想像競合犯，應依刑法\r\n    第55條之規定，從一重之過失致人於死罪論處。而被告肇事\r\n    後，在未被有偵查犯罪職權之公務員發覺前，向前往現場處\r\n    理車禍之警員坦承為肇事者並願接受裁判等情，此有澎湖縣\r\n    政府警察局馬公分局道路交通事故肇事人自首情形紀錄表附\r\n    卷可查（見相驗卷第50頁），符合刑法第62條前段自首之規\r\n    定，爰依法減輕其刑。爰審酌被告因一時疏失釀成本件道路\r\n    交通事故，使告訴人陳○○受有左小腿脛腓骨幹粉碎性骨折\r\n    之傷害、被害人楊○○因而死亡，造成被害人家屬精神上莫\r\n    大之創傷與無可挽回之遺憾，行為實有非當，惟念及被告業\r\n    與告訴人及被害人家屬達成和解並賠償損失，暨考量被告犯\r\n    後主動坦認犯行，尚有悔意，且除本件犯行外，尚無其他經\r\n    法院判處罪刑宣告之前科紀錄，有臺灣高等法院被告前案紀\r\n    錄表1份在卷可查（見本院卷第15頁），素行良好，兼衡其\r\n    自陳大學畢業之智識程度、家庭經濟狀況勉持之生活狀況（\r\n    見被告警詢筆錄受詢問人欄）、過失之程度及檢察官請求依\r\n    法審酌之求刑意見等一切情狀，量處如主文所示之刑，並諭\r\n    知易科罰金折算標準，以示懲儆。\r\n三、末查被告未曾因故意犯罪受有期徒刑以上刑之宣告，業如前\r\n    述，其因一時疏失，偶罹刑典，事後已坦承犯行，且已與告\r\n    訴人陳○○和解，並已為相關賠償壹拾伍萬，有和解書一紙\r\n    及本院106年2月23日公務電話記錄在卷可稽（見臺灣澎湖地\r\n    方法院檢察署105年度偵字第124號偵查卷，下稱偵卷，第72\r\n    頁及本院卷第43頁），而告訴人即被害人楊○○之子楊○○\r\n    亦曾於偵查中表示：我們僅要求強制責任險的部分就好；被\r\n    害人楊○○之家屬經過討論後決定願意原諒被告；伊同意給\r\n    被告緩刑等語，並亦有表示：其有代表全家出面和解並簽立\r\n    和解書，和解全部內容為強制責任保險200萬元理賠，被害\r\n    人楊○○之家屬都認為可以給予被告緩刑之機會等語，有\r\n    105年4月28日檢察官訊問筆錄及本院106年7月28日公務電話\r\n    記錄在卷可憑（見偵卷第19頁至第21頁及本院卷第53頁），\r\n    且相關強制責任險理賠金業已給付與被害人楊○○之家屬，\r\n    有國泰世紀產物保險股份有限公司保險理賠證明在卷可佐（\r\n    見本院卷第49頁），本院認被告經此刑之宣告後，應知警惕\r\n    而無再犯之虞，因認暫不執行其刑為當，予以宣告緩刑3年\r\n    ，以勵自新。\r\n四、依刑事訴訟法第449條第2項、第3項、第454條第2項，刑法\r\n    第276條第1項、第284條第1項前段、第55條、第62條前段、\r\n    第41條第1項前段、第74條第1項第1款，刑法施行法第1條之\r\n    1，逕以簡易判決處刑如主文。\r\n\r\n中    華    民    國   106    年    7     月    28    日\r\n                        刑事庭  法  官  陳炫谷\r\n以上正本證明與原本無異。\r\n如不服本判決，應於收受判決後10日內向本院提出上訴書狀，並\r\n應敘述具體理由；其未敘述上訴理由者，應於上訴期間屆滿後20\r\n日內向本院補提理由書(均須按他造當事人之人數附繕本)。\r\n中    華    民    國   106    年    7     月    28    日\r\n                                書記官  許致愷\r\n\r\n附錄本案論罪科刑法條全文：\r\n中華民國刑法第276條第1項\r\n因過失致人於死者，處二年以下有期徒刑、拘役或二千元以下罰\r\n金。\r\n中華民國刑法第284條第1項\r\n因過失傷害人者，處六月以下有期徒刑、拘役或五百元以下罰金\r\n，致重傷者，處一年以下有期徒刑、拘役或五百元以下罰金。","type":"判決","historyHash":"","mainText":"鄭森穗犯過失致人於死罪，處有期徒刑伍月，如易科罰金，以新臺幣壹仟元折算壹日。緩刑參年。","opinion":"","relatedIssues":[{"lawName":"中華民國刑法","issueRef":"41 1"},{"lawName":"中華民國刑法","issueRef":"55"},{"lawName":"中華民國刑法","issueRef":"55"},{"lawName":"中華民國刑法","issueRef":"62"},{"lawName":"中華民國刑法","issueRef":"62"},{"lawName":"中華民國刑法","issueRef":"74 1 1"},{"lawName":"中華民國刑法","issueRef":"276 1"},{"lawName":"中華民國刑法","issueRef":"276 1"},{"lawName":"中華民國刑法","issueRef":"276 1"},{"lawName":"中華民國刑法","issueRef":"276 1"},{"lawName":"中華民國刑法","issueRef":"277"},{"lawName":"中華民國刑法","issueRef":"284 1"},{"lawName":"中華民國刑法","issueRef":"284 1"},{"lawName":"中華民國刑法","issueRef":"284 1"},{"lawName":"中華民國刑法","issueRef":"284 1"},{"lawName":"中華民國刑法施行法","issueRef":"1-1"},{"lawName":"刑事訴訟法","issueRef":"449 2"},{"lawName":"刑事訴訟法","issueRef":"449 3"},{"lawName":"刑事訴訟法","issueRef":"454 2"}],"party":[{"group":["plaintiff"],"title":"公訴人","value":"臺灣澎湖地方法院檢察署檢察官"},{"group":["defendant"],"title":"被告","value":"鄭森穗"}]}
