{"court":"臺灣澎湖地方法院","date":"2011-07-13T00:00:00+08:00","no":"100,聲,51","sys":"刑事","reason":"聲請假釋期中交付保護管束","judgement":"臺灣澎湖地方法院刑事裁定　　　　　　　 100年度聲字第51號\r\n聲　請　人　臺灣澎湖地方法院檢察署檢察官\r\n受　刑　人　王榮皆\r\n上列受刑人因聲請假釋期中交付保護管束案件，聲請人聲請付保\r\n護管束，本院裁定如下：\r\n    主  文\r\n王榮皆假釋中付保護管束。\r\n    理  由\r\n聲請意旨略以：受刑人王榮皆前犯毒品危害防制條例罪，經臺灣\r\n澎湖地方法院判處有期徒刑8年1月確定後移送執行。茲聲請人以\r\n受刑人業經法務部於民國100年7月8日核准假釋，而刑期終了期\r\n日為民國103年6月6日，聲請於其假釋中付保護管束等情。本院\r\n審核有關文件，認聲請為正當，爰依刑事訴訟法第481條第1項、\r\n刑法第93條第2項、第96條但書，裁定如主文。\r\n中    華    民    國   100    年    7     月    13    日\r\n                        刑事庭  法  官  李宛玲\r\n以上正本證明與原本無異。\r\n如不服本裁定應於送達後5日內向本院提出抗告狀。\r\n中    華    民    國   100    年    7     月    13    日\r\n                                書記官  劉竹苞","type":"裁定","historyHash":"","mainText":"王榮皆假釋中付保護管束。","opinion":"理  由\n聲請意旨略以：受刑人王榮皆前犯毒品危害防制條例罪，經臺灣澎湖地方法院判處有期徒刑8年1月確定後移送執行。茲聲請人以受刑人業經法務部於民國100年7月8日核准假釋，而刑期終了期日為民國103年6月6日，聲請於其假釋中付保護管束等情。本院審核有關文件，認聲請為正當，爰依刑事訴訟法第481條第1項、刑法第93條第2項、第96條但書，裁定如主文。","relatedIssues":[{"lawName":"中華民國刑法","issueRef":"93 2"},{"lawName":"中華民國刑法","issueRef":"96"},{"lawName":"刑事訴訟法","issueRef":"481 1"}],"party":[{"group":["plaintiff"],"title":"聲請人","value":"臺灣澎湖地方法院檢察署檢察官"},{"group":["defendant"],"title":"受刑人","value":"王榮皆"}]}
