{"court":"臺灣澎湖地方法院","date":"2014-04-24T00:00:00+08:00","no":"103,馬交簡,34","sys":"刑事","reason":"公共危險","judgement":"臺灣澎湖地方法院刑事簡易判決　　　 103年度馬交簡字第34號\r\n聲　請　人　臺灣澎湖地方法院檢察署檢察官\r\n被　　　告　王順和\r\n上列被告因公共危險案件，經檢察官聲請以簡易判決處刑（103\r\n年度速偵字第51號），本院判決如下：\r\n    主      文\r\n王順和吐氣所含酒精濃度達每公升零點二五毫克以上駕駛動力交\r\n通工具，處有期徒刑肆月，如易科罰金，以新臺幣壹仟元折算壹\r\n日。\r\n    事實及理由\r\n一、本件犯罪事實、證據、應適用法條，除犯罪事實欄第4、5行\r\n    關於「明知已不能安全駕駛動力交通工具」之記載應更正為\r\n    「知其吐氣所含酒精濃度達每公升0.25毫克以上」外，其餘\r\n    均引用檢察官聲請簡易判決處刑書之記載(如附件)。\r\n二、依刑事訴訟法第449條第1項前段、第454條第2項，刑法第18\r\n    5條之3第1項第1款、第41條第1項前段，刑法施行法第1條之\r\n    1，逕以簡易判決處如主文所示之刑。\r\n三、如不服本判決應於收受判決後10日內向本院提出上訴書狀，\r\n    並應敘述具體理由；其未敘述上訴理由者，應於上訴期間屆\r\n    滿後20日內向本院補提理由書（均須按他造當事人之人數附\r\n    繕本）「切勿逕送上級法院」。\r\n中    華    民    國   103    年    4     月    24    日\r\n                  臺灣澎湖地方法院馬公簡易庭\r\n                      法  官  陳炫谷\r\n以上正本證明與原本無異。\r\n中    華    民    國   103    年    4     月    24    日\r\n                      書記官  林德盛\r\n附錄本案論罪科刑法條全文：\r\n刑法第185條之3：\r\n駕駛動力交通工具而有下列情形之一者，處2年以下有期徒刑，\r\n得併科20萬元以下罰金：\r\n一、吐氣所含酒精濃度達每公升0.25毫克或血液中酒精濃度達\r\n    0.05%以上。\r\n二、有前款以外之其他情事足認服用酒類或其他相類之物，致不\r\n    能安全駕駛。\r\n三、服用毒品、麻醉藥品或其他相類之物，致不能安全駕駛。\r\n因而致人於死者，處3年以上10年以下有期徒刑；致重傷者，處1\r\n年以上7年以下有期徒刑。","type":"判決","historyHash":"","mainText":"王順和吐氣所含酒精濃度達每公升零點二五毫克以上駕駛動力交通工具，處有期徒刑肆月，如易科罰金，以新臺幣壹仟元折算壹日。","opinion":"","relatedIssues":[{"lawName":"中華民國刑法","issueRef":"41 1"},{"lawName":"中華民國刑法","issueRef":"185-3"},{"lawName":"中華民國刑法","issueRef":"185-3 1 1"},{"lawName":"中華民國刑法施行法","issueRef":"1-1"},{"lawName":"刑事訴訟法","issueRef":"449 1"},{"lawName":"刑事訴訟法","issueRef":"454 2"}],"party":[{"group":["plaintiff"],"title":"聲請人","value":"臺灣澎湖地方法院檢察署檢察官"},{"group":["defendant"],"title":"被告","value":"王順和"}]}
