{"court":"臺灣澎湖地方法院","date":"2011-12-29T00:00:00+08:00","no":"100,訴,43","sys":"刑事","reason":"毒品危害防制條例","judgement":"臺灣澎湖地方法院刑事裁定　　　　　　　 100年度訴字第43號\r\n公　訴　人　臺灣澎湖地方法院檢察署檢察官\r\n被　　　告　王芳田\r\n指定辯護人　本院公設辯護人張寅煥\r\n上列被告因違反毒品危害防制條例案件，經檢察官提起公訴，本\r\n院裁定如下：\r\n    主  文\r\n王芳田自民國一○一年一月三日起延長羈押貳月。\r\n    理  由\r\n本件被告因違反毒品危害防制條例案件，經本院認有刑事訴訟法\r\n第101條第1項第1款、第3款之情形而有羈押必要，於民國 100年\r\n10月 3日執行羈押。茲本院認前項原因依然存在，仍有繼續羈押\r\n之必要，應自民國101年1月3日起延長羈押2月。爰依刑事訴訟法\r\n第108條第1項，裁定如主文。\r\n中    華    民    國   100    年    12    月    29    日\r\n                  刑事庭  審判長法  官  陳順輝\r\n                                法  官  蔡政佑\r\n                                法  官  孫健智\r\n以上正本證明與原本無異。\r\n如不服本裁定應於送達後5日內向本院提出抗告狀。\r\n中    華    民    國   100    年    12    月    29    日\r\n                                書記官  劉竹苞","type":"裁定","historyHash":"","mainText":"王芳田自民國一○一年一月三日起延長羈押貳月。","opinion":"理  由\n本件被告因違反毒品危害防制條例案件，經本院認有刑事訴訟法第101條第1項第1款、第3款之情形而有羈押必要，於民國 100年10月 3日執行羈押。茲本院認前項原因依然存在，仍有繼續羈押之必要，應自民國101年1月3日起延長羈押2月。爰依刑事訴訟法第108條第1項，裁定如主文。","relatedIssues":[{"lawName":"刑事訴訟法","issueRef":"101 1 1"},{"lawName":"刑事訴訟法","issueRef":"101 1 3"},{"lawName":"刑事訴訟法","issueRef":"108 1"}],"party":[{"group":["plaintiff"],"title":"公訴人","value":"臺灣澎湖地方法院檢察署檢察官"},{"group":["defendant"],"title":"被告","value":"王芳田"},{"group":["defendant","agentAdLitem","lawyer"],"title":"指定辯護人","value":"本院公設辯護人張寅煥"}]}
