{"court":"臺灣澎湖地方法院","date":"2011-09-26T00:00:00+08:00","no":"100,馬簡,170","sys":"刑事","reason":"違反漁業法","judgement":"臺灣澎湖地方法院刑事簡易判決　　　　100年度馬簡字第170號\r\n聲　請　人　臺灣澎湖地方法院檢察署檢察官\r\n被　　　告　陳德源\r\n上列被告因違反漁業法案件，經檢察官聲請以簡易判決處刑（\r\n100年度偵字第464號）本院判決如下：\r\n    主      文\r\n陳德源違反採捕水產動物，不得使用毒物之規定，處有期徒刑伍\r\n月，如易科罰金，以新臺幣壹仟元折算壹日，扣案氰化鈉壹點參\r\n公斤沒收。\r\n    事實及理由\r\n一、本件犯罪事實、證據、應適用法條，除被告犯罪時間應更正\r\n    為100年5月上旬之不詳時間、刑案現場照片張數應更正為4\r\n    張外，另補充扣案之漁網袋1個、撈魚網具2隻、塑膠桶1個\r\n    雖係被告所有之物，但非供本件犯罪所用，業據被告供承在\r\n    卷，爰不併予宣告沒收，附此敘明。其餘均引用檢察官聲請\r\n    簡易判決處刑書之記載（如附件）。\r\n二、依刑事訴訟法第449條第1項前段、第450條第1項、第454條\r\n    第2項，漁業法第60條第1項，刑法第11條前段、第41條第1\r\n    項前段、第38條第1項第2款，逕以簡易判決如主文。\r\n中    華    民    國   100    年    9     月    26    日\r\n                  臺灣澎湖地方法院馬公簡易庭\r\n                      法  官  鍾孟容\r\n以上正本證明與原本無異。\r\n如不服本判決應於收受判決後10日內向本院提出上訴書狀，並應\r\n敘述具體理由；其未敘述上訴理由者，應於上訴期間屆滿後20日\r\n內向本院補提理由書(均須按他造當事人之人數附繕本)「切勿逕\r\n送上級法院」。\r\n中    華    民    國   100    年    9     月    26    日\r\n                      書記官  林長義\r\n附錄本案論罪科刑法條全文：\r\n漁業法第48條第1項第3款：\r\n採捕水產動植物，不得以左列方法為之：\r\n一、使用毒物。\r\n漁業法第60條第1項：\r\n違反第48條第1項各款規定之一者，處5年以下有期徒刑、拘役或\r\n併科新臺幣15萬元以下罰金。","type":"判決","historyHash":"64563488b39ce9e954f862d60585d91e","mainText":"陳德源違反採捕水產動物，不得使用毒物之規定，處有期徒刑伍月，如易科罰金，以新臺幣壹仟元折算壹日，扣案氰化鈉壹點參公斤沒收。","opinion":"","relatedIssues":[{"lawName":"中華民國刑法","issueRef":"11"},{"lawName":"中華民國刑法","issueRef":"38 1 2"},{"lawName":"中華民國刑法","issueRef":"41 1"},{"lawName":"刑事訴訟法","issueRef":"449 1"},{"lawName":"刑事訴訟法","issueRef":"450 1"},{"lawName":"刑事訴訟法","issueRef":"454 2"},{"lawName":"漁業法","issueRef":"48 1 3"},{"lawName":"漁業法","issueRef":"60 1"},{"lawName":"漁業法","issueRef":"60 1"}],"party":[{"group":["plaintiff"],"title":"聲請人","value":"臺灣澎湖地方法院檢察署檢察官"},{"group":["defendant"],"title":"被告","value":"陳德源"}]}
