{"court":"臺灣澎湖地方法院","date":"2013-07-17T00:00:00+08:00","no":"102,訴,29","sys":"刑事","reason":"毒品危害防制條例","judgement":"臺灣澎湖地方法院刑事判決　　　　　　　 102年度訴字第29號\r\n公　訴　人　臺灣澎湖地方法院檢察署檢察官\r\n被　　　告　顏再國\r\n上列被告因毒品危害防制條例案件，經檢察官提起公訴（102 年\r\n度毒偵字第17號）後，聲請改依協商程序而為判決，本院判決如\r\n下：\r\n    主  文\r\n顏再國施用第一級毒品，處有期徒刑陸月，如易科罰金，以新臺\r\n幣壹仟元折算壹日。\r\n    事實及理由\r\n一、本案犯罪事實、證據及應適用之法條，除證據部分補充「被\r\n    告顏再國於本院行準備程序時之自白」外，餘均引用檢察官\r\n    起訴書之記載（如附件）。\r\n二、本件經檢察官與被告於審判外達成協商之合意且被告已認罪\r\n    ，其合意內容為：被告願受有期徒刑6 月之處罰。經查，上\r\n    開協商合意並無刑事訴訟法第455 條之4 第1 項所列情形之\r\n    一，檢察官聲請改依協商程序而為判決，本院爰不經言詞辯\r\n    論，於協商合意範圍內為協商判決。\r\n三、依刑事訴訟法第455條之4第2項、第455條之8、第454 條第2\r\n    項，毒品危害防制條例第10條第1項，刑法第11條前段、第\r\n    41條第1項前段，判決如主文。\r\n四、本判決除有刑事訴訟法第455條之4第1項第1款、第2款、第4\r\n    款、第6款、第7款所定情形之一，或違反同條第2項規定者\r\n    外，不得上訴。\r\n本案經檢察官何采蓉到庭執行職務\r\n\r\n中    華    民    國   102    年    7     月    17    日\r\n\r\n                        刑事庭  法  官  蔡政佑\r\n以上正本證明與原本無異。\r\n本判決除有刑事訴訟法第455條之4第1項第1款、第2款、第4款、\r\n第6款、第7款所定情形之一，或違反同條第2 款規定者外，不得\r\n上訴。\r\n如有得上訴之情形，應於收受判決後10日內向本院提出上訴書狀\r\n，並應敘述具體理由；其未敘述上訴理由者，應於上訴期間屆滿\r\n後20日內向本院補提理由書（均須按他造當事人之人數附繕本）\r\n「切勿逕送上級法院」。\r\n中    華    民    國    102    年    7    月    17    日\r\n\r\n                                書記官  莊茹茵\r\n附錄本案論罪科刑法條全文：\r\n毒品危害防制條例第10條：\r\n施用第一級毒品者，處6月以上5年以下有期徒刑。","type":"判決","historyHash":"","mainText":"顏再國施用第一級毒品，處有期徒刑陸月，如易科罰金，以新臺幣壹仟元折算壹日。","opinion":"二、本件經檢察官與被告於審判外達成協商之合意且被告已認罪，其合意內容為：被告願受有期徒刑6 月之處罰。經查，上開協商合意並無刑事訴訟法第455 條之4 第1 項所列情形之一，檢察官聲請改依協商程序而為判決，本院爰不經言詞辯論，於協商合意範圍內為協商判決。\n三、依刑事訴訟法第455條之4第2項、第455條之8、第454 條第2項，毒品危害防制條例第10條第1項，刑法第11條前段、第41條第1項前段，判決如主文。\n四、本判決除有刑事訴訟法第455條之4第1項第1款、第2款、第4款、第6款、第7款所定情形之一，或違反同條第2項規定者外，不得上訴。\n本案經檢察官何采蓉到庭執行職務","relatedIssues":[{"lawName":"中華民國刑法","issueRef":"11"},{"lawName":"中華民國刑法","issueRef":"41 1"},{"lawName":"刑事訴訟法","issueRef":"454 2"},{"lawName":"刑事訴訟法","issueRef":"455-4 1"},{"lawName":"刑事訴訟法","issueRef":"455-4 1 1"},{"lawName":"刑事訴訟法","issueRef":"455-4 1 1"},{"lawName":"刑事訴訟法","issueRef":"455-4 1 2"},{"lawName":"刑事訴訟法","issueRef":"455-4 1 2"},{"lawName":"刑事訴訟法","issueRef":"455-4 1 2"},{"lawName":"刑事訴訟法","issueRef":"455-4 1 4"},{"lawName":"刑事訴訟法","issueRef":"455-4 1 4"},{"lawName":"刑事訴訟法","issueRef":"455-4 1 6"},{"lawName":"刑事訴訟法","issueRef":"455-4 1 6"},{"lawName":"刑事訴訟法","issueRef":"455-4 1 7"},{"lawName":"刑事訴訟法","issueRef":"455-4 1 7"},{"lawName":"刑事訴訟法","issueRef":"455-4 2"},{"lawName":"刑事訴訟法","issueRef":"455-4 2"},{"lawName":"刑事訴訟法","issueRef":"455-8"},{"lawName":"毒品危害防制條例","issueRef":"10"},{"lawName":"毒品危害防制條例","issueRef":"10 1"}],"party":[{"group":["plaintiff"],"title":"公訴人","value":"臺灣澎湖地方法院檢察署檢察官"},{"group":["defendant"],"title":"被告","value":"顏再國"}]}
