{"court":"臺灣澎湖地方法院","date":"2014-01-27T00:00:00+08:00","no":"102,馬簡,149","sys":"刑事","reason":"賭博","judgement":"臺灣澎湖地方法院刑事簡易判決　　　　102年度馬簡字第149號\r\n聲　請　人　臺灣澎湖地方法院檢察署檢察官\r\n被　　　告　洪素葉\r\n　　　　　　陳興竪\r\n　　　　　　胡清川\r\n上列被告等因賭博案件，經檢察官聲請以簡易判決處刑（102年\r\n度偵字第380號），本院判決如下：\r\n    主      文\r\n洪素葉、陳興竪、胡清川共同意圖營利，聚眾賭博，洪素葉處有\r\n期徒刑伍月，陳興竪處有期徒刑參月，胡清川處有期徒刑貳月，\r\n如易科罰金，各以新臺幣壹仟元折算壹日。扣案瓷碗貳個、天九\r\n牌拾副（含已開封壹副、未開封玖副）、骰子拾陸顆、抽頭金新\r\n臺幣柒仟玖佰元、日曆壹本、行事曆紙捌張、監視器主機壹臺、\r\n監視鏡頭柒支均沒收。\r\n    事實及理由\r\n一、本件犯罪事實、證據、應適用法條，除犯罪事實欄第一段第\r\n    8行「胡清川......、紀政男」部分，應更正為「胡清川則\r\n    負責於102年6月11日20時許招攬賭客陳國勇」及應適用法條\r\n    欄應補充記載：「被告洪素葉、陳興竪自101年12 月1日起\r\n    至102年6月11日為警查獲止，多次供給賭博場所及聚眾賭博\r\n    之複次行為，均係基於同一營利之意圖而於密接時、地持續\r\n    實行，依社會通念，客觀上認符合一反覆、延續性之行為觀\r\n    念，於刑法評價上，應各論以集合犯之一罪。」外，其餘均\r\n    引用檢察官聲請簡易判決處刑書之記載(如附件)。\r\n二、依刑事訴訟法第449條第1項前段、第450條第1項、第454條\r\n    第2項，刑法第28條、第268條、第55條、第41條第1項前段\r\n    、第38條第1項第2款、第3款，刑法施行法第1條之1，逕以\r\n    簡易判決處如主文所示之刑。\r\n三、如不服本判決應於收受判決後10日內向本院提出上訴書狀，\r\n    並應敘述具體理由；其未敘述上訴理由者，應於上訴期間屆\r\n    滿後20日內向本院補提理由書（均須按他造當事人之人數附\r\n    繕本）「切勿逕送上級法院」。\r\n中    華    民    國   103    年    1     月    27    日\r\n                  臺灣澎湖地方法院馬公簡易庭\r\n                      法  官  陳炫谷\r\n以上正本證明與原本無異。\r\n中    華    民    國   103    年    1     月    27    日\r\n                      書記官  林德盛\r\n附錄本案所犯法條全文：\r\n中華民國刑法第268條：\r\n意圖營利，供給賭博場所或聚眾賭博者，處3年以下有期徒刑，\r\n得併科3千元以下罰金。","type":"判決","historyHash":"aa7cf70b1924e924eb99a65ee897ed6c","mainText":"洪素葉、陳興竪、胡清川共同意圖營利，聚眾賭博，洪素葉處有期徒刑伍月，陳興竪處有期徒刑參月，胡清川處有期徒刑貳月，如易科罰金，各以新臺幣壹仟元折算壹日。扣案瓷碗貳個、天九牌拾副（含已開封壹副、未開封玖副）、骰子拾陸顆、抽頭金新臺幣柒仟玖佰元、日曆壹本、行事曆紙捌張、監視器主機壹臺、監視鏡頭柒支均沒收。","opinion":"","relatedIssues":[{"lawName":"中華民國刑法","issueRef":"28"},{"lawName":"中華民國刑法","issueRef":"38 1 2"},{"lawName":"中華民國刑法","issueRef":"38 1 3"},{"lawName":"中華民國刑法","issueRef":"41 1"},{"lawName":"中華民國刑法","issueRef":"55"},{"lawName":"中華民國刑法","issueRef":"268"},{"lawName":"中華民國刑法","issueRef":"268"},{"lawName":"中華民國刑法施行法","issueRef":"1-1"},{"lawName":"刑事訴訟法","issueRef":"449 1"},{"lawName":"刑事訴訟法","issueRef":"450 1"},{"lawName":"刑事訴訟法","issueRef":"454 2"}],"party":[{"group":["plaintiff"],"title":"聲請人","value":"臺灣澎湖地方法院檢察署檢察官"},{"group":["defendant"],"title":"被告","value":"洪素葉"},{"group":["defendant"],"title":"被告","value":"陳興竪"},{"group":["defendant"],"title":"被告","value":"胡清川"}]}
