{"court":"臺灣澎湖地方法院","date":"2012-05-22T00:00:00+08:00","no":"101,聲,39","sys":"刑事","reason":"定應執行刑","judgement":"臺灣澎湖地方法院刑事裁定　　　　　　　 101年度聲字第39號\r\n聲　請　人　臺灣澎湖地方法院檢察署檢察官\r\n受　刑　人　李午勝\r\n上列聲請人因受刑人數罪併罰有二裁判以上，聲請定其應執行之\r\n刑（101年度執字第91號），本院裁定如下：\r\n    主  文\r\n李午勝所處如附表所示之有期徒刑，應執行有期徒刑拾月，如易\r\n科罰金，以新臺幣壹仟元折算壹日。\r\n    理  由\r\n一、聲請意旨略以：受刑人李午勝因犯竊盜等罪，先後經判決確\r\n    定如附表，應依刑法第53條及第51條第5 款，定其應執行之\r\n    刑，爰依刑事訴訟法第477 條第1 項聲請裁定等語。\r\n二、按二裁判以上所宣告之數罪，均在裁判確定前所犯者，應依\r\n    刑法第51條之規定，定其應執行之刑；又數罪併罰，分別宣\r\n    告其罪之刑，宣告多數有期徒刑者，於各刑中之最長期以上\r\n    ，各刑合併之刑期以下，定其刑期，但不得逾30年，刑法第\r\n    53條、第51條第5 款分別定有明文。次按犯最重本刑為5 年\r\n    以下有期徒刑以下之刑之罪，而受6 月以下有期徒刑或拘役\r\n    之宣告者，得以新臺幣（下同）1,000元、2,000元或3,000\r\n    元折算1 日，易科罰金；第1 項至第4 項及第7 項之規定，\r\n    於數罪併罰之數罪均得易科罰金或易服社會勞動，其應執行\r\n    之刑逾6 月者，亦適用之，刑法第41條第1 項及第8 項亦定\r\n    有明文。\r\n三、復按有二裁判以上，經定其執行刑後，又與其他裁判併合而\r\n    更定其執行刑者，前定之執行刑當然失效，仍應以原來宣告\r\n    之數個刑罰計算，而不以當時該數罪所定應執行刑為計算基\r\n    準（最高法院57年度台抗字第198 號裁定可資參照）。再按\r\n    法律上屬於自由裁量之事項，須受其外部性界限及內部性界\r\n    限之拘束，而非概無法律性之拘束。法院依據法律具體規定\r\n    ，應在其範圍內為適當裁判者，為外部性界限；而法院為裁\r\n    判時，應考量所適用法律之目的，及受法律秩序之理念所指\r\n    導者，此即所謂自由裁量之內部性界限。關於定應執行之刑\r\n    ，既屬自由裁量之範圍，其應受此項內部性界限之拘束，乃\r\n    屬當然（最高法院99年度台非字第6 號判決參照）。又定應\r\n    執行之刑，由該案犯罪事實最後判決之法院之檢察官，聲請\r\n    該法院裁定之，刑事訴訟法第477 條第1 項亦有明定。\r\n四、經查：受刑人所犯如附表編號1 至10所示之罪，經本院先後\r\n    判處如附表所示之刑，均分別確定在案，此有判決書2 份及\r\n    臺灣高等法院被告前案紀錄表1 份在卷可稽。又受刑人所犯\r\n    如附表編號1 至7 、8 至10之罪，固經本院先後以101 年度\r\n    易字第2 號判決、100 年度易字第84號判決各判處應執行有\r\n    期徒刑7 月、4 月確定，然依前揭說明，前定之執行刑當然\r\n    失效，本院應以其各罪宣告刑為基礎，定其執行刑，且本院\r\n    定應執行刑，除不得逾越刑法第51條第5 款所定法律之外部\r\n    界限外，即不得重於附表編號1 至編號10所示罪刑之總和外\r\n    （有期徒刑1 年11月），亦應受內部界限之拘束，即不得重\r\n    於附表編號1 至7 所定之應執行有期徒刑7 月，加計編號8\r\n    至10所定之應執行有期徒刑4 月之總和（有期徒刑11月）。\r\n    準此，受刑人所犯如附表所示之10罪，應合併定其應執行刑\r\n    為如主文所示，並依刑法第41條第8 項、第1 項前段之規定\r\n    ，諭知易科罰金之折算標準。\r\n五、依刑事訴訟法第477條第1項，刑法第53條、第51條第5 款、\r\n    第41條第1 項前段、第8 項，裁定如主文。\r\n中    華    民    國   101    年    5     月    22    日\r\n                        刑事庭  法  官  蔡政佑\r\n以上正本證明與原本無異。\r\n如不服本裁定，應於裁定正本送達之翌日起5日內，向本院提出\r\n抗告狀。\r\n中    華    民    國   101    年    5     月    22    日\r\n                                書記官  王耀煌","type":"裁定","historyHash":"","mainText":"李午勝所處如附表所示之有期徒刑，應執行有期徒刑拾月，如易科罰金，以新臺幣壹仟元折算壹日。","opinion":"四、經查：受刑人所犯如附表編號1 至10所示之罪，經本院先後判處如附表所示之刑，均分別確定在案，此有判決書2 份及臺灣高等法院被告前案紀錄表1 份在卷可稽。又受刑人所犯如附表編號1 至7 、8 至10之罪，固經本院先後以101 年度易字第2 號判決、100 年度易字第84號判決各判處應執行有期徒刑7 月、4 月確定，然依前揭說明，前定之執行刑當然失效，本院應以其各罪宣告刑為基礎，定其執行刑，且本院定應執行刑，除不得逾越刑法第51條第5 款所定法律之外部界限外，即不得重於附表編號1 至編號10所示罪刑之總和外（有期徒刑1 年11月），亦應受內部界限之拘束，即不得重於附表編號1 至7 所定之應執行有期徒刑7 月，加計編號8至10所定之應執行有期徒刑4 月之總和（有期徒刑11月）。\n    準此，受刑人所犯如附表所示之10罪，應合併定其應執行刑為如主文所示，並依刑法第41條第8 項、第1 項前段之規定，諭知易科罰金之折算標準。\n五、依刑事訴訟法第477條第1項，刑法第53條、第51條第5 款、第41條第1 項前段、第8 項，裁定如主文。","relatedIssues":[{"lawName":"中華民國刑法","issueRef":"41 1"},{"lawName":"中華民國刑法","issueRef":"41 1"},{"lawName":"中華民國刑法","issueRef":"41 1"},{"lawName":"中華民國刑法","issueRef":"41 8"},{"lawName":"中華民國刑法","issueRef":"41 8"},{"lawName":"中華民國刑法","issueRef":"41 8"},{"lawName":"中華民國刑法","issueRef":"51"},{"lawName":"中華民國刑法","issueRef":"51 1 5"},{"lawName":"中華民國刑法","issueRef":"51 1 5"},{"lawName":"中華民國刑法","issueRef":"51 1 5"},{"lawName":"中華民國刑法","issueRef":"51 1 5"},{"lawName":"中華民國刑法","issueRef":"53"},{"lawName":"中華民國刑法","issueRef":"53"},{"lawName":"中華民國刑法","issueRef":"53"},{"lawName":"刑事訴訟法","issueRef":"477 1"},{"lawName":"刑事訴訟法","issueRef":"477 1"},{"lawName":"刑事訴訟法","issueRef":"477 1"}],"party":[{"group":["plaintiff"],"title":"聲請人","value":"臺灣澎湖地方法院檢察署檢察官"},{"group":["defendant"],"title":"受刑人","value":"李午勝"}]}
