{"court":"臺灣澎湖地方法院","date":"2015-09-23T00:00:00+08:00","no":"104,馬簡,102","sys":"刑事","reason":"毀棄損壞等","judgement":"臺灣澎湖地方法院刑事簡易判決　　　　104年度馬簡字第102號\r\n聲　請　人　臺灣澎湖地方法院檢察署檢察官\r\n被　　　告　辛侑庭\r\n上列被告因毀棄損壞等案件，經檢察官聲請以簡易判決處刑（\r\n104年度速偵字第367號），本院判決如下：\r\n    主      文\r\n辛侑庭犯毀損他人物品罪，累犯，處拘役貳拾日，如易科罰金，\r\n以新臺幣壹仟元折算壹日；又犯妨害公務執行罪，累犯，處拘役\r\n參拾日，如易科罰金，以新臺幣壹仟元折算壹日。應執行拘役肆\r\n拾日，如易科罰金，以新臺幣壹仟元折算壹日。\r\n    事實及理由\r\n一、本件被告辛侑庭曾因竊盜案件，經本院判處徒刑確定，於民\r\n    國103年1月15日執行完畢，此次於104年6月10日再犯本件毀\r\n    損他人物品、妨害公務執行等犯行，係徒刑執行完畢5年內\r\n    故意再犯本件有期徒刑以上之各罪，均應依刑法第47條第1\r\n    項規定，論以累犯，加重其刑。本件犯罪事實、證據、應適\r\n    用法條，除前開應補充事項外，餘均引用檢察官聲請簡易判\r\n    決處刑書之記載(如附件)。\r\n二、依刑事訴訟法第449條第1項前段、第3項、第454條第2項，\r\n    刑法第354條、第135條第1項、第47條第1項、第41條第1項\r\n    前段、第51條第6款，刑法施行法第1條之1第1項、第2項前\r\n    段，逕以簡易判決處如主文所示之刑。\r\n三、如不服本判決應於收受判決後10日內向本院提出上訴書狀，\r\n    並應敘述具體理由；其未敘述上訴理由者，應於上訴期間屆\r\n    滿後20日內向本院補提理由書（均須按他造當事人之人數附\r\n    繕本）「切勿逕送上級法院」。\r\n中    華    民    國    104    年    9    月    23    日\r\n                  臺灣澎湖地方法院馬公簡易庭\r\n                      法  官  王政揚\r\n以上正本證明與原本無異。\r\n中    華    民    國    104    年    9    月    23    日\r\n                      書記官  林德盛\r\n附錄本案論罪科刑法條全文：\r\n中華民國刑法第354條：\r\n毀棄、損壞前二條以外之他人之物或致令不堪用，足以生損害於\r\n公眾或他人者，處2年以下有期徒刑、拘役或5百元以下罰金。\r\n\r\n中華民國刑法第135條第1項：\r\n對於公務員依法執行職務時，施強暴脅迫者，處3年以下有期徒\r\n刑、拘役或3百元以下罰金。","type":"判決","historyHash":"","mainText":"辛侑庭犯毀損他人物品罪，累犯，處拘役貳拾日，如易科罰金，以新臺幣壹仟元折算壹日；又犯妨害公務執行罪，累犯，處拘役參拾日，如易科罰金，以新臺幣壹仟元折算壹日。應執行拘役肆拾日，如易科罰金，以新臺幣壹仟元折算壹日。","opinion":"","relatedIssues":[{"lawName":"中華民國刑法","issueRef":"41 1"},{"lawName":"中華民國刑法","issueRef":"47 1"},{"lawName":"中華民國刑法","issueRef":"47 1"},{"lawName":"中華民國刑法","issueRef":"51 1 6"},{"lawName":"中華民國刑法","issueRef":"135 1"},{"lawName":"中華民國刑法","issueRef":"135 1"},{"lawName":"中華民國刑法","issueRef":"354"},{"lawName":"中華民國刑法","issueRef":"354"},{"lawName":"中華民國刑法施行法","issueRef":"1-1 1"},{"lawName":"中華民國刑法施行法","issueRef":"1-1 2"},{"lawName":"刑事訴訟法","issueRef":"449 1"},{"lawName":"刑事訴訟法","issueRef":"449 3"},{"lawName":"刑事訴訟法","issueRef":"454 2"}],"party":[{"group":["plaintiff"],"title":"聲請人","value":"臺灣澎湖地方法院檢察署檢察官"},{"group":["defendant"],"title":"被告","value":"辛侑庭"}]}
