{"court":"臺灣澎湖地方法院","date":"2014-05-01T00:00:00+08:00","no":"103,馬簡,42","sys":"刑事","reason":"傷害","judgement":"臺灣澎湖地方法院刑事簡易判決　　　　 103年度馬簡字第42號\r\n聲　請　人　臺灣澎湖地方法院檢察署檢察官\r\n被　　　告　張繼佑\r\n上列被告因傷害案件，經檢察官聲請以簡易判決處刑（103年度\r\n少連偵字第7號），本院判決如下：\r\n    主      文\r\n甲○○共同犯傷害罪，處拘役伍拾日，如易科罰金，以新臺幣壹\r\n仟元折算壹日。\r\n    事實及理由\r\n一、本件犯罪事實、證據、應適用法條，均引用檢察官聲請簡易\r\n    判決處刑書之記載(如附件)。\r\n二、依刑事訴訟法第449條第1項前段、第454條第2項，刑法第28\r\n    條、第277條第1項、第41條第1項前段，刑法施行法第1條之\r\n    1，逕以簡易判決處如主文所示之刑。\r\n三、如不服本判決應於收受判決後10日內向本院提出上訴書狀，\r\n    並應敘述具體理由；其未敘述上訴理由者，應於上訴期間屆\r\n    滿後20日內向本院補提理由書（均須按他造當事人之人數附\r\n    繕本）「切勿逕送上級法院」。\r\n\r\n中    華    民    國   103    年    5     月     1    日\r\n                  臺灣澎湖地方法院馬公簡易庭\r\n                      法  官  陳炫谷\r\n\r\n以上正本證明與原本無異。\r\n中    華    民    國   103    年    5     月     1    日\r\n                      書記官  林德盛\r\n附錄本案論罪科刑法條全文：\r\n刑法第277條第1項：\r\n傷害人之身體或健康者，處3年以下有期徒刑、拘役或1000元以\r\n下罰金。","type":"判決","historyHash":"","mainText":"甲○○共同犯傷害罪，處拘役伍拾日，如易科罰金，以新臺幣壹仟元折算壹日。","opinion":"","relatedIssues":[{"lawName":"中華民國刑法","issueRef":"28"},{"lawName":"中華民國刑法","issueRef":"41 1"},{"lawName":"中華民國刑法","issueRef":"277 1"},{"lawName":"中華民國刑法","issueRef":"277 1"},{"lawName":"中華民國刑法施行法","issueRef":"1-1"},{"lawName":"刑事訴訟法","issueRef":"449 1"},{"lawName":"刑事訴訟法","issueRef":"454 2"}],"party":[{"group":["plaintiff"],"title":"聲請人","value":"臺灣澎湖地方法院檢察署檢察官"},{"group":["defendant"],"title":"被告","value":"張繼佑"}]}
