{"court":"臺灣澎湖地方法院","date":"2013-12-11T00:00:00+08:00","no":"102,易,57","sys":"刑事","reason":"詐欺等","judgement":"臺灣澎湖地方法院刑事判決　　　　　　　 102年度易字第57號\r\n公　訴　人　臺灣澎湖地方法院檢察署檢察官\r\n被　　　告　夏００\r\n上列被告因詐欺等案件，經檢察官提起公訴（101年度偵字第509\r\n號），被告於本院準備程序中，先就被訴事實為有罪之陳述，經\r\n本院合議庭裁定改由受命法官獨任進行簡式審判程序，判決如下\r\n：\r\n    主  文\r\n夏００犯行使偽造準私文書罪，共拾捌罪，各處有期徒刑肆月，\r\n如易科罰金，均以新臺幣壹仟元折算壹日；又犯詐欺取財罪，共\r\n拾壹罪，各處有期徒刑肆月，如易科罰金，均以新臺幣壹仟元折\r\n算壹日。應執行有期徒刑貳年，如易科罰金，以新臺幣壹仟元折\r\n算壹日，緩刑伍年，並應依本院一○二年度附民字第九號、第十\r\n號、第十一號、第十二號和解筆錄所載內容給付。\r\n    事  實                                              \r\n一、夏００自任會首，先後召集下列互助會：\r\n  ①於民國96年3月18日，虛構會員呂００（會單編號65），邀\r\n    集夏００、陳０、夏００、葉０００、陳００、夏００、高\r\n    ０、林００、陳００、顏００、張００等人（下稱夏００等\r\n    人）參加互助會。該會自96年3月18日起會，於每月18日開\r\n    標，連同會首共66會（下稱系爭1號互助會）。\r\n  ②於96年10月1日虛構會員淑玲（會單編號14、15）、林００\r\n   （會單編號29）、陳００（會單編號40），召集夏００等人\r\n    參加互助會。該會自96年10月1日起會，於每月1日開標，並\r\n    於每年3月、6月、9月、12月份之15日各加標1次，連同會首\r\n    共66會（下稱系爭2號互助會）。\r\n  ③於97年9月22日虛構會員吳００（會單編號60、61），邀集\r\n    陳００、葉０００、陳０、林００、顏００等人參加互助會\r\n    。該會自97年9月22日起會，於每月22日開標，並於每年3月\r\n    、6月、9月、12月份之7日各加標1次，連同會首共63會（下\r\n    稱系爭3號互助會）。\r\n  ④於98年7月5日虛構會員陳００（會單編號66）、秀麗（會單\r\n    編號57），召集夏００、高０、葉０００、顏００、張００\r\n    等人參加互助會。該會自98年7月5日起會，於每月5日開標\r\n    ，並每開3會再加標1次，連同會首共66會（下稱系爭4號互\r\n    助會）。\r\n  ⑤於99年6月18日虛構會員美晴（會單編號33），召集陳００\r\n    、陳０、顏００、張００等人參加互助會。該會自99年6月\r\n    18日起會，於每月18日開標，並每隔3個月再加標1次，連同\r\n    會首共63會（下稱系爭5號互助會）。上開5會互助會均約定\r\n    底標金額為新臺幣(下同）5,000元，採內標制，首期合會金\r\n    不經投標，由會首取得，且於約定開標日期之12時許，由會\r\n    首夏００在其位在澎湖縣００鄉○○村00○0號之住處主持\r\n    開標，並製有互助會單，分發給參與之會員保管，以供其等\r\n    知悉其他參與會員之身分及總會員數。其標會方式為由欲參\r\n    與競標之活會會員親自或委由他人代為投標，於空白紙張上\r\n    不具姓名，僅繕寫競標金額，表彰以該金額參與競標。於開\r\n    標日當天，以出標金額最高者得標，並由在場競標之人以標\r\n    單上字跡及在場者言詞，識別係何人出標並得標。詎夏００\r\n    因財務狀況不佳，竟意圖為自己不法所有，基於行使偽造準\r\n    私文書之犯意，分別於附表一至附表五「冒標日期」欄所示\r\n    時間，在上址開標地點，利用合會會員未全部到場投標、觀\r\n    看或對於其他會員不熟識之機會，先後冒用如附表一至附表\r\n    五「被冒標者姓名及會單編號」欄所示會員或虛構會員之名\r\n    義，於空白紙張上載明如附表一至附表五所示標息，製成依\r\n    民間互助會習慣，足以表示各該會員以該標息標取各該互助\r\n    會用意之標單，於開標後持向到場之會員出示各該標單而行\r\n    使之。夏００再向在場投標會員詐稱係未到場之被冒名投標\r\n    者以最高標息得標，復向未到場會員誆稱由如各附表所示之\r\n    被冒名投標者得標，向各該被冒名投標之會員則誆稱係其他\r\n    會員得標，致各該被冒標之會員及其他活會會員均陷於錯誤\r\n    ，誤認當次得標者係經正常之投標、開標程序得標，因而分\r\n    別交付當期活會會款，以此方式分別詐得如附表一至附表五\r\n    「詐得合會金」欄所載之款項，足生損害於各該活會會員及\r\n    被冒標會員。\r\n二、又夏００召集之上開5會互助會，另設有「捧會」制度，亦\r\n    即由欲被捧會之人（下稱被捧會人）請夏００代為詢問，或\r\n    由被捧會人自行詢問是否有他人願意捧會，若有他人願意捧\r\n    會者（下稱捧會人），經會首夏００同意後，則由捧會人與\r\n    被捧會人雙方合意決定捧會之利息金額，惟該金額不得低於\r\n    捧會該月得標者所投標之利息金額，捧會人支付約定之捧會\r\n    會款與被捧會人後，捧會人除得以該被捧會人之名義參與投\r\n    標外，尚得按月自被捧會人處收取各該月份得標者投標之利\r\n    息金額，惟捧會人與被捧會人雙方不得直接收受捧會錢及每\r\n    月應按月給付之利息金額，均需透過夏００代為轉交前開金\r\n    錢。詎夏００竟意圖為自己不法所有，基於詐欺之犯意，分\r\n    別為下列行為：\r\n  (一)夏００於96年11月16日以虛構會員「陳００」之名義（系爭\r\n    2號互助會、會單編號40），佯請不知情之會員夏００代為\r\n    詢問陳０有無捧會意願，致陳０陷於錯誤，同意捧走「陳０\r\n    ０」之會份，因而交付夏００捧會款項20萬4,000元，致生\r\n    損害於陳０。\r\n  (二)夏００未經葉０００（系爭3號互助會、會單編號14）同意\r\n    ，於98年3月22日以葉００之名義，佯向林００詢問其有無\r\n    捧會意願，致林００陷於錯誤，同意捧走葉０００之會份，\r\n    因而交付夏００捧會款項9萬6,550元，致生損害於林００。\r\n  (三)夏００明知許００業已得標而為死會會員（系爭3號互助會\r\n    、會單編號17、會單所載名義為「許００」），於97年11月\r\n    22 日以許００名義，佯向陳０詢問其有無捧會意願，致陳\r\n    ０陷於錯誤，同意捧走許００之死會會份，因而交付夏００\r\n    捧會款項19萬1,100元，致生損害於陳０。\r\n  (四)夏００明知許００業已得標而為死會會員（系爭4號互助會\r\n    、會單編號24、會單所載名義為「陳００」），竟於不詳時\r\n    間，以陳００之名義佯向張００詢問其有無捧會意願，致張\r\n    ００陷於錯誤，同意捧走許００之死會會份，因而交付夏０\r\n    ０捧會款項19萬5,600元，致生損害於張００。\r\n  (五)夏００於99年8月8日以虛構會員「美晴」之名義（系爭5號\r\n    互助會、會單編號33號），佯向陳０詢問其有無捧會意願，\r\n    致陳０陷於錯誤，同意捧走「美晴」之會份，因而交付夏０\r\n    ０捧會款項17萬8,800元，致生損害於陳０。\r\n  (六)夏００於99年8月10日再以上開虛構會員「美晴」之名義，\r\n    佯向顏００詢問有無捧會意願，致顏００陷於錯誤，同意捧\r\n    走「美晴」之會份，因而交付夏００捧會款項17萬8,800元\r\n    ，致生損害於顏００。\r\n  (七)夏００明知許０００業已得標而為死會會員（系爭5號互助\r\n    會、會單編號14、會單所載名義為「陳００」），竟於99年\r\n    6 月18日佯向陳０詢問有無捧會意願，致陳０陷於錯誤，同\r\n    意捧走許０００之會份，因而交付夏００捧會款項18萬2,80\r\n    0 元，致生損害於陳０。\r\n  (八)夏００明知系爭5號互助會、會單編號66號「佩君」之會份\r\n    ，業經張００捧會，竟於99年9月18日以佩君之名義，佯向\r\n    陳０詢問有無捧會意願，致陳０陷於錯誤同意捧走佩君之會\r\n    份，因而交付夏００捧會款項16萬8,000元，致生損害於陳\r\n    ０。\r\n  (九)夏００明知系爭5號互助會、會單編號19號「呂００」之會\r\n    份，業經夏註捧會，竟於99年7月8日以呂００之名義，佯向\r\n    顏００詢問有無捧會意願，致顏００陷於錯誤，同意捧走呂\r\n    ００之會份，因而交付夏００捧會款項18萬2,800元，致生\r\n    損害於顏００。\r\n  (十)夏００又於不詳時間，將業經許０００得標之上開死會會份\r\n    （系爭5號互助會、會單編號14、會單所載名義為「陳００\r\n    」），以陳００之名義佯向張００詢問有無捧會意願，致張\r\n    ００陷於錯誤，同意捧走許０００之會份，因而交付夏００\r\n    捧會款項18萬2,800元，致生損害於張００。\r\n  (十一)夏００再於不詳時間，將業經許００得標之死會會份（系爭\r\n    5號互助會、會單編號55、會單所載名義為「呂００」），\r\n    以呂００名義佯向張００詢問有無捧會意願，致張００陷於\r\n    錯誤，同意捧走許００之會份，因而交付夏００捧會款項18\r\n    萬2,800元，致生損害於張００。嗣於99年10月間，夏００\r\n    無故停止上開5會互助會，張００因遲未取得會款，向其他\r\n    會員詢問捧會情事及核對得標名單後，始悉上情。\r\n三、案經法務部調查局澎湖縣調查站移送，及夏００、陳０、夏\r\n    ００、葉０００、陳００、夏００、高０、林００、陳００\r\n    、顏００、張００訴由臺灣澎湖地方法院檢察署檢察官偵查\r\n    起訴。\r\n    理  由\r\n一、被告夏００所犯詐欺等罪，非死刑、無期徒刑、最輕本刑為\r\n    3 年以上有期徒刑之罪，或高等法院管轄第一審之案件，被\r\n    告於本院準備程序進行中，先就被訴事實為有罪之陳述，經\r\n    告以簡式審判程序之旨，並聽取檢察官及被告、辯護人之意\r\n    見後，本院合議庭依刑事訴訟法第273條之1第1項之規定，\r\n    裁定進行簡式審判程序，是依同法第273條之2之規定，不受\r\n    同法第159條第1項、第161條之2、第161條之3、第163條之1\r\n    及第164條至第170條規定證據能力認定及證據調查方式之限\r\n    制，合先敘明。\r\n二、上揭犯罪事實，業據被告夏００於偵查中及本院審理中均坦\r\n    承不諱，核與證人即告訴人夏００、陳０、夏００、葉００\r\n    ０、陳００、夏００、高０、林００、陳００、顏００、張\r\n    ００於警詢及偵訊中之指訴及證人陳００、邵００證述情節\r\n    相符，復有互助會會員名單5紙、被告書立之會款收據5紙（\r\n    見臺灣澎湖地方法院檢察署100年度他字第269號偵查卷宗第\r\n    7至13、18至19頁）在卷可稽，足認被告任意性自白與事實\r\n    相符。本件罪證明確，被告犯行洵堪認定，應予依法論科。\r\n三、論罪科刑部分： \r\n（一）按在紙上或物品上之文字、符號、圖畫、照像，依習慣或\r\n      特約，足以為表示其用意之證明者，關於本章及本章以外\r\n      各罪，以文書論，刑法第220條第1項定有明文。我國民間\r\n      互助會之合會，係由會首招募會員參加所組成，每於標會\r\n      時，通常由欲標取會款之會員，在空白紙條上，或僅書立\r\n      其姓名、綽號及數字者，甚或只書寫數字而未書立其姓名\r\n      、綽號，另以言詞等方法表示係何會員所出具者，則依習\r\n      慣或特約均足以辨明係該會員以所書寫數字為標息金額參\r\n      加競標之標單，自應以準私文書論（最高法院95年度台上\r\n      字第6927號判決意旨參照）。本件被告用以冒標之投標單\r\n      上雖僅填載投標利息數額，而未記載所冒名投標者之署名\r\n      或其他註記，然就投標單之記載內容而言，仍足以表示係\r\n      某特定活會會員提出該次投標利息數額之意，依前揭說明\r\n      ，該投標單性質上為準私文書，被告偽造投標單之舉，自\r\n      屬偽造準私文書之行為。被告就事實欄「一」部分，先後\r\n      於附表一至附表五「冒標日期」欄所示時間，冒用如各附\r\n      表「被告冒標者姓名及會單編號」欄所示之會員名義，偽\r\n      填載有投標金額之投標單參與投標共計18次，詐取活會會\r\n      員繳付當期活會會款之行為，均係犯刑法第216條、第210\r\n      條、第220條第1項之行使偽造準私文書罪，及同法第339\r\n      條第1項之詐欺取財罪。被告各次偽造準私文書之低度行\r\n      為，應為各次行使之高度行為所吸收，皆不另論罪。又被\r\n      告各次冒標得款之詐欺取財犯行，各以一行為同時對多數\r\n      活會會員施用詐術，觸犯構成要件相同之罪名，為同種想\r\n      像競合，應依刑法第55條規定，各從一詐欺取財罪論處。\r\n      另被告各次以一冒標行為同時觸犯行使偽造準私文書罪及\r\n      詐欺取財罪，為異種想像競合，應各依刑法第55條規定，\r\n      從一重依行使偽造準私文書罪處斷。被告就事實欄「二」\r\n      部分，以「捧會」為由，分別向各被害人詐取捧會款項11\r\n      次，均係犯刑法第339條第1項詐欺取財罪。被告上開29次\r\n      犯行間，均犯意個別、行為互殊，應予分論併罰。\r\n（二）爰審酌被告與告訴人間多有私誼，其擔任互助會會首，自\r\n      應本於誠信，依約定方式開標並如實收付會款，於互助會\r\n      運作期間縱其自身遇有財務問題，亦應尋求其他合法途徑\r\n      妥善處理，不得害及互助會正常運作，然其竟為圖一己私\r\n      利，利用擔任合會會首之機會，多次冒標及佯稱「捧會」\r\n      以詐取會款，破壞會員之信賴及交易安全，致活會會員蒙\r\n      受財產損害，所為實屬不該；惟念及其犯後坦認犯行，態\r\n      度良好，兼衡其犯罪時間長短、被害人數及冒標次數、所\r\n      詐取金額、被害人所受損害及被告智識程度為國中畢業、\r\n      目前離婚尚須扶養3名子女、每月收入約2萬元（見本院卷\r\n      第68頁）等情，量處如主文所示之刑，並定其應執行刑及\r\n      諭知易科罰金之折算標準，以資儆懲。\r\n（三）被告未曾因故意犯罪受有期徒刑以上刑之宣告，有臺灣高\r\n      等法院被告前案紀錄表1份在卷可參（見本院卷第8頁），\r\n      其於檢察官訊問及本院審理中，均坦承犯行，且皆與告訴\r\n      人於本院附帶民事事件審理中達成和解，有本院102年度\r\n      附民字第9、10、11、12號和解筆錄在卷可稽（見本院卷\r\n      第69至71頁），足徵被告已深具悔意，本院因認被告經此\r\n      論罪科刑教訓，當知警惕，應無再犯之虞，因認所宣告之\r\n      刑以暫不執行為適當，是依刑法第74條第1項第1款規定諭\r\n      知緩刑5年，併依同條第2項第3款規定，命被告應依本院\r\n      102年度附民字第9、10、11、12號和解筆錄內容為給付，\r\n      用啟自新。又依同法第75條之1第1項第4款規定，受緩刑\r\n      之宣告，違反上開本院所定負擔情節重大，足認原宣告之\r\n      緩刑難收其預期效果，而有執行刑罰之必要者，得撤銷其\r\n      宣告，附此敘明。\r\n（四）末按互助會已得標之死會會員，事後無論任一會員得標及\r\n      其願出之標金若干，均須繳納當期全額之會款，縱為會首\r\n      施用詐術，以他會員名義冒標，並向死會會員收取會款，\r\n      因該等死會會員本負有繳納會款之義務，當非陷於錯誤而\r\n      交付會款予會首，自無構成詐欺取財罪之可言（最高法院\r\n      83年度台上字第4153號、92年度台上字第1138號判決意旨\r\n      參照）。故被告所犯各附表所示犯行所詐得之會款，應係\r\n      各當期活會會員所繳納之會款，至互助會「死會會員」本\r\n      有按期交付死會會款之義務，與被告是否施用詐術或偽造\r\n      準私文書進而行使之行為並無關聯，難認被告對於向「死\r\n      會會員」收取各期會款部分，亦屬被告詐欺所得金額。檢\r\n      察官起訴書事實欄既已載明被告所為本案冒標行為，係使\r\n      「活會會員」受有損害，卻於事實欄內將當期所有會員（\r\n      亦即包含活會會員及已得標之死會會員）繳付之會款計入\r\n      詐取金額範圍內，兩者即有矛盾，是起訴書事實欄內關於\r\n      被告冒標所詐取之金額應係誤載，並更正如各附表「詐得\r\n      合會金」欄所示之數額，附此敘明。\r\n（五）至被告所偽造用以冒標之標單，未據告訴人及被告提出扣\r\n      案，復無證據證明上開標單現尚存在，又參酌一般民間互\r\n      助會之習慣，於各次開標完畢後，當場即將標單撕毀或丟\r\n      棄之情，堪認上開標單已滅失，故不為沒收之諭知。又被\r\n      告詐得款項雖為犯罪所得，然為避免影響其清償被害人之\r\n      能力，爰不為沒收之宣告，併此敘明。\r\n據上論斷，應依刑事訴訟法第273條之1第1項、第299條第1項前\r\n段，刑法第216條、第210條、第220條第1項、第339條第1項、第\r\n55條、第41條第1項前段、第8項、第51條第5款、第74條第1項第\r\n1款、第2項第3款，刑法施行法第1條之1第1項、第2項前段之規\r\n定，判決如主文。\r\n本案經檢察官林濬程到庭執行職務。      \r\n中    華    民    國   102    年    12    月    11    日\r\n\r\n                        刑事庭  法  官  鍾孟容\r\n以上正本證明與原本無異。\r\n如不服本判決應於收受判決後10日內向本院提出上訴書狀，並應\r\n敘述具體理由；其未敘述上訴理由者，應於上訴期間屆滿後20日\r\n內向本院補提理由書(均須按他造當事人之人數附繕本)「切勿逕\r\n送上級法院」。\r\n                                書記官  劉竹苞\r\n\r\n中    華    民    國   102    年    12    月    11    日\r\n\r\n附表一（系爭1號互助會）： \r\n┌──┬──────┬───────┬────┬──────────┐\r\n│編號│ 冒標日期   │被冒標者姓名及│  標息  │詐得合會金          │\r\n│    │            │會單編號      │(新臺幣)│                    │\r\n│    │            │              │        │                    │\r\n├──┼──────┼───────┼────┼──────────┤\r\n│1   │96年3月18日 │呂００（65號，│1,900元 │16萬4,300元（計算式 │\r\n│    │            │被告虛構人頭）│        │：53×[5,000－1,900]│\r\n│    │            │              │        │）                  │\r\n└──┴──────┴───────┴────┴──────────┘\r\n\r\n附表二（系爭2號互助會）：\r\n┌──┬──────┬───────┬────┬───────────┐\r\n│編號│ 冒標日期   │被冒標者姓名及│  標息  │詐得合會金            │\r\n│    │            │會單編號      │(新臺幣)│                      │\r\n├──┼──────┼───────┼────┼───────────┤\r\n│ 1  │97年1月1日  │淑玲（15號，被│1,800元 │17萬6,000元（計算式： │\r\n│    │            │告虛構人頭）  │        │55×[5,000－1,800] ） │\r\n├──┼──────┼───────┼────┼───────────┤\r\n│ 2  │97年6月1日  │林００（29號，│2,000元 │15萬9,000元（計算式： │\r\n│    │            │，被告虛構人頭│        │53×[5,000－2,000] ） │\r\n│    │            │）            │        │                      │\r\n├──┼──────┼───────┼────┼───────────┤\r\n│ 3  │98年11月1日 │淑玲（14號，被│1,500元 │5萬6,000元（計算式：  │\r\n│    │            │告虛構人頭）  │        │16×[5,000－1,500] ） │\r\n├──┼──────┼───────┼────┼───────────┤\r\n│ 4  │98年12月15日│陳００（40號，│1,950元 │5萬4,900元（計算式：  │\r\n│    │            │被告虛構人頭）│        │18×[5,000－1,950]）  │\r\n├──┼──────┼───────┼────┼───────────┤\r\n│ 5  │99年2月1日  │陳００（13號，│1,700元 │4萬9,500元（計算式：  │\r\n│    │            │會單名稱為「夏│        │15×[5,000－1,700]) ）│\r\n│    │            │０」）        │        │                      │\r\n└──┴──────┴───────┴────┴───────────┘\r\n\r\n附表三（系爭3號互助會）：\r\n┌──┬──────┬───────┬────┬───────────┐\r\n│編號│冒標日期    │被冒標者姓名及│  標息  │詐得合會金            │\r\n│    │            │會單編號      │(新臺幣)│                      │\r\n├──┼──────┼───────┼────┼───────────┤\r\n│ 1  │98年4月22日 │吳００（60號，│1,700元 │15萬8,400元（計算式： │\r\n│    │            │被告虛構人頭）│        │48×[5,000－1,700]）  │\r\n├──┼──────┼───────┼────┼───────────┤\r\n│ 2  │98年6月6日  │吳００（61號，│2,100元 │13萬3,400元（計算式： │\r\n│    │            │被告虛構人頭）│        │46×[5,000－2,100])   │\r\n├──┼──────┼───────┼────┼───────────┤\r\n│ 3  │98年3月7日  │陳００（34號）│2,100元 │14萬5,000元（計算式： │\r\n│    │            │              │        │50×[5,000－2,100]）  │\r\n├──┼──────┼───────┼────┼───────────┤\r\n│ 4  │98年6月22日 │陳００（6號） │1,700元 │21萬4,500元（計算式： │\r\n│    │            │              │        │65×[5,000－1,700]）  │\r\n├──┼──────┼───────┼────┼───────────┤\r\n│ 5  │99年3月22日 │陳００（45號）│2,000元 │18萬9,000元（計算式： │\r\n│    │            │              │        │63×[5,000－2,000]）  │\r\n├──┼──────┼───────┼────┼───────────┤\r\n│ 6  │99年9月22日 │邵００（36號）│2,500元 │6萬元（計算式：24×[5,│\r\n│    │            │              │        │000－2,500]）         │\r\n└──┴──────┴───────┴────┴───────────┘\r\n\r\n附表四（系爭4號互助會）：\r\n┌──┬──────┬───────┬────┬───────────┐\r\n│編號│冒標日期    │被冒標者姓名及│  標息  │ 詐得合會金           │\r\n│    │            │會單編號      │(新臺幣)│                      │\r\n├──┼──────┼───────┼────┼───────────┤\r\n│ 1  │98年9月20日 │秀麗（57號，被│2,000元 │17萬4,000元（計算式： │\r\n│    │            │告虛構人頭）  │        │58×[5,000－2,000]）  │\r\n├──┼──────┼───────┼────┼───────────┤\r\n│ 2  │98年11月5日 │夏００（26號）│2,100元 │16萬2,700元（計算式： │\r\n│    │            │              │        │56×[5,000－2,100]）  │\r\n├──┼──────┼───────┼────┼───────────┤\r\n│ 3  │99年6月5日  │陳００（66號，│2,300元 │12萬6,900元（計算式： │\r\n│    │            │被告虛構人頭）│        │47×[5,000－2,300] ） │\r\n├──┼──────┼───────┼────┼───────────┤\r\n│ 4  │99年9月20日 │夏００（42號，│2,400元 │10萬9,200元（計算式： │\r\n│    │            │會單記載名稱為│        │42×[5,000－2,400]    │\r\n│    │            │「葉００」    │        │                      │\r\n└──┴──────┴───────┴────┴───────────┘\r\n\r\n附表五（系爭5號互助會）：\r\n┌──┬──────┬───────┬────┬───────────┐\r\n│編號│冒標日期    │被冒標者姓名及│  標息  │詐得合會金            │\r\n│    │            │會單編號      │(新臺幣)│                      │\r\n├──┼──────┼───────┼────┼───────────┤\r\n│1   │99年9月3日  │美晴（33號，被│2,200元 │16萬2,400元（計算式： │\r\n│    │            │告虛構人頭）  │        │58×[5,000－2,200] ） │\r\n├──┼──────┼───────┼────┼───────────┤\r\n│2   │99年9月18日 │陳００（30號）│2,500元 │14萬2,500元（計算式： │\r\n│    │            │              │        │57×[5,000－2,500] ） │\r\n└──┴──────┴───────┴────┴───────────┘\r\n備註：\r\n1.冒標得款金額計算式：不知情之活會會員人數×(底標5,000元\r\n  －得標金額)。\r\n2.不知情活會會員數：全部會數扣除已得標會數及被告虛構他人\r\n  名義而尚未得標之會數。","type":"判決","historyHash":"","mainText":"夏００犯行使偽造準私文書罪，共拾捌罪，各處有期徒刑肆月，如易科罰金，均以新臺幣壹仟元折算壹日；又犯詐欺取財罪，共拾壹罪，各處有期徒刑肆月，如易科罰金，均以新臺幣壹仟元折算壹日。應執行有期徒刑貳年，如易科罰金，以新臺幣壹仟元折算壹日，緩刑伍年，並應依本院一○二年度附民字第九號、第十號、第十一號、第十二號和解筆錄所載內容給付。","opinion":"三、論罪科刑部分： \n（一）按在紙上或物品上之文字、符號、圖畫、照像，依習慣或特約，足以為表示其用意之證明者，關於本章及本章以外各罪，以文書論，刑法第220條第1項定有明文。我國民間互助會之合會，係由會首招募會員參加所組成，每於標會時，通常由欲標取會款之會員，在空白紙條上，或僅書立其姓名、綽號及數字者，甚或只書寫數字而未書立其姓名、綽號，另以言詞等方法表示係何會員所出具者，則依習慣或特約均足以辨明係該會員以所書寫數字為標息金額參加競標之標單，自應以準私文書論（最高法院95年度台上字第6927號判決意旨參照）。本件被告用以冒標之投標單上雖僅填載投標利息數額，而未記載所冒名投標者之署名或其他註記，然就投標單之記載內容而言，仍足以表示係某特定活會會員提出該次投標利息數額之意，依前揭說明，該投標單性質上為準私文書，被告偽造投標單之舉，自屬偽造準私文書之行為。被告就事實欄「一」部分，先後於附表一至附表五「冒標日期」欄所示時間，冒用如各附表「被告冒標者姓名及會單編號」欄所示之會員名義，偽填載有投標金額之投標單參與投標共計18次，詐取活會會員繳付當期活會會款之行為，均係犯刑法第216條、第210條、第220條第1項之行使偽造準私文書罪，及同法第339條第1項之詐欺取財罪。被告各次偽造準私文書之低度行為，應為各次行使之高度行為所吸收，皆不另論罪。又被告各次冒標得款之詐欺取財犯行，各以一行為同時對多數活會會員施用詐術，觸犯構成要件相同之罪名，為同種想像競合，應依刑法第55條規定，各從一詐欺取財罪論處。\n      另被告各次以一冒標行為同時觸犯行使偽造準私文書罪及詐欺取財罪，為異種想像競合，應各依刑法第55條規定，從一重依行使偽造準私文書罪處斷。被告就事實欄「二」部分，以「捧會」為由，分別向各被害人詐取捧會款項11次，均係犯刑法第339條第1項詐欺取財罪。被告上開29次犯行間，均犯意個別、行為互殊，應予分論併罰。\n（二）爰審酌被告與告訴人間多有私誼，其擔任互助會會首，自應本於誠信，依約定方式開標並如實收付會款，於互助會運作期間縱其自身遇有財務問題，亦應尋求其他合法途徑妥善處理，不得害及互助會正常運作，然其竟為圖一己私利，利用擔任合會會首之機會，多次冒標及佯稱「捧會」以詐取會款，破壞會員之信賴及交易安全，致活會會員蒙受財產損害，所為實屬不該；惟念及其犯後坦認犯行，態度良好，兼衡其犯罪時間長短、被害人數及冒標次數、所詐取金額、被害人所受損害及被告智識程度為國中畢業、目前離婚尚須扶養3名子女、每月收入約2萬元（見本院卷第68頁）等情，量處如主文所示之刑，並定其應執行刑及諭知易科罰金之折算標準，以資儆懲。\n（三）被告未曾因故意犯罪受有期徒刑以上刑之宣告，有臺灣高等法院被告前案紀錄表1份在卷可參（見本院卷第8頁），其於檢察官訊問及本院審理中，均坦承犯行，且皆與告訴人於本院附帶民事事件審理中達成和解，有本院102年度附民字第9、10、11、12號和解筆錄在卷可稽（見本院卷第69至71頁），足徵被告已深具悔意，本院因認被告經此論罪科刑教訓，當知警惕，應無再犯之虞，因認所宣告之刑以暫不執行為適當，是依刑法第74條第1項第1款規定諭知緩刑5年，併依同條第2項第3款規定，命被告應依本院102年度附民字第9、10、11、12號和解筆錄內容為給付，用啟自新。又依同法第75條之1第1項第4款規定，受緩刑之宣告，違反上開本院所定負擔情節重大，足認原宣告之緩刑難收其預期效果，而有執行刑罰之必要者，得撤銷其宣告，附此敘明。\n（四）末按互助會已得標之死會會員，事後無論任一會員得標及其願出之標金若干，均須繳納當期全額之會款，縱為會首施用詐術，以他會員名義冒標，並向死會會員收取會款，因該等死會會員本負有繳納會款之義務，當非陷於錯誤而交付會款予會首，自無構成詐欺取財罪之可言（最高法院83年度台上字第4153號、92年度台上字第1138號判決意旨參照）。故被告所犯各附表所示犯行所詐得之會款，應係各當期活會會員所繳納之會款，至互助會「死會會員」本有按期交付死會會款之義務，與被告是否施用詐術或偽造準私文書進而行使之行為並無關聯，難認被告對於向「死會會員」收取各期會款部分，亦屬被告詐欺所得金額。檢察官起訴書事實欄既已載明被告所為本案冒標行為，係使「活會會員」受有損害，卻於事實欄內將當期所有會員（亦即包含活會會員及已得標之死會會員）繳付之會款計入詐取金額範圍內，兩者即有矛盾，是起訴書事實欄內關於被告冒標所詐取之金額應係誤載，並更正如各附表「詐得合會金」欄所示之數額，附此敘明。\n（五）至被告所偽造用以冒標之標單，未據告訴人及被告提出扣案，復無證據證明上開標單現尚存在，又參酌一般民間互助會之習慣，於各次開標完畢後，當場即將標單撕毀或丟棄之情，堪認上開標單已滅失，故不為沒收之諭知。又被告詐得款項雖為犯罪所得，然為避免影響其清償被害人之能力，爰不為沒收之宣告，併此敘明。\n據上論斷，應依刑事訴訟法第273條之1第1項、第299條第1項前段，刑法第216條、第210條、第220條第1項、第339條第1項、第55條、第41條第1項前段、第8項、第51條第5款、第74條第1項第1款、第2項第3款，刑法施行法第1條之1第1項、第2項前段之規定，判決如主文。\n本案經檢察官林濬程到庭執行職務。","relatedIssues":[{"lawName":"中華民國刑法","issueRef":"41 1"},{"lawName":"中華民國刑法","issueRef":"41 8"},{"lawName":"中華民國刑法","issueRef":"51 1 5"},{"lawName":"中華民國刑法","issueRef":"55"},{"lawName":"中華民國刑法","issueRef":"55"},{"lawName":"中華民國刑法","issueRef":"55"},{"lawName":"中華民國刑法","issueRef":"74 1 1"},{"lawName":"中華民國刑法","issueRef":"74 1 1"},{"lawName":"中華民國刑法","issueRef":"74 2 3"},{"lawName":"中華民國刑法","issueRef":"74 2 3"},{"lawName":"中華民國刑法","issueRef":"75-1 1 4"},{"lawName":"中華民國刑法","issueRef":"210"},{"lawName":"中華民國刑法","issueRef":"210"},{"lawName":"中華民國刑法","issueRef":"216"},{"lawName":"中華民國刑法","issueRef":"216"},{"lawName":"中華民國刑法","issueRef":"220 1"},{"lawName":"中華民國刑法","issueRef":"220 1"},{"lawName":"中華民國刑法","issueRef":"220 1"},{"lawName":"中華民國刑法","issueRef":"339 1"},{"lawName":"中華民國刑法","issueRef":"339 1"},{"lawName":"中華民國刑法","issueRef":"339 1"},{"lawName":"中華民國刑法施行法","issueRef":"1-1 1"},{"lawName":"中華民國刑法施行法","issueRef":"1-1 2"},{"lawName":"刑事訴訟法","issueRef":"159 1"},{"lawName":"刑事訴訟法","issueRef":"161-2"},{"lawName":"刑事訴訟法","issueRef":"161-3"},{"lawName":"刑事訴訟法","issueRef":"163-1"},{"lawName":"刑事訴訟法","issueRef":"164"},{"lawName":"刑事訴訟法","issueRef":"165"},{"lawName":"刑事訴訟法","issueRef":"165-1"},{"lawName":"刑事訴訟法","issueRef":"166"},{"lawName":"刑事訴訟法","issueRef":"166-1"},{"lawName":"刑事訴訟法","issueRef":"166-2"},{"lawName":"刑事訴訟法","issueRef":"166-3"},{"lawName":"刑事訴訟法","issueRef":"166-4"},{"lawName":"刑事訴訟法","issueRef":"166-5"},{"lawName":"刑事訴訟法","issueRef":"166-6"},{"lawName":"刑事訴訟法","issueRef":"166-7"},{"lawName":"刑事訴訟法","issueRef":"167"},{"lawName":"刑事訴訟法","issueRef":"167-1"},{"lawName":"刑事訴訟法","issueRef":"167-2"},{"lawName":"刑事訴訟法","issueRef":"167-3"},{"lawName":"刑事訴訟法","issueRef":"167-4"},{"lawName":"刑事訴訟法","issueRef":"167-5"},{"lawName":"刑事訴訟法","issueRef":"167-6"},{"lawName":"刑事訴訟法","issueRef":"167-7"},{"lawName":"刑事訴訟法","issueRef":"168"},{"lawName":"刑事訴訟法","issueRef":"168-1"},{"lawName":"刑事訴訟法","issueRef":"169"},{"lawName":"刑事訴訟法","issueRef":"170"},{"lawName":"刑事訴訟法","issueRef":"273-1 1"},{"lawName":"刑事訴訟法","issueRef":"273-1 1"},{"lawName":"刑事訴訟法","issueRef":"273-2"},{"lawName":"刑事訴訟法","issueRef":"299 1"}],"party":[{"group":["plaintiff"],"title":"公訴人","value":"臺灣澎湖地方法院檢察署檢察官"},{"group":["defendant"],"title":"被告","value":"夏００"}]}
