{"court":"臺灣澎湖地方法院","date":"2012-05-07T00:00:00+08:00","no":"101,簡上,5","sys":"刑事","reason":"毒品危害防制條例","judgement":"臺灣澎湖地方法院刑事判決　　　　　　　101年度簡上字第5號\r\n上　訴　人　臺灣澎湖地方法院檢察署檢察官\r\n被　　　告　洪聖堯\r\n上列被告因毒品危害防制條例案件，上訴人不服本院刑事庭100\r\n年度簡字第13號第一審判決（起訴書案號：100年度偵字第396、\r\n553、563、568、639、705號），提起上訴，本院合議庭為第二\r\n審判決如下：\r\n    主     文\r\n上訴駁回。\r\n   事實及理由\r\n一、本件犯罪事實、證據及應適用之法條，均引用第一審簡易判\r\n    決書之記載。\r\n二、原審斟酌被告年紀尚輕，智慮不周及犯後坦白認錯，頗有悔\r\n    意等情，因之適用毒品危害防制條例第10條第2項、刑法第\r\n    11條前段、第30條第1項前段、第2項、第41條第1項前段、\r\n    第51條第5款之規定，就被告所犯3罪各量處有期徒刑2月，\r\n    並定其應執行刑有期徒刑4月，且均諭知以新臺幣1000元折\r\n    算1日之易科罰金折算標準，認事用法，均無不當，量刑亦\r\n    稱妥適。\r\n三、上訴意旨雖以：被告自同案被告鄭孟棠處拿取毒品，再交付\r\n    予案外人陰奕帆，此轉交毒品之舉，已構成轉讓毒品犯行，\r\n    原審認被告成立幫助施用毒品罪，尚有違誤等語。惟查：無\r\n    償受他人委託，代為購買第二級毒品甲基安非他命後交付委\r\n    託人，以便利、助益委託人施用者，為幫助施用；苟以便利\r\n    、助益委託人販賣者，則為幫助販賣，其行為人於購入甲基\r\n    安非他命之始，即係為委託人而持有，並非購入後始另行起\r\n    意，交付而移轉甲基安非他命之所有權予委託人。此與轉讓\r\n    甲基安非他命，係指原未受他人委託而基於為自己之意思購\r\n    買後，始起意將其所有之甲基安非他命，以移轉所有權之意\r\n    思交付他人之情形，顯然有別（參照最高法院98年度台上字\r\n    第3670號判決要旨）。本件被告係3次無償受案外人陰奕帆\r\n    委託，代陰奕帆出面向同案被告鄭孟棠購買甲基安非他命後\r\n    ，再將甲基安非他命轉交予案外人陰奕帆，以之幫助陰奕帆\r\n    施用甲基安非他命，此據被告及證人陰奕帆、鄭孟棠於警、\r\n    偵訊及原審審理中證述屬實，堪認被告係基於幫助陰奕帆施\r\n    用甲基安非他命之犯意而代陰奕帆購入毒品並轉交之，揆諸\r\n    首開說明，被告係成立幫助施用第二級毒品罪（共3罪）無\r\n    訛。上訴意旨指摘原判決不當，求予撤銷，為無理由，應予\r\n    駁回。\r\n四、依刑事訴訟法第454條第2項、第455條之1第1項、第3項、第\r\n    373條、第368條，判決如主文。\r\n本案經檢察官李頲翰到庭執行職務。\r\n中    華    民    國    101    年    5    月  7    日\r\n                  刑事庭  審判長法  官  陳順輝\r\n                                法  官  鍾孟容\r\n                                法  官  孫健智\r\n以上正本證明與原本無異。\r\n不得上訴。\r\n中    華    民    國    101    年    5    月  7    日\r\n                                書記官  呂昌景","type":"判決","historyHash":"21ff8a11a178e59441c443be32cd5fd2","mainText":"上訴駁回。","opinion":"三、上訴意旨雖以：被告自同案被告鄭孟棠處拿取毒品，再交付予案外人陰奕帆，此轉交毒品之舉，已構成轉讓毒品犯行，原審認被告成立幫助施用毒品罪，尚有違誤等語。惟查：無償受他人委託，代為購買第二級毒品甲基安非他命後交付委託人，以便利、助益委託人施用者，為幫助施用；苟以便利、助益委託人販賣者，則為幫助販賣，其行為人於購入甲基安非他命之始，即係為委託人而持有，並非購入後始另行起意，交付而移轉甲基安非他命之所有權予委託人。此與轉讓甲基安非他命，係指原未受他人委託而基於為自己之意思購買後，始起意將其所有之甲基安非他命，以移轉所有權之意思交付他人之情形，顯然有別（參照最高法院98年度台上字第3670號判決要旨）。本件被告係3次無償受案外人陰奕帆委託，代陰奕帆出面向同案被告鄭孟棠購買甲基安非他命後，再將甲基安非他命轉交予案外人陰奕帆，以之幫助陰奕帆施用甲基安非他命，此據被告及證人陰奕帆、鄭孟棠於警、偵訊及原審審理中證述屬實，堪認被告係基於幫助陰奕帆施用甲基安非他命之犯意而代陰奕帆購入毒品並轉交之，揆諸首開說明，被告係成立幫助施用第二級毒品罪（共3罪）無訛。上訴意旨指摘原判決不當，求予撤銷，為無理由，應予駁回。\n四、依刑事訴訟法第454條第2項、第455條之1第1項、第3項、第373條、第368條，判決如主文。\n本案經檢察官李頲翰到庭執行職務。","relatedIssues":[{"lawName":"中華民國刑法","issueRef":"11"},{"lawName":"中華民國刑法","issueRef":"30 1"},{"lawName":"中華民國刑法","issueRef":"30 2"},{"lawName":"中華民國刑法","issueRef":"41 1"},{"lawName":"中華民國刑法","issueRef":"51 1 5"},{"lawName":"刑事訴訟法","issueRef":"368"},{"lawName":"刑事訴訟法","issueRef":"373"},{"lawName":"刑事訴訟法","issueRef":"454 2"},{"lawName":"刑事訴訟法","issueRef":"455-1 1"},{"lawName":"刑事訴訟法","issueRef":"455-1 3"},{"lawName":"毒品危害防制條例","issueRef":"10 2"}],"party":[{"group":["plaintiff"],"title":"上訴人","value":"臺灣澎湖地方法院檢察署檢察官"},{"group":["defendant"],"title":"被告","value":"洪聖堯"}]}
