{"court":"臺灣澎湖地方法院","date":"2011-10-17T00:00:00+08:00","no":"100,易,57","sys":"刑事","reason":"妨害名譽","judgement":"臺灣澎湖地方法院刑事判決　　　　　　　 100年度易字第57號\r\n公　訴　人　臺灣澎湖地方法院檢察署檢察官\r\n被　　　告　楊嫦娥　48歲民.\r\n上列被告因妨害名譽案件，經檢察官聲請簡易判決處刑（100年\r\n度偵緝字第6 號），經本院馬公簡易庭認不宜以簡易判決處刑，\r\n移送本院改依通常程序審理，判決如下：\r\n    主  文\r\n本件公訴不受理。\r\n    理  由\r\n一、聲請簡易判決處刑意旨略以：被告楊嫦娥基於侮辱他人之故\r\n    意，於民國99年10月20日上午10點，於西嶼鄉調解委員會與\r\n    蔡武雄調解時，公然於調解委員會上以貶抑他人人格言詞：\r\n    「養條狗也比你好！比豬還不如！」辱罵蔡武雄。因認被告\r\n    涉犯刑法第309條第1項公然侮辱罪等語。\r\n二、按告訴乃論之罪，告訴人於第一審辯論終結前得撤回其告訴\r\n    ；又告訴經撤回者，應諭知不受理之判決。刑事訴訟法第23\r\n    8條第1項、第303條第3款分別定有明文。\r\n三、查本件告訴人蔡武雄告訴被告楊嫦娥妨害名譽案件，公訴人\r\n    認被告楊嫦娥係觸犯刑法第309條第1項之公然侮辱罪嫌，依\r\n    同法第314 條前段之規定須告訴乃論。茲因被告已與告訴人\r\n    達成和解，並已依約於澎湖日報100 年10月9 日第八版刊登\r\n    道歉啟示（內容為楊嫦娥於99年10月20日因爭執激烈致有所\r\n    誤會請蔡武雄原諒），且經告訴人於100年10月5日於本院準\r\n    備程序中當庭表示撤回告訴，有調解委員紀錄表、本院準備\r\n    程序訊問筆錄及澎湖日報第八版報紙1 份在卷可稽，依照首\r\n    開說明，本件爰不經言詞辯論，逕為諭知不受理判決。\r\n四、據上論斷，應依刑事訴訟法第284條之1、第452條、第303條\r\n    第3款、第307條，判決如主文。\r\n中    華    民    國   100    年    10    月    17    日\r\n                  刑事庭  審判長法  官  陳順輝\r\n                                法  官  孫健智\r\n                                法  官  蔡政佑\r\n以上正本證明與原本無異。\r\n如不服本判決應於收受判決後10日內向本院提出上訴書狀，並應\r\n敘述具體理由；其未敘述上訴理由者，應於上訴期間屆滿後20日\r\n內向本院補提理由書(均須按他造當事人之人數附繕本)「切勿逕\r\n送上級法院」。\r\n中    華    民    國   100    年    10    月    17    日\r\n                                書記官  王耀煌","type":"判決","historyHash":"733fce37ba39f36f922d54ccc483d5dc","mainText":"本件公訴不受理。","opinion":"二、按告訴乃論之罪，告訴人於第一審辯論終結前得撤回其告訴；又告訴經撤回者，應諭知不受理之判決。刑事訴訟法第23 8條第1項、第303條第3款分別定有明文。\n三、查本件告訴人蔡武雄告訴被告楊嫦娥妨害名譽案件，公訴人認被告楊嫦娥係觸犯刑法第309條第1項之公然侮辱罪嫌，依同法第314 條前段之規定須告訴乃論。茲因被告已與告訴人達成和解，並已依約於澎湖日報100 年10月9 日第八版刊登道歉啟示（內容為楊嫦娥於99年10月20日因爭執激烈致有所誤會請蔡武雄原諒），且經告訴人於100年10月5日於本院準備程序中當庭表示撤回告訴，有調解委員紀錄表、本院準備程序訊問筆錄及澎湖日報第八版報紙1 份在卷可稽，依照首開說明，本件爰不經言詞辯論，逕為諭知不受理判決。\n四、據上論斷，應依刑事訴訟法第284條之1、第452條、第303條第3款、第307條，判決如主文。","relatedIssues":[{"lawName":"中華民國刑法","issueRef":"309 1"},{"lawName":"中華民國刑法","issueRef":"309 1"},{"lawName":"中華民國刑法","issueRef":"314"},{"lawName":"刑事訴訟法","issueRef":"238 1"},{"lawName":"刑事訴訟法","issueRef":"284-1"},{"lawName":"刑事訴訟法","issueRef":"303 1 3"},{"lawName":"刑事訴訟法","issueRef":"303 1 3"},{"lawName":"刑事訴訟法","issueRef":"307"},{"lawName":"刑事訴訟法","issueRef":"452"}],"party":[{"group":["plaintiff"],"title":"公訴人","value":"臺灣澎湖地方法院檢察署檢察官"},{"group":["defendant"],"title":"被告","value":"楊嫦娥"}]}
