{"court":"臺灣澎湖地方法院","date":"2018-08-23T00:00:00+08:00","no":"107,簡上,12","sys":"刑事","reason":"毒品危害防制條例","judgement":"臺灣澎湖地方法院刑事判決　　　　　　 107年度簡上字第12號\r\n上　訴　人\r\n即　被　告　張慧貞\r\n上列上訴人即被告因毒品危害防制條例案件，不服本院馬公簡易\r\n庭中華民國107 年4 月30日107 年度馬簡字第49號簡易判決（聲\r\n請簡易判決處刑案號：107 年度毒偵字第1 號），提起上訴，本\r\n院管轄之第二審合議庭判決如下：\r\n    主  文\r\n上訴駁回。\r\n    事實及理由\r\n一、本件上訴人即被告張慧貞上訴意旨略以：不知為何會驗到陽\r\n    性反應，我沒有吸食毒品，但在驗尿前兩天有服用咳嗽藥水\r\n    、感冒藥粉，高雄衛生局叫我把所有家裡的藥拿出來給法院\r\n    參考等語（本院簡上卷第47頁）。\r\n二、本案經本院審理結果，認第一審判決之犯罪事實、理由，及\r\n    其認事、用法及量刑均無不當，應予維持，均引用第一審判\r\n    決書之記載（如附件），並補充如下：\r\n  (一)證據能力之說明：\r\n    本件做為證據使用而不符刑事訴訟法第159 條之1 至第159\r\n    條之4 規定之相關審判外陳述，未經檢察官、被告於本院審\r\n    理過程中聲明異議，本院並審酌各該陳述作成時之情況，尚\r\n    無違法及證明力明顯過低之瑕疵，且與本案相關之待證事實\r\n    具有關連性，認以之作為證據應屬適當，是本件經調查之證\r\n    據，均有證據能力。\r\n  (二)稽諸本件被告之上訴意旨，分別因後開理由而不足採信，茲\r\n    分敘如下：\r\n  1.被告否認本件施用第二級毒品甲基安非他命，並提出其於民\r\n    國105 年10月7 日、105 年8 月11日、106 年2 月6 日高雄\r\n    市立鳳山醫院（委託長庚醫療財團法人經營）（下稱鳳山醫\r\n    院）的藥單，辯稱：雖然這些是很早以前開的藥，但沒有吃\r\n    完，當時就是在驗尿前服用這些藥物等語。然經本院將上開\r\n    藥單全部送請鳳山醫院函詢結果略以：所附藥單之甘草止咳\r\n    藥水，內含嗎啡及可待因成分，至多會在尿液中驗出此類成\r\n    分，但不會驗出安非他命之成分等情，有該院107 年8 月1\r\n    日長庚鳳院字第1070800003號函暨其附件在卷可憑（簡上卷\r\n    第67至69頁），然本件被告於案發時所採驗之尿液，確有驗\r\n    出甲基安非他命、安非他命等成分，業經原審所是認，堪認\r\n    被告所辯，顯然為犯後飾卸之詞，自無理由。\r\n  2.關於原審量刑部分：\r\n    在同一犯罪事實與情節，如別無其他加重或減輕之原因，下\r\n    級審量定之刑，亦無過重或失輕之不當情形，則上級審法院\r\n    對下級審法院之職權行使，原則上應予尊重。查本件係依刑\r\n    事訴訟法第454 條第2 項規定，引用檢察官聲請簡易判決處\r\n    刑書，而以簡略方式記載而為判決。原審以被告罪證明確，\r\n    適用毒品危害防制條例第10條第2 項，刑法第11條前段、第\r\n    41條第1 項前段等規定，並量處有期徒刑3 月，並諭知如易\r\n    科罰金，以新臺幣1000元折算1 日之折算標準，尚無其他明\r\n    顯事證可認原審上開量刑有何裁量逾越或裁量濫用之明顯違\r\n    法情事。復審酌本件被告無前科，有其臺灣高等法院被告前\r\n    案紀錄表1 份在卷可按，平日素行尚佳，而本件犯後否認犯\r\n    行，難認已有悔意，復參其自承為國中畢業，為低收入戶，\r\n    已離婚且需獨立扶養3 個小孩，目前無業，僅靠政府補助等\r\n    語之家庭經濟及生活狀況，堪認原審判決僅量處3 個月得易\r\n    科罰金之刑，實已審酌本件之犯罪情狀、個人智識程度及其\r\n    家庭經濟等因素，依據各該加重或減刑事由，詳加審認一切\r\n    情狀，而於法定刑度範圍內量刑，其認事用法均無違誤，亦\r\n    無輕重失衡而違反罪刑相當性之情形，堪認原審判決並無過\r\n    重，量刑適當，自應予維持。\r\n  (三)從而，原審判決並無違誤，本件上訴為無理由，應予駁回。\r\n據上論斷，應依刑事訴訟法第455 條之1 第1 項、第3 項、第36\r\n8 條、第373 條，判決如主文。\r\n本案經檢察官吳巡龍聲請簡易判決處刑及到庭執行職務。\r\n中    華    民    國   107    年    8     月    23    日\r\n                    刑事庭  審判長法  官  呂明燕\r\n                                  法  官  陳順輝\r\n                                  法  官  倪霈棻\r\n以上正本證明與原本無異。\r\n不得上訴。\r\n中    華    民    國   107    年    8     月    27    日\r\n                                  書記官  謝淑敏\r\n\r\n附件：（原審判決）\r\n臺灣澎湖地方法院刑事簡易判決         107年度馬簡字第49號\r\n聲  請  人  臺灣澎湖地方法院檢察署檢察官\r\n被      告  張慧貞  女  民國00年0月0日生\r\n                    身分證統一編號：Z000000000號  \r\n                    住澎湖縣○○市○○里00號\r\n                    居澎湖縣○○市○○街000號1樓\r\n上列被告因違反毒品危害防制條例案件，經檢察官聲請以簡易判\r\n決處刑（107年度毒偵字第1號），本院判決如下：\r\n    主      文\r\n張慧貞施用第二級毒品，處有期徒刑參月，如易科罰金，以新臺\r\n幣壹仟元折算壹日。\r\n    事實及理由\r\n一、本件犯罪事實、證據，均引用檢察官聲請簡易判決處刑書之\r\n    記載(如附件)。\r\n二、依刑事訴訟法第449條第1項前段、第3項、第454條第2項，\r\n    毒品危害防制條例第10條第2項，刑法第11條前段、第41條\r\n    第1項前段，逕以簡易判決處如主文所示之刑。\r\n三、如不服本判決應於收受判決後10日內向本院提出上訴書狀，\r\n    並應敘述具體理由；其未敘述上訴理由者，應於上訴期間屆\r\n    滿後20日內向本院補提理由書（均須按他造當事人之人數附\r\n    繕本）「切勿逕送上級法院」。\r\n本案經檢察官吳巡龍聲請以簡易判決處刑。\r\n中    華    民    國   107    年    4     月    30    日\r\n                  臺灣澎湖地方法院馬公簡易庭\r\n                      法  官  王政揚\r\n以上正本證明與原本無異。\r\n中    華    民    國   107    年    4     月    30    日\r\n                      書記官  林映君\r\n附錄本案論罪科刑法條全文：\r\n毒品危防制條例第10條第2項：\r\n施用第二級毒品者，處3年以下有期徒刑。\r\n\r\n（原審判決書附件）\r\n臺灣澎湖地方法院檢察署檢察官聲請簡易判決處刑書\r\n                                      107年度毒偵字第1號\r\n    被      告  張慧貞  女  36歲（民國00年0月0日生）\r\n                        住澎湖縣○○市○○里00號\r\n                        居澎湖縣○○市○○街000號1樓\r\n                        國民身分證統一編號：Z000000000號\r\n上列被告因違反毒品危害防制條例案件，業經偵查終結，認宜聲\r\n請以簡易判決處刑，茲將犯罪事實及證據並所犯法條分敘如下：\r\n        犯罪事實\r\n一、張慧貞前因施用第二級毒品案件，經臺灣高雄地方法院檢察\r\n    署檢察官於民國106 年4 月19日以106 年度偵字第3478號及\r\n    同年度毒偵字第1064號為緩起訴處分，緩起訴期間自106 年\r\n    5 月18日起至107 年5 月17日止。詎不知悛悔，明知甲基安\r\n    非他命係經公告列為毒品危害防制條例所稱之第二級毒品，\r\n    不得非法持有、施用，仍基於施用第二級毒品甲基安非他命\r\n    之犯意，於106 年10月13日11時53分許採尿時起回溯96小時\r\n    內之某時，在不詳地點，以不詳方式，施用第二級毒品甲基\r\n    安非他命1 次。嗣因其係臺灣高雄地方法院檢察署受保護管\r\n    束人，依通知於106 年10月13日11時53分許，在臺灣高雄地\r\n    方法院檢察署採尿室採集尿液送驗，檢驗結果呈甲基安非他\r\n    命之陽性反應，始悉上情。\r\n二、案經臺灣高雄地方法院檢察署觀護人室自動檢舉簽分呈請臺\r\n    灣高等法院高雄分院檢察署檢察長核轉本署偵辦。\r\n        證據並所犯法條\r\n一、訊據被告張慧貞矢口否認有何前開犯行，辯稱：我沒有吸毒\r\n    ，我驗尿前只有看牙醫而已，有吃牙醫開的藥，但我自己會\r\n    去西藥房買藥來吃，有感冒藥、頭痛藥、胃藥、消炎藥云云\r\n    。惟查，被告於106 年10月13日11時53分許，在臺灣高雄地\r\n    方法院檢察署採集尿液送驗，檢驗結果確呈甲基安非他命之\r\n    陽性反應一情，有台灣檢驗科技股份有限公司濫用藥物檢驗\r\n    報告（檢體編號：000000000 號）及臺灣高雄地方法院檢察\r\n    署受保護管束人（被告）尿液檢體監管紀錄表各1 張附卷可\r\n    稽，而被告於採尿前106 年10月11日至陽明診所就醫，其所\r\n    服用之藥物均不含安非他命、甲基安非他命成分或可代謝成\r\n    安非他命、甲基安非他命成分等情，有衛生福利部中央健康\r\n    保險署107 年2 月6 日健保高字第1076094962號書函所附被\r\n    告就醫紀錄及陽明診所回函各1 份在卷可稽，且「目前合法\r\n    鎮咳、感冒製劑均不含安非他命、甲基安非他命或可代謝成\r\n    安非他命、甲基安非他命之成分，故服用後其尿液不會檢出\r\n    安非他命、甲基安非他命陽性反應」、「行政院衛生署已於\r\n    民國73年10月29日以衛署藥字第500928號令公告安非他命及\r\n    甲基安非他命等為禁止醫療使用之麻醉藥品，目前均無含安\r\n    非他命及甲基安非他命之藥品許可證」等情，有行政院衛生\r\n    署管制藥品管理局92年5 月22日管證字第0920003617號函附\r\n    卷可參。故被告前揭辯解之詞不足採信，其施用第二級毒品\r\n    甲基安非他命之犯嫌洵堪認定。\r\n二、核被告張慧貞所為，係犯毒品危害防制條例第10條第2 項之\r\n    施用第二級毒品罪嫌。\r\n三、依毒品危害防制條例第23條第2 項、刑事訴訟法第451 條第\r\n    1 項聲請逕以簡易判決處刑。\r\n    此    致\r\n臺灣澎湖地方法院\r\n中    華    民    國   107    年    3     月     8    日\r\n                              檢察官  吳  巡  龍\r\n上述正本證明與原本無異\r\n中    華    民    國   107    年    3     月    13    日\r\n                              書記官  林  貝  珊\r\n參考法條：\r\n毒品危害防制條例第10條第2 項\r\n施用第二級毒品者，處 3 年以下有期徒刑。\r\n附記事項：\r\n本件係依刑事訴訟法簡易程序辦理，法院簡易庭得不傳喚被告、\r\n輔佐人、告訴人、告發人等出庭即以簡易判決處刑；被告、被害\r\n人、告訴人等對告訴乃論案件如已達成民事和解而要撤回告訴或\r\n對非告訴乃論案件認有受傳喚到庭陳述意見之必要時，請即另以\r\n書狀向簡易法庭陳述或請求傳訊。","type":"判決","historyHash":"5624f0b6eb36a0837af21d682bc8ec67","mainText":"上訴駁回。","opinion":"2.關於原審量刑部分：\n    在同一犯罪事實與情節，如別無其他加重或減輕之原因，下級審量定之刑，亦無過重或失輕之不當情形，則上級審法院對下級審法院之職權行使，原則上應予尊重。查本件係依刑事訴訟法第454 條第2 項規定，引用檢察官聲請簡易判決處刑書，而以簡略方式記載而為判決。原審以被告罪證明確，適用毒品危害防制條例第10條第2 項，刑法第11條前段、第41條第1 項前段等規定，並量處有期徒刑3 月，並諭知如易科罰金，以新臺幣1000元折算1 日之折算標準，尚無其他明顯事證可認原審上開量刑有何裁量逾越或裁量濫用之明顯違法情事。復審酌本件被告無前科，有其臺灣高等法院被告前案紀錄表1 份在卷可按，平日素行尚佳，而本件犯後否認犯行，難認已有悔意，復參其自承為國中畢業，為低收入戶，已離婚且需獨立扶養3 個小孩，目前無業，僅靠政府補助等語之家庭經濟及生活狀況，堪認原審判決僅量處3 個月得易科罰金之刑，實已審酌本件之犯罪情狀、個人智識程度及其家庭經濟等因素，依據各該加重或減刑事由，詳加審認一切情狀，而於法定刑度範圍內量刑，其認事用法均無違誤，亦無輕重失衡而違反罪刑相當性之情形，堪認原審判決並無過重，量刑適當，自應予維持。\n(三)從而，原審判決並無違誤，本件上訴為無理由，應予駁回。\n據上論斷，應依刑事訴訟法第455 條之1 第1 項、第3 項、第36 8 條、第373 條，判決如主文。\n本案經檢察官吳巡龍聲請簡易判決處刑及到庭執行職務。","relatedIssues":[{"lawName":"中華民國刑法","issueRef":"11"},{"lawName":"中華民國刑法","issueRef":"11"},{"lawName":"中華民國刑法","issueRef":"41 1"},{"lawName":"中華民國刑法","issueRef":"41 1"},{"lawName":"刑事訴訟法","issueRef":"159-1"},{"lawName":"刑事訴訟法","issueRef":"159-2"},{"lawName":"刑事訴訟法","issueRef":"159-3"},{"lawName":"刑事訴訟法","issueRef":"159-4"},{"lawName":"刑事訴訟法","issueRef":"368"},{"lawName":"刑事訴訟法","issueRef":"373"},{"lawName":"刑事訴訟法","issueRef":"449 1"},{"lawName":"刑事訴訟法","issueRef":"449 3"},{"lawName":"刑事訴訟法","issueRef":"451 1"},{"lawName":"刑事訴訟法","issueRef":"454 2"},{"lawName":"刑事訴訟法","issueRef":"454 2"},{"lawName":"刑事訴訟法","issueRef":"455-1 1"},{"lawName":"刑事訴訟法","issueRef":"455-1 3"},{"lawName":"毒品危害防制條例","issueRef":"10 2"},{"lawName":"毒品危害防制條例","issueRef":"10 2"},{"lawName":"毒品危害防制條例","issueRef":"10 2"},{"lawName":"毒品危害防制條例","issueRef":"10 2"},{"lawName":"毒品危害防制條例","issueRef":"23 2"}],"party":[{"group":["plaintiff","defendant"],"title":"上訴人即被告","value":"張慧貞"}]}
