{"court":"臺灣澎湖地方法院","date":"2014-04-30T00:00:00+08:00","no":"103,馬簡,17","sys":"刑事","reason":"違反毒品危害防制條例","judgement":"臺灣澎湖地方法院刑事簡易判決　　　　 103年度馬簡字第17號\r\n聲　請　人　臺灣澎湖地方法院檢察署檢察官\r\n被　　　告　梁國平\r\n上列被告因違反毒品危害防制條例案件，經檢察官聲請以簡易判\r\n決處刑（103年度毒偵字第1號、102年度偵字第691號），本院判\r\n決如下：\r\n    主      文\r\n梁國平施用第二級毒品，處有期徒刑伍月，如易科罰金，以新臺\r\n幣壹仟元折算壹日，扣案第二級毒品甲基安非他命肆包（毛重參\r\n點肆陸伍零公克，驗前淨重貳點玖壹貳零公克，驗餘淨重貳點玖\r\n壹壹捌公克）沒收銷燬之。\r\n    事實及理由\r\n一、本件犯罪事實、證據、應適用法條，除下列應更正事項外，\r\n    其餘均引用檢察官聲請簡易判決處刑書之記載(如附件)：\r\n（一）待證事實欄第4項第4行後段關於「附命完成戒治療」之記\r\n      載，應更正記載為「附命完成戒癮治療」。\r\n（二）犯罪事實欄一、倒數第3行及證據清單及待證事實二、倒\r\n      數第2行關於「總毛重3.4公克」之記載，均應更正為「毛\r\n      重3.4650公克，驗前淨重2.9120公克，驗餘淨重2.9118公\r\n      克」。\r\n二、依刑事訴訟法第449條第1項前段、第450條第1項、第454條\r\n    第2項，毒品危害防制條例第10條第2項、第18條第1項前段\r\n    ，刑法第11條前段、第41條第1項前段，逕以簡易判決處如\r\n    主文所示之刑。\r\n三、如不服本判決應於收受判決後10日內向本院提出上訴書狀，\r\n    並應敘述具體理由；其未敘述上訴理由者，應於上訴期間屆\r\n    滿後20日內向本院補提理由書（均須按他造當事人之人數附\r\n    繕本）「切勿逕送上級法院」。\r\n\r\n中    華    民    國   103    年    4     月     30   日\r\n                  臺灣澎湖地方法院馬公簡易庭\r\n                      法  官  陳炫谷\r\n\r\n以上正本證明與原本無異。\r\n中    華    民    國   103    年    4     月     30   日\r\n                      書記官  林德盛\r\n附錄本案論罪科刑法條全文：\r\n毒品危防制條例第10條：\r\n施用第一級毒品者，處六月以上五年以下有期徒刑。\r\n施用第二級毒品者，處三年以下有期徒刑。","type":"判決","historyHash":"","mainText":"梁國平施用第二級毒品，處有期徒刑伍月，如易科罰金，以新臺幣壹仟元折算壹日，扣案第二級毒品甲基安非他命肆包（毛重參點肆陸伍零公克，驗前淨重貳點玖壹貳零公克，驗餘淨重貳點玖壹壹捌公克）沒收銷燬之。","opinion":"","relatedIssues":[{"lawName":"中華民國刑法","issueRef":"11"},{"lawName":"中華民國刑法","issueRef":"41 1"},{"lawName":"刑事訴訟法","issueRef":"449 1"},{"lawName":"刑事訴訟法","issueRef":"450 1"},{"lawName":"刑事訴訟法","issueRef":"454 2"},{"lawName":"毒品危害防制條例","issueRef":"10 2"},{"lawName":"毒品危害防制條例","issueRef":"18 1"}],"party":[{"group":["plaintiff"],"title":"聲請人","value":"臺灣澎湖地方法院檢察署檢察官"},{"group":["defendant"],"title":"被告","value":"梁國平"}]}
