{"court":"臺灣澎湖地方法院","date":"2012-12-13T00:00:00+08:00","no":"100,易,22","sys":"刑事","reason":"詐欺等","judgement":"臺灣澎湖地方法院刑事裁定　　　　　　　 100年度易字第22號\r\n\r\n公　訴　人　臺灣澎湖地方法院檢察署檢察官\r\n被　　　告　陳完全\r\n\r\n上列被告因詐欺等案件，前經辯論終結，茲因尚有應行調查之處\r\n，應再開本件辯論，特此裁定。\r\n\r\n中　　華　　民　　國　　101　　年　　12　　月　　13　　日\r\n\r\n　　　　　　　　　　　　刑事庭　法　官　蔡政佑\r\n以上正本證明與原本無異。\r\n本裁定不得抗告。\r\n中　　華　　民　　國　　101　　年　　12　　月　　13　　日\r\n\r\n　　　　　　　　　　　　　　　　書記官　莊茹茵","type":"裁定","historyHash":"74a133a093db0323ca6cb8e09d951654","mainText":"","opinion":"","relatedIssues":[],"party":[{"group":["plaintiff"],"title":"公訴人","value":"臺灣澎湖地方法院檢察署檢察官"},{"group":["defendant"],"title":"被告","value":"陳完全"}]}
