{"court":"臺灣澎湖地方法院","date":"2018-02-08T00:00:00+08:00","no":"106,訴,44","sys":"刑事","reason":"傷害","judgement":"臺灣澎湖地方法院刑事判決　　　　　　　 106年度訴字第44號\r\n公　訴　人　臺灣澎湖地方法院檢察署檢察官\r\n被　　　告　郭立明\r\n上列被告因傷害案件，經檢察官提起公訴（106年度偵字第353號\r\n），本院判決如下：\r\n    主  文\r\n本件公訴不受理。\r\n    理  由                                              \r\n一、公訴意旨略以：被告郭立明於民國106年2月17日晚間10時50\r\n    分許，在澎湖縣馬公市西衛涼亭前空地，被告請告訴人陳偉\r\n    翔到場調解被告與第三人陳冠宇間之糾紛，詎被告因受當時\r\n    雙方劍拔弩張氣氛之影響而情緒激動，竟返回其車上拿取其\r\n    友人葉信宏所有之刃長43公分之西瓜刀靠近陳冠宇，告訴人\r\n    見狀連忙擋在被告前，然被告見遭告訴人阻擋，情緒更為激\r\n    動，雖明知告訴人在其面前，其如揮砍手持之西瓜刀，將會\r\n    導致告訴人受傷，仍基於傷害之不確定故意，持西瓜刀向前\r\n    揮砍1下，致告訴人受有右手深部切割傷併第3、4、5伸指肌\r\n    腱、伸小指肌腱、尺側伸腕肌腱斷裂等傷害。因認被告涉犯\r\n    刑法第277條第1項之傷害罪嫌等語。（原起訴法條認被告涉\r\n    犯刑法第277條第2項後段之傷害致重傷罪嫌，業經檢察官於\r\n    107年1月8日準備程序時，當庭變更起訴法條為刑法第277條\r\n    第1項之傷害罪嫌。）\r\n二、按告訴乃論之罪，告訴人於第一審辯論終結前，得撤回其告\r\n    訴；又告訴經撤回者，法院應諭知不受理之判決，並得不經\r\n    言詞辯論為之，刑事訴訟法第238條第1項、第303條第3款及\r\n    第307條，分別定有明文。\r\n三、查本件告訴人告訴被告傷害案件，公訴人認被告係犯刑法第\r\n    277條第1項之傷害罪嫌，依同法第287條前段之規定，須告\r\n    訴乃論。茲因被告已與告訴人達成和解，告訴人業於107年2\r\n    月7日具狀撤回告訴，有刑事撤回告訴狀1份（見本院卷第10\r\n    7至109頁）在卷可稽，依上開說明，爰不經言詞辯論，逕為\r\n    諭知不受理判決。\r\n據上論斷，應依刑事訴訟法第303條第3款、第307條，判決如主\r\n文。                      \r\n中    華    民    國   107    年    2     月    8     日\r\n                    刑事庭 審判長法  官 呂明燕\r\n                                 法  官 陳順輝\r\n                                 法  官 倪霈棻\r\n\r\n以上正本證明與原本無異。\r\n如不服本判決應於收受判決後10日內向本院提出上訴書狀，並應\r\n敘述具體理由；其未敘述上訴理由者，應於上訴期間屆滿後20日\r\n內向本院補提理由書(均須按他造當事人之人數附繕本)「切勿逕\r\n送上級法院」。\r\n\r\n中    華    民    國   107    年    2     月    8     日\r\n                                書記官  胡湘筠","type":"判決","historyHash":"","mainText":"本件公訴不受理。","opinion":"二、按告訴乃論之罪，告訴人於第一審辯論終結前，得撤回其告訴；又告訴經撤回者，法院應諭知不受理之判決，並得不經言詞辯論為之，刑事訴訟法第238條第1項、第303條第3款及第307條，分別定有明文。\n三、查本件告訴人告訴被告傷害案件，公訴人認被告係犯刑法第277條第1項之傷害罪嫌，依同法第287條前段之規定，須告訴乃論。茲因被告已與告訴人達成和解，告訴人業於107年2月7日具狀撤回告訴，有刑事撤回告訴狀1份（見本院卷第10 7至109頁）在卷可稽，依上開說明，爰不經言詞辯論，逕為諭知不受理判決。\n據上論斷，應依刑事訴訟法第303條第3款、第307條，判決如主文。","relatedIssues":[{"lawName":"中華民國刑法","issueRef":"277 1"},{"lawName":"中華民國刑法","issueRef":"277 1"},{"lawName":"中華民國刑法","issueRef":"277 1"},{"lawName":"中華民國刑法","issueRef":"277 2"},{"lawName":"中華民國刑法","issueRef":"287"},{"lawName":"刑事訴訟法","issueRef":"238 1"},{"lawName":"刑事訴訟法","issueRef":"303 1 3"},{"lawName":"刑事訴訟法","issueRef":"303 1 3"},{"lawName":"刑事訴訟法","issueRef":"307"},{"lawName":"刑事訴訟法","issueRef":"307"}],"party":[{"group":["plaintiff"],"title":"公訴人","value":"臺灣澎湖地方法院檢察署檢察官"},{"group":["defendant"],"title":"被告","value":"郭立明"}]}
