{"court":"臺灣澎湖地方法院","date":"2012-12-18T00:00:00+08:00","no":"101,馬交簡,117","sys":"刑事","reason":"公共危險","judgement":"臺灣澎湖地方法院刑事簡易判決　　　101年度馬交簡字第117號\r\n聲　請　人　臺灣澎湖地方法院檢察署檢察官\r\n被　　　告　鄭傳文\r\n上列被告因公共危險案件，經檢察官聲請以簡易判決處刑（101\r\n年度速偵字第116號），本院判決如下：\r\n    主      文\r\n鄭傳文服用酒類，不能安全駕駛動力交通工具而駕駛，處有期徒\r\n刑貳月，如易科罰金，以新臺幣壹仟元折算壹日。\r\n    事實及理由\r\n一、本件犯罪事實、證據、應適用法條，除證據欄應補充記載「\r\n    道路交通事故調查報告表(一)、(二)、道路交通事故現場圖\r\n    」外，其餘均引用檢察官聲請簡易判決處刑書之記載(如附\r\n    件)。\r\n二、依刑事訴訟法第449條第1項前段、第454條第2項，刑法第18\r\n    5條之3第1項、第41條第1項前段，刑法施行法第1條之1，逕\r\n    以簡易判決處如主文所示之刑。\r\n三、如不服本判決應於收受判決後10日內向本院提出上訴書狀，\r\n    並應敘述具體理由；其未敘述上訴理由者，應於上訴期間屆\r\n    滿後20日內向本院補提理由書（均須按他造當事人之人數附\r\n    繕本）「切勿逕送上級法院」。\r\n中    華    民    國  101    年    12    月    18    日\r\n                  臺灣澎湖地方法院馬公簡易庭\r\n                      法  官  鍾孟容\r\n以上正本證明與原本無異。\r\n中    華    民    國  101    年    12    月    18    日\r\n                      書記官  林長義\r\n附錄本案論罪科刑法條全文：\r\n中華民國刑法第185條之3：\r\n服用毒品、麻醉藥品、酒類或其他相類之物，不能安全駕駛動力\r\n交通工具而駕駛者，處2年以下有期徒刑、拘役或科或併科20萬\r\n元以下罰金。\r\n因而致人於死者，處1年以上7年以下有期徒刑；致重傷重，處6\r\n月以上5年以下有期徒刑。","type":"判決","historyHash":"","mainText":"鄭傳文服用酒類，不能安全駕駛動力交通工具而駕駛，處有期徒刑貳月，如易科罰金，以新臺幣壹仟元折算壹日。","opinion":"","relatedIssues":[{"lawName":"中華民國刑法","issueRef":"41 1"},{"lawName":"中華民國刑法","issueRef":"185-3"},{"lawName":"中華民國刑法","issueRef":"185-3 1"},{"lawName":"中華民國刑法施行法","issueRef":"1-1"},{"lawName":"刑事訴訟法","issueRef":"449 1"},{"lawName":"刑事訴訟法","issueRef":"454 2"}],"party":[{"group":["plaintiff"],"title":"聲請人","value":"臺灣澎湖地方法院檢察署檢察官"},{"group":["defendant"],"title":"被告","value":"鄭傳文"}]}
