{"court":"臺灣澎湖地方法院","date":"2011-03-03T00:00:00+08:00","no":"100,馬簡,30","sys":"刑事","reason":"賭博","judgement":"臺灣澎湖地方法院刑事簡易判決　　　　 100年度馬簡字第30號\r\n聲　請　人　臺灣澎湖地方法院檢察署檢察官\r\n被　　　告　黃茂雄\r\n　　　　　　徐文良\r\n　　　　　　陳俊峯\r\n　　　　　　李富美\r\n上列被告因賭博案件，經檢察官聲請以簡易判決處刑（99年度偵\r\n字第934號、第77號）本院判決如下：\r\n    主      文\r\n黃茂雄意圖營利，聚眾賭博，處有期徒刑參月，如易科罰金，以\r\n新臺幣壹仟元折算壹日，扣案六合彩簽注單參張、帳單壹張均沒\r\n收。\r\n徐文良、陳俊峯、李富美在公眾得出入之場所賭博財物，各處罰\r\n金新臺幣伍仟元，如易服勞役，各以新臺幣壹仟元折算壹日。\r\n    事實及理由\r\n一、本件扣案物品中，如主文所示之部分，為被告黃茂雄所有且\r\n    直接與本件賭博犯行有關之物品，業據供明在卷，應依法宣\r\n    告沒收，其餘部分，則不能證明與本案有關，不予宣告沒收\r\n    。其餘犯罪事實、證據、應適用法條，均引用檢察官聲請簡\r\n    易判決處刑書之記載（如附件）。\r\n二、依刑事訴訟法第449條第1項前段、第450條第1項、第454條\r\n    第2項，刑法第266條第1項、第268條、第55條、第41條第1\r\n    項前段、第42條第3項、第38條第1項第2款，刑法施行法第1\r\n    條之1，逕以簡易判決處如主文所示之刑。\r\n中    華    民    國   100    年    3     月    3     日\r\n                  臺灣澎湖地方法院馬公簡易庭\r\n                      法  官  陳介安\r\n以上正本證明與原本無異。\r\n如不服本判決應於收受判決後10日內向本院提出上訴書狀，並應\r\n敘述具體理由；其未敘述上訴理由者，應於上訴期間屆滿後20日\r\n內向本院補提理由書(均須按他造當事人之人數附繕本)「切勿逕\r\n送上級法院」。\r\n中    華    民    國   100    年    3     月    3     日\r\n                      書記官  林長義\r\n附錄本案所犯法條全文：\r\n刑法第268條：\r\n意圖營利，供給賭博場所或聚眾賭博者，處3年以下有期徒刑，\r\n得併科3,000元以下罰金。\r\n刑法第266條第1項：\r\n在公共場所或公眾得出入之場所賭博財物者，處1千元以下罰金\r\n。但以供人暫時娛樂之物為賭者，不在此限。","type":"判決","historyHash":"","mainText":"黃茂雄意圖營利，聚眾賭博，處有期徒刑參月，如易科罰金，以新臺幣壹仟元折算壹日，扣案六合彩簽注單參張、帳單壹張均沒收。\n徐文良、陳俊峯、李富美在公眾得出入之場所賭博財物，各處罰金新臺幣伍仟元，如易服勞役，各以新臺幣壹仟元折算壹日。","opinion":"","relatedIssues":[{"lawName":"中華民國刑法","issueRef":"38 1 2"},{"lawName":"中華民國刑法","issueRef":"41 1"},{"lawName":"中華民國刑法","issueRef":"42 3"},{"lawName":"中華民國刑法","issueRef":"55"},{"lawName":"中華民國刑法","issueRef":"266 1"},{"lawName":"中華民國刑法","issueRef":"266 1"},{"lawName":"中華民國刑法","issueRef":"268"},{"lawName":"中華民國刑法","issueRef":"268"},{"lawName":"中華民國刑法施行法","issueRef":"1-1"},{"lawName":"刑事訴訟法","issueRef":"449 1"},{"lawName":"刑事訴訟法","issueRef":"450 1"},{"lawName":"刑事訴訟法","issueRef":"454 2"}],"party":[{"group":["plaintiff"],"title":"聲請人","value":"臺灣澎湖地方法院檢察署檢察官"},{"group":["defendant"],"title":"被告","value":"黃茂雄"},{"group":["defendant"],"title":"被告","value":"徐文良"},{"group":["defendant"],"title":"被告","value":"陳俊峯"},{"group":["defendant"],"title":"被告","value":"李富美"}]}
