{"court":"臺灣澎湖地方法院","date":"2008-02-29T00:00:00+08:00","no":"96,簡上,17","sys":"刑事","reason":"贓物","judgement":"臺灣澎湖地方法院刑事判決　　　　　　　96年度簡上字第17號\r\n上　訴　人\r\n即　被　告　甲○○\r\n輔　佐　人　乙○○\r\n即被告之兄\r\n上列被告因贓物案件，上訴人不服本院馬公簡易庭96年度馬簡字\r\n第98號第一審判決（聲請簡易判決處刑書案號：96年度偵字第20\r\n0號），提起上訴，本院合議庭為第二審判決如下：\r\n    主  文\r\n上訴駁回。\r\n    事實及理由\r\n一、本件犯罪事實、證據及應適用之法條，均引用檢察官簡易判\r\n    決處刑書及第一審簡易判決書之記載。\r\n二、雖被告辯稱：蘇來賢有告知伊金飾係從家裡拿的，但伊不知\r\n    蘇來賢取得之金飾係屬贓物，伊無犯罪故意云云。惟查蘇來\r\n    賢於案發時係14歲之學生，其於3個月內5次自家中取得金手\r\n    鍊、金戒指、金牌等非屬依其年紀、身分可得擁有之物，一\r\n    般人均可輕易懷疑該等物品係蘇來賢竊自家中，被告辯稱其\r\n    無犯罪故意云云，委無足採。被告另辯稱：伊係輕度智障之\r\n    人，於本案行為時有精神障礙，無完全刑事責任能力云云。\r\n    惟觀諸被告於警訊時可以清楚供稱贓物之來源、牙保贓物之\r\n    時、地、品項、方法、對價等，足見被告並無意識模糊等喪\r\n    失理解力或理解力較諸常人減弱之情事，難認被告於案發當\r\n    時，有何因精神障礙或其他心智缺陷致無法辨識其行為違法\r\n    或欠缺依其辨識而行為之能力或因精神障礙或其他心智缺陷\r\n    ，致其辨識行為違法或依其辨識而行為之能力，顯著減低之\r\n    情事，被告辯稱無完全刑事責任能力云云，亦非可採。\r\n三、原審斟酌被告矢口否認犯罪，尚無悔意等情，因之適用刑法\r\n    第349條第2項、第41條第1項前段、中華民國九十六年罪犯\r\n    減刑條例第2條第1項第3款、第7條之規定，量處被告拘役40\r\n    日，並諭知以新台幣1000元折算1日之易科罰金折算標準，\r\n    再減為拘役20日，並諭知以新台幣1000元折算1日之易科罰\r\n    金折算標準，認事用法，均無不當，量刑亦稱妥適，上訴人\r\n    否認犯罪，請求撤銷原判決，為無理由，應予駁回。\r\n四、依刑事訴訟法第454條第2項、第455條之1第1項、第3項、第\r\n    373條、第368條，判決如主文。\r\n本案經檢察官丙○○到庭執行職務。\r\n中　　華　　民　　國　　97　　年　　2　　月　　29 　　日\r\n                  刑事庭  審判長法  官  管安露\r\n                                法  官  李宛玲\r\n                                法  官  陳順輝\r\n以上正本係照原本作成。\r\n本件不得上訴。\r\n中　　華　　民　　國　　97　　年　　2　　月　　29 　　日\r\n                                書記官  王耀煌","type":"判決","historyHash":"c019c8fb41158563e0fb71b18ecfb788","mainText":"上訴駁回。","opinion":"二、雖被告辯稱：蘇來賢有告知伊金飾係從家裡拿的，但伊不知蘇來賢取得之金飾係屬贓物，伊無犯罪故意云云。惟查蘇來賢於案發時係14歲之學生，其於3個月內5次自家中取得金手鍊、金戒指、金牌等非屬依其年紀、身分可得擁有之物，一般人均可輕易懷疑該等物品係蘇來賢竊自家中，被告辯稱其無犯罪故意云云，委無足採。被告另辯稱：伊係輕度智障之人，於本案行為時有精神障礙，無完全刑事責任能力云云。\n    惟觀諸被告於警訊時可以清楚供稱贓物之來源、牙保贓物之時、地、品項、方法、對價等，足見被告並無意識模糊等喪失理解力或理解力較諸常人減弱之情事，難認被告於案發當時，有何因精神障礙或其他心智缺陷致無法辨識其行為違法或欠缺依其辨識而行為之能力或因精神障礙或其他心智缺陷，致其辨識行為違法或依其辨識而行為之能力，顯著減低之情事，被告辯稱無完全刑事責任能力云云，亦非可採。\n三、原審斟酌被告矢口否認犯罪，尚無悔意等情，因之適用刑法第349條第2項、第41條第1項前段、中華民國九十六年罪犯減刑條例第2條第1項第3款、第7條之規定，量處被告拘役40日，並諭知以新台幣1000元折算1日之易科罰金折算標準，再減為拘役20日，並諭知以新台幣1000元折算1日之易科罰金折算標準，認事用法，均無不當，量刑亦稱妥適，上訴人否認犯罪，請求撤銷原判決，為無理由，應予駁回。\n四、依刑事訴訟法第454條第2項、第455條之1第1項、第3項、第373條、第368條，判決如主文。\n本案經檢察官丙○○到庭執行職務。","relatedIssues":[{"lawName":"中華民國九十六年罪犯減刑條例","issueRef":"2 1 3"},{"lawName":"中華民國九十六年罪犯減刑條例","issueRef":"7"},{"lawName":"中華民國刑法","issueRef":"41 1"},{"lawName":"中華民國刑法","issueRef":"349 2"},{"lawName":"刑事訴訟法","issueRef":"368"},{"lawName":"刑事訴訟法","issueRef":"373"},{"lawName":"刑事訴訟法","issueRef":"454 2"},{"lawName":"刑事訴訟法","issueRef":"455-1 1"},{"lawName":"刑事訴訟法","issueRef":"455-1 3"}],"party":[{"group":["plaintiff","defendant"],"title":"上訴人即被告","value":"甲○○"},{"group":["defendant"],"title":"輔佐人即被告之兄","value":"乙○○"}]}
