{"court":"臺灣澎湖地方法院","date":"2013-06-04T00:00:00+08:00","no":"102,聲,52","sys":"刑事","reason":"宣告沒收","judgement":"臺灣澎湖地方法院刑事裁定　　　　　　　 102年度聲字第52號\r\n聲　請　人　臺灣澎湖地方法院檢察署檢察官\r\n被　　　告　高傑\r\n上列聲請人聲請宣告沒收案件（102年度聲沒字第9號），本院裁\r\n定如下：\r\n    主  文\r\n聲請駁回。\r\n    理  由\r\n一、聲請意旨略以：被告高傑前因施用第二級毒品甲基安非他命\r\n    案件，經臺灣澎湖地方法院檢察署檢察官以101年度毒偵字\r\n    第45號偵查後為不起訴處分確定。惟扣案查獲之甲基安非他\r\n    命（毛重2公克，驗前淨重1.646公克，驗餘淨重1.637公克\r\n    ），屬違禁物，爰依上開規定，聲請單獨宣告沒收銷燬之。\r\n二、違禁物不問屬於犯罪行為人與否，得單獨宣告沒收，刑法第\r\n    38條第1項第1款、第2項、第40條第2項定有明文。又查獲之\r\n    第一、二級毒品及專供製造或施用第一、二級毒品之器具，\r\n    不問屬於犯人與否，均沒收銷燬之，毒品危害防制條例第18\r\n    條第1項前段亦有明文；又沒收為從刑之一種，依主從不可\r\n    分原則，應附隨於主刑而同時宣告之，除有罪、免刑等判決\r\n    ，於裁判時併宣告外，如諭知無罪之判決，既無主刑，從刑\r\n    亦無所附麗，故案內之違禁物，應另依刑法第40條但書由檢\r\n    察官聲請單獨宣告沒收（最高法院78年台非字第72號判例意\r\n    旨參照）。換言之，違禁物以隨案沒收為原則，單獨宣告沒\r\n    收為例外，單獨宣告沒收之聲請，在違禁物所涉犯罪事實未\r\n    經諭知有罪判決（包括經檢察官為不起訴或緩起訴處分確定\r\n    之情形），無從隨案處理時，始得為之。據此：\r\n（一）本件被告高傑前因施用及持有第二級毒品甲基安非他命，\r\n      遭查獲並有前揭甲基安非他命扣案，嗣其施用第二級毒品\r\n      部分犯行，經觀察、勒戒後而為臺灣澎湖地方法院檢察署\r\n      以101年度毒偵字第45號偵查後為不起訴處分確定等情，\r\n      有被告於警詢及偵訊中之自白、海岸巡防總局南部地區巡\r\n      防局101年9月23日扣押筆錄、查獲現場照片6張、高雄醫\r\n      學大學附設中和紀念醫院101年10月2日檢驗報告鑑定書、\r\n      101年9月23日濫用藥物尿液檢驗被告、前揭不起訴處分書\r\n      各1份在卷可稽（見警卷第8至12、14至18頁），堪可認定\r\n      。\r\n（二）本件被告於101年9月20日18時許施用第二級毒品，然其遭\r\n      查獲扣案之甲基安非他命，乃於同年月23日始取得而持有\r\n      之，此見被告於警詢及偵訊中之自白（見101年9月23日警\r\n      詢筆錄，警卷第2至3頁；101年11月29日偵訊筆錄，毒偵\r\n      字卷第6頁）及卷附託運單1份甚明（見警卷第13頁），是\r\n      其持有扣案甲基安非他命之犯罪事實，並非前揭不起訴處\r\n      分所及，揆諸前揭說明，即應附於其持有該等毒品之犯行\r\n      隨案處理，而非聲請單獨宣告沒收，本件聲請於法無據，\r\n      應予駁回。\r\n三、依毒品危害防制條例第18條第1項前段、刑法第40條第2項，\r\n    裁定如主文。\r\n中    華    民    國    102    年    6    月     4    日\r\n                        刑事庭  法  官  孫健智\r\n以上正本證明與原本無異。\r\n如不服本裁定，應於送達後5日內，向本院提出抗告狀（須附繕\r\n本）。\r\n中    華    民    國    102    年    6    月     4    日\r\n                                書記官  劉竹苞","type":"裁定","historyHash":"","mainText":"聲請駁回。","opinion":"（一）本件被告高傑前因施用及持有第二級毒品甲基安非他命，遭查獲並有前揭甲基安非他命扣案，嗣其施用第二級毒品部分犯行，經觀察、勒戒後而為臺灣澎湖地方法院檢察署以101年度毒偵字第45號偵查後為不起訴處分確定等情，有被告於警詢及偵訊中之自白、海岸巡防總局南部地區巡防局101年9月23日扣押筆錄、查獲現場照片6張、高雄醫學大學附設中和紀念醫院101年10月2日檢驗報告鑑定書、101年9月23日濫用藥物尿液檢驗被告、前揭不起訴處分書各1份在卷可稽（見警卷第8至12、14至18頁），堪可認定。\n（二）本件被告於101年9月20日18時許施用第二級毒品，然其遭查獲扣案之甲基安非他命，乃於同年月23日始取得而持有之，此見被告於警詢及偵訊中之自白（見101年9月23日警詢筆錄，警卷第2至3頁；101年11月29日偵訊筆錄，毒偵字卷第6頁）及卷附託運單1份甚明（見警卷第13頁），是其持有扣案甲基安非他命之犯罪事實，並非前揭不起訴處分所及，揆諸前揭說明，即應附於其持有該等毒品之犯行隨案處理，而非聲請單獨宣告沒收，本件聲請於法無據，應予駁回。\n三、依毒品危害防制條例第18條第1項前段、刑法第40條第2項，裁定如主文。","relatedIssues":[{"lawName":"中華民國刑法","issueRef":"38 1 1"},{"lawName":"中華民國刑法","issueRef":"38 2"},{"lawName":"中華民國刑法","issueRef":"40"},{"lawName":"中華民國刑法","issueRef":"40 2"},{"lawName":"中華民國刑法","issueRef":"40 2"},{"lawName":"毒品危害防制條例","issueRef":"18 1"},{"lawName":"毒品危害防制條例","issueRef":"18 1"}],"party":[{"group":["plaintiff"],"title":"聲請人","value":"臺灣澎湖地方法院檢察署檢察官"},{"group":["defendant"],"title":"被告","value":"高傑"}]}
