{"court":"臺灣澎湖地方法院","date":"2010-07-02T00:00:00+08:00","no":"99,交聲,16","sys":"刑事","reason":"違反道路交通管理處罰條例聲明異議","judgement":"臺灣澎湖地方法院交通事件裁定　　　　　99年度交聲字第16號\r\n原處分機關　交通部公路總局高雄區監理所澎湖監理站\r\n異　議　人　甲○○\r\n即受處分人\r\n上列異議人即受處分人因違反道路交通管理處罰條例案件，對於\r\n交通部公路總局高雄區監理所澎湖監理站中華民國99年5月26日\r\n所為處分（原處分案號：澎監違裁字第裁84－T00000000號）聲\r\n明異議，本院裁定如下：\r\n    主  文\r\n原處分撤銷。\r\n甲○○不罰。\r\n    理  由\r\n一、原處分意旨略以：異議人即受處分人甲○○於民國98年1月\r\n    31日15時29分許，酒後騎乘車牌號碼WQ－1646號自用小客車\r\n    ，行經澎湖縣馬公市○○路舊台電發電廠前時，為員警攔檢\r\n    ，並測得其呼氣酒精濃度為每公升0.82毫克，經員警製發違\r\n    規通知單，爰依道路交通管理處罰條例第35條第1項第1款、\r\n    （第24條第1項第2款），處異議人罰鍰新臺幣（下同）\r\n    49,500 元，吊扣駕駛執照12個月，施以道安講習（罰鍰和\r\n    駕駛執照限於99年6月25日前繳納、繳送）。\r\n二、異議意旨略以：異議人同一違規事實業經臺灣澎湖地方法院\r\n    檢察署檢察官為緩起訴處分確定，異議人亦已於98年4月20\r\n    日向財團法人犯罪被害人保護協會臺灣澎湖分會支付緩起訴\r\n    處分金5萬元，依一罪不兩罰之法理，請求撤銷原處分。\r\n三、按汽車駕駛人，駕駛汽車經測試檢定酒精濃度超過規定標準\r\n    者，處1萬5千元以上6萬元以下罰鍰，並當場移置保管該汽\r\n    車及吊扣其駕駛執照1年；有第35條第1項規定之情形者，應\r\n    接受道路交通安全講習；道路交通管理處罰條例第35條第1\r\n    項第1款、第24條第1項第2款分別定有明文。\r\n四、次按一行為同時觸犯刑事法律及違反行政法上義務規定者，\r\n    依刑事法律處罰之；但其行為應處以其他種類行政罰或得沒\r\n    入之物而未經法院宣告沒收者，亦得裁處之；前項行為如經\r\n    不起訴處分或為無罪、免訴、不受理、不付審理之裁判確定\r\n    者，得依違反行政法上之義務規定裁處之；違反行政法上義\r\n    務而受罰鍰、沒入或其他種類行政罰之處罰時，適用本法，\r\n    但其他法律有特別規定者，從其規定，行政罰法第26條、第\r\n    1條分別定有明文。行政罰法第26條所示之一事不二罰原則\r\n    ，究其立法目的，無非以一行為同時觸犯刑事法律及違反行\r\n    政法上義務規定時，由於刑罰與行政罰同屬對不法行為之制\r\n    裁，而刑罰之懲罰作用較強，故依刑事法律處罰，即足資警\r\n    惕時，實無一事二罰再處行政罰之必要，且刑事法律處罰，\r\n    由法院依法定程序為之，較符合正當法律秩序，應予優先適\r\n    用，但罰鍰以外之沒入或其他種類行政罰，因兼具維護公共\r\n    秩序之作用，為達行政目的，行政機關仍得併予裁處。故汽\r\n    車駕駛人酒後駕車時，如違反道路交通管理處罰條例第35條\r\n    第1項第1款規定，並同時涉犯刑法第185條之3公共危險罪嫌\r\n    時，道路交通管理處罰機關除有行政罰法第26條第1項但書\r\n    得處以其他種類行政罰者之情形，得裁處其他種類行政罰外\r\n    ，關於罰鍰部分，即應依上開行政罰法第26條及道路交通管\r\n    理處罰條例第10條規定移送地方法院檢察署處理，除於移送\r\n    後再有上開行政罰法第26條第2項所定不起訴等事由，不得\r\n    裁處行為人罰鍰。其次，檢察官依刑事訴訟法第253條之2第\r\n    1項第4款規定為緩起訴處分，命被告向公益團體捐款者，被\r\n    告係履行檢察官為緩起訴處分命令，性質上自屬處分金，與\r\n    罰金無異，且依刑事訴訟法第253條之2第2項規定命被告捐\r\n    款之金錢給付命令，並得為民事強制執行名義。是檢察官命\r\n    令被告為捐款之金錢給付，此等命令雖非刑罰，但仍是一種\r\n    特殊的處遇措施，會產生未經裁判即生終局處理案件之實質\r\n    效果，性質上已係實質制裁，造成被告財產減少之影響，其\r\n    捐款解釋上亦屬道路交通管理處罰條例第35條第8項所規定\r\n    之罰金，被告履行檢察官為緩起訴處分命令，與受刑事處罰\r\n    無異。況行政罰法第26條第1項僅規定「依刑事法律處罰之\r\n    」，並未明定應依刑法第33條、第34條所定主從刑罰之種類\r\n    科罰，檢察官命令被告捐款之金錢給付即係依刑事訴訟法第\r\n    253條之2第1項第4款規定所為，自與行政罰法第26條第1項\r\n    「依刑事法律處罰之」之規定，尚無扞格之處。又若檢察官\r\n    為緩起訴處分時，係命被告向指定之公益團體提供一定時數\r\n    之義務勞務，而非捐款，因此種處遇措施已造成被告義務增\r\n    加，為干預人民自由之處分，已產生實質之制裁效果，亦應\r\n    認該當於行政罰法第26條第1項「依刑事法律處罰」之規定\r\n    。另緩起訴處分所定緩起訴期間期滿未經撤銷者，依刑事訴\r\n    訟法第260條規定，非有同條第1款、第2款規定之情形者，\r\n    不得對於同一案件再行起訴，該緩起訴處分將發生禁止對已\r\n    為緩起訴處分之同一犯罪事實再行起訴之效力，此即所謂「\r\n    緩起訴處分之實質確定力」（最高法院94年台非字第215 號\r\n    判例參照），故檢察官所為對於異議人之緩起訴處分，實已\r\n    產生實質刑罰之效果。再依刑事訴訟法第253條之1規定，有\r\n    關緩起訴處分，需具備之要件與不起訴處分之要件有異，且\r\n    不起訴處分係自處分確定時起即發生實體上之確定力，不若\r\n    緩起訴處分於緩起訴處分之期間（即猶豫期間）僅發生形式\r\n    之確定力。因此，若認行政罰法第26條第2項規定之「不起\r\n    訴處分」包含「緩起訴處分」之情形，是否已逾文義解釋之\r\n    範圍，實有疑問。行政罰法第26條第2項規定既未明文包含\r\n    「緩起訴處分」之類型，而對於人民不利益之規定本不得任\r\n    意加以擴張其適用，自不宜逕認行政罰法第26條第2項之規\r\n    定於經緩起訴處分之情形亦有適用。\r\n五、經查：\r\n  (一)本件受處分人對於其上開酒醉駕車之行為並不爭執，復有緩\r\n    起訴處分書在卷可憑，堪可認定。惟受處分人前開酒醉駕車\r\n    行為，除構成道路交通管理處罰條例第35條第1項第1款之交\r\n    通違規事由外，亦已合於刑法第185條之3服用酒類不能安全\r\n    駕駛動力交通工具而駕駛罪之構成要件，臺灣澎湖地方法院\r\n    檢察署檢察官於斟酌受處分人之犯後態度及公共利益之維護\r\n    後，認以緩起訴處分為適當，乃於98年2月24日以98年度偵\r\n    字第96號為緩起訴處分，並於處分書中載明緩起訴期間為1\r\n    年，受處分人應於緩起訴處分確定後2個月內，向犯罪被害\r\n    人保護協會支付5萬元，並得分2期繳納，及應於緩起訴處分\r\n    確定後一定期間內，完成「預防再犯暨保護被害人法治教育\r\n    系列課」2小時，上開緩起訴處分期間業於99年3月15日期滿\r\n    未據撤銷等情，有該緩起訴處分書、澎湖縣第一信用合作社\r\n    現金收入副票、臺灣高等法院被告前案紀錄表在卷可稽，堪\r\n    可認定。\r\n  (二)本件異議人上開酒後駕車之行為，前經緩起訴處分確定，異\r\n    議人並已向財團法人犯罪被害人保護協會臺灣澎湖分會支付\r\n    5萬元，嗣緩起訴處分期滿未經撤銷而產生實質刑罰之效果\r\n    ，揆諸上開行政罰法第26條規定與前揭說明，原處分機關對\r\n    異議人上開酒後駕車之違規行為，自不得再依道路交通管理\r\n    處罰條例第35條第1項第1款裁處行政罰鍰，受處分人就此部\r\n    分聲明異議，非無理由。\r\n  (三)至於原處分關於吊扣駕駛執照12個月及施以道安講習部分，\r\n    前經本院以98年度交聲更字第1號交通事件裁定裁處確定，\r\n    有本院上開交通事件裁定在卷可稽，原處分機關自不得再就\r\n    同一違規行為重複裁處，故原處分重複諭知異議人應吊扣駕\r\n    駛駕駛執照及接受道安講習之部分，顯有違「一事不二罰」\r\n    原則，自有未合。\r\n  (四)綜上所述，原處分機關所為上開處分，於法未合，應由本院\r\n    將原處分撤銷，重新諭知如主文第2項所示之處分。\r\n六、據上論斷，應依道路交通管理處罰條例第87條第2項，道路\r\n    交通案件處理辦法第20條，裁定如主文。\r\n中    華    民    國    99    年    7     月    2     日\r\n                      交通法庭  法  官  李宛玲\r\n以上正本證明與原本無異。\r\n如不服本裁定，應於裁定送達之翌日起5日內向本院提出抗告狀\r\n（須附繕本）。\r\n中    華    民    國    99    年    7     月    2     日\r\n                                書記官  莊茹茵","type":"裁定","historyHash":"","mainText":"原處分撤銷。\n甲○○不罰。","opinion":"五、經查：\n  (一)本件受處分人對於其上開酒醉駕車之行為並不爭執，復有緩起訴處分書在卷可憑，堪可認定。惟受處分人前開酒醉駕車行為，除構成道路交通管理處罰條例第35條第1項第1款之交通違規事由外，亦已合於刑法第185條之3服用酒類不能安全駕駛動力交通工具而駕駛罪之構成要件，臺灣澎湖地方法院檢察署檢察官於斟酌受處分人之犯後態度及公共利益之維護後，認以緩起訴處分為適當，乃於98年2月24日以98年度偵字第96號為緩起訴處分，並於處分書中載明緩起訴期間為1年，受處分人應於緩起訴處分確定後2個月內，向犯罪被害人保護協會支付5萬元，並得分2期繳納，及應於緩起訴處分確定後一定期間內，完成「預防再犯暨保護被害人法治教育系列課」2小時，上開緩起訴處分期間業於99年3月15日期滿未據撤銷等情，有該緩起訴處分書、澎湖縣第一信用合作社現金收入副票、臺灣高等法院被告前案紀錄表在卷可稽，堪可認定。\n  (二)本件異議人上開酒後駕車之行為，前經緩起訴處分確定，異議人並已向財團法人犯罪被害人保護協會臺灣澎湖分會支付5萬元，嗣緩起訴處分期滿未經撤銷而產生實質刑罰之效果，揆諸上開行政罰法第26條規定與前揭說明，原處分機關對異議人上開酒後駕車之違規行為，自不得再依道路交通管理處罰條例第35條第1項第1款裁處行政罰鍰，受處分人就此部分聲明異議，非無理由。\n  (三)至於原處分關於吊扣駕駛執照12個月及施以道安講習部分，前經本院以98年度交聲更字第1號交通事件裁定裁處確定，有本院上開交通事件裁定在卷可稽，原處分機關自不得再就同一違規行為重複裁處，故原處分重複諭知異議人應吊扣駕駛駕駛執照及接受道安講習之部分，顯有違「一事不二罰」原則，自有未合。\n  (四)綜上所述，原處分機關所為上開處分，於法未合，應由本院將原處分撤銷，重新諭知如主文第2項所示之處分。\n六、據上論斷，應依道路交通管理處罰條例第87條第2項，道路交通案件處理辦法第20條，裁定如主文。","relatedIssues":[{"lawName":"中華民國刑法","issueRef":"33"},{"lawName":"中華民國刑法","issueRef":"34"},{"lawName":"中華民國刑法","issueRef":"185-3"},{"lawName":"中華民國刑法","issueRef":"185-3"},{"lawName":"刑事訴訟法","issueRef":"253-1"},{"lawName":"刑事訴訟法","issueRef":"253-2 1 4"},{"lawName":"刑事訴訟法","issueRef":"253-2 1 4"},{"lawName":"刑事訴訟法","issueRef":"253-2 2"},{"lawName":"刑事訴訟法","issueRef":"260"},{"lawName":"刑事訴訟法","issueRef":"260 1 1"},{"lawName":"刑事訴訟法","issueRef":"260 1 2"},{"lawName":"行政罰法","issueRef":"1"},{"lawName":"行政罰法","issueRef":"26"},{"lawName":"行政罰法","issueRef":"26"},{"lawName":"行政罰法","issueRef":"26"},{"lawName":"行政罰法","issueRef":"26"},{"lawName":"行政罰法","issueRef":"26 1"},{"lawName":"行政罰法","issueRef":"26 1"},{"lawName":"行政罰法","issueRef":"26 1"},{"lawName":"行政罰法","issueRef":"26 1"},{"lawName":"行政罰法","issueRef":"26 2"},{"lawName":"行政罰法","issueRef":"26 2"},{"lawName":"行政罰法","issueRef":"26 2"},{"lawName":"行政罰法","issueRef":"26 2"},{"lawName":"道路交通事件處理辦法","issueRef":"20"},{"lawName":"道路交通管理處罰條例","issueRef":"10"},{"lawName":"道路交通管理處罰條例","issueRef":"24 1 2"},{"lawName":"道路交通管理處罰條例","issueRef":"35 1 1"},{"lawName":"道路交通管理處罰條例","issueRef":"35 1 1"},{"lawName":"道路交通管理處罰條例","issueRef":"35 1 1"},{"lawName":"道路交通管理處罰條例","issueRef":"35 1 1"},{"lawName":"道路交通管理處罰條例","issueRef":"35 1 1"},{"lawName":"道路交通管理處罰條例","issueRef":"35 8"},{"lawName":"道路交通管理處罰條例","issueRef":"87 2"}],"party":[{"group":[],"title":"原處分機關","value":"交通部公路總局高雄區監理所澎湖監理站"},{"group":["plaintiff"],"title":"異議人即受處分人","value":"甲○○"}]}
