{"court":"臺灣澎湖地方法院","date":"2010-09-08T00:00:00+08:00","no":"99,聲,36","sys":"刑事","reason":"定應執行刑","judgement":"臺灣澎湖地方法院刑事裁定　　　　　　　　99年度聲字第36號\r\n聲　請　人　臺灣澎湖地方法院檢察署檢察官\r\n受　刑　人　甲○○\r\n上列聲請人因受刑人數罪併罰有二裁判以上，聲請定其應執行之\r\n刑，本院裁定如下：\r\n    主  文\r\n甲○○所處如附表所示之有期徒刑，應執行有期徒刑肆年參月，\r\n褫奪公權參年。\r\n    理  由\r\n受刑人甲○○因毒品危害防制條例等案件，經法院先後判處如附\r\n表所示之刑（詳如附表所示），均經分別確定在案。茲檢察官聲\r\n請定其應執行之刑，本院審核認聲請為正當，應定其應執行之刑\r\n。爰依刑事訴訟法第477條第1項、第220條、刑法第53條、第51\r\n條第5款，裁定如主文。\r\n中    華    民    國    99    年    9     月    8     日\r\n                        刑事庭  法  官  陳順輝\r\n以上正本証明與原本無異。\r\n如不服本裁定，應於裁定送達之翌日起5日內提出抗告狀於本院\r\n（須附繕本）。\r\n中    華    民    國    99    年    9     月    9     日\r\n                                書記官  王耀煌","type":"裁定","historyHash":"","mainText":"甲○○所處如附表所示之有期徒刑，應執行有期徒刑肆年參月，褫奪公權參年。","opinion":"理  由\n受刑人甲○○因毒品危害防制條例等案件，經法院先後判處如附表所示之刑（詳如附表所示），均經分別確定在案。茲檢察官聲請定其應執行之刑，本院審核認聲請為正當，應定其應執行之刑。爰依刑事訴訟法第477條第1項、第220條、刑法第53條、第51條第5款，裁定如主文。","relatedIssues":[{"lawName":"中華民國刑法","issueRef":"51 1 5"},{"lawName":"中華民國刑法","issueRef":"53"},{"lawName":"刑事訴訟法","issueRef":"220"},{"lawName":"刑事訴訟法","issueRef":"477 1"}],"party":[{"group":["plaintiff"],"title":"聲請人","value":"臺灣澎湖地方法院檢察署檢察官"},{"group":["defendant"],"title":"受刑人","value":"甲○○"}]}
