{"court":"臺灣澎湖地方法院","date":"2008-02-14T00:00:00+08:00","no":"96,馬簡,158","sys":"刑事","reason":"違反漁業法等","judgement":"臺灣澎湖地方法院刑事簡易判決　　　　 96年度馬簡字第158號\r\n聲　請　人　臺灣澎湖地方法院檢察署檢察官\r\n被　　　告　丙○○\r\n　　　　　　　　　　大陸地區\r\n　　　　　　乙○○\r\n　　　　　　　　　　大陸地區\r\n上列被告等因違反漁業法等案件，經檢察官聲請以簡易判決處刑\r\n（96年度偵字第542號），本院判決如下：\r\n    主      文\r\n丙○○、乙○○共同違反採捕水產動物，不得使用電氣方法之規\r\n定，各處有期徒刑伍月，如易科罰金，均以新臺幣壹仟元折算壹\r\n日，緩刑貳年。扣案之電纜線貳條共柒拾壹公尺、電纜線開關壹\r\n個、變壓器開關參個、漁網壹具及新臺幣壹萬肆仟柒佰肆拾參元\r\n（即漁獲物參佰壹拾貳公斤扣除管理費後之拍賣所得）均沒收。\r\n    事實及理由\r\n一、丙○○、乙○○為澎湖籍「盛尚滿號」 (統一編號：CT0-00\r\n    0000號，現已更名為「全興發號」)漁船之大陸船員，受雇\r\n    該船船長甲○○（另由本院判處徒刑），三人共同基於以電\r\n    氣採捕水產動物之意思聯絡，於民國96年8月24日上午9時25\r\n    分許，駕駛前揭漁船自澎湖縣西嶼鄉內垵安檢所報關出港，\r\n    航至目斗嶼西北外海約8浬處（即北緯23.52度，東經119.29\r\n    度）之境內海域，即以發電機、變壓器連接電纜通電至漁網\r\n    外圍，並將漁網放置在海底網捕之方式，共同以電氣採捕水\r\n    產動物，經查緝人員當場查獲，並扣得電纜線約58 公尺及\r\n    漁獲物312公斤，又於96年10月18日，經查緝人員持搜索票\r\n    搜索，再扣得電纜線開關1個、變壓器3個、電纜線13 公尺\r\n    及漁網1具等物。\r\n二、前述犯罪事實，有下列證據證明：\r\n（一）被告丙○○、乙○○之陳述。\r\n（二）同案被告甲○○之陳述。\r\n（三）機漁船 (含船員)進出港檢查紀錄表、行政院海岸巡防署\r\n      海洋巡防總局第八海巡隊檢查紀錄表、盛尚滿號位置圖、\r\n      查緝過程光碟片、查緝照片、扣押物品清單、臺灣澎湖地\r\n      方法院檢察贓證物款收據。\r\n（四）扣案電纜線2條（長度共71公尺）、電纜線開關1個、變壓\r\n      器開關3個、漁網1具及漁獲物312公斤。\r\n三、核被告丙○○、乙○○使用電氣採捕水產動物之行為，係違\r\n    反漁業法第48條第1項第3款之規定，而犯同法第60條第1項\r\n    之罪。被告丙○○、乙○○與同案被告甲○○間，就上開犯\r\n    行，有犯意聯絡及行為分擔，均為共同正犯。爰審酌被告二\r\n    人為圖私利，非法以電氣方法採捕水產動物，影響海洋生態\r\n    ，危害一般漁民之生計等情狀，依法量處如主文所示之刑，\r\n    並均諭知易科罰金之折算標準。又被告二人未曾受有期徒刑\r\n    以上刑之宣告，有台灣高等法院被告全國前案紀錄表可查，\r\n    其等為受雇之大陸漁工，從屬雇主而參與\r\n    本件犯行，經此次刑事訴訟程序，應知警惕，因而宣告緩刑\r\n    二年。扣案之電纜線2條（長度共71公尺）、電纜線開關1個\r\n    、變壓器開關3個、漁網1具為共犯甲○○所有，且為供犯罪\r\n    所用之漁具；又扣案之漁貨物，業經拍賣得款新台幣14,743\r\n    元，均應依漁業法第68條規定宣告沒收。\r\n四、依刑事訴訟法第449條第1項前段、第450條第1項，漁業法第\r\n    48條第1項、第60條第1項、第68條前段，刑法第11條、第28\r\n    條、第41條第1項前段，判決如主文。\r\n中　　華　　民　　國　　97　　年　　2　　月　　 14　　日\r\n  　　　　　　　　臺灣澎湖地方法院馬公簡易庭\r\n                      法　官　陳介安\r\n以上正本證明與原本無異。\r\n如不服本判決，得自收受送達之日起10日內，表明上訴理由，向\r\n本庭（澎湖縣馬公市西文里西文澳310號）提起上訴狀（須附繕本）。\r\n中　　華　　民　　國　　97　　年　　2　　月　　 14　　日\r\n                      書記官　林長義\r\n附錄本案論罪科刑法條全文：\r\n漁業法第48條第1項：\r\n採捕水產動植物，不得以左列方法為之：\r\n一  使用毒物。\r\n二  使用炸藥或其他爆裂物。\r\n三  使用電氣或其他麻醉物。\r\n為試驗研究目的，經中央或直轄市主管機關許可者，不受前項之\r\n限制。\r\n漁業法第60條第1項：\r\n違反第 48 條第 1 項各款規定之一者，處 5 年以下有期徒刑、\r\n拘役或併科新台幣 15 萬元以下罰金。","type":"判決","historyHash":"","mainText":"丙○○、乙○○共同違反採捕水產動物，不得使用電氣方法之規定，各處有期徒刑伍月，如易科罰金，均以新臺幣壹仟元折算壹日，緩刑貳年。扣案之電纜線貳條共柒拾壹公尺、電纜線開關壹個、變壓器開關參個、漁網壹具及新臺幣壹萬肆仟柒佰肆拾參元（即漁獲物參佰壹拾貳公斤扣除管理費後之拍賣所得）均沒收。","opinion":"（三）機漁船 (含船員)進出港檢查紀錄表、行政院海岸巡防署海洋巡防總局第八海巡隊檢查紀錄表、盛尚滿號位置圖、查緝過程光碟片、查緝照片、扣押物品清單、臺灣澎湖地方法院檢察贓證物款收據。\n（四）扣案電纜線2條（長度共71公尺）、電纜線開關1個、變壓器開關3個、漁網1具及漁獲物312公斤。\n三、核被告丙○○、乙○○使用電氣採捕水產動物之行為，係違反漁業法第48條第1項第3款之規定，而犯同法第60條第1項之罪。被告丙○○、乙○○與同案被告甲○○間，就上開犯行，有犯意聯絡及行為分擔，均為共同正犯。爰審酌被告二人為圖私利，非法以電氣方法採捕水產動物，影響海洋生態，危害一般漁民之生計等情狀，依法量處如主文所示之刑，並均諭知易科罰金之折算標準。又被告二人未曾受有期徒刑以上刑之宣告，有台灣高等法院被告全國前案紀錄表可查，其等為受雇之大陸漁工，從屬雇主而參與\n    本件犯行，經此次刑事訴訟程序，應知警惕，因而宣告緩刑二年。扣案之電纜線2條（長度共71公尺）、電纜線開關1個、變壓器開關3個、漁網1具為共犯甲○○所有，且為供犯罪所用之漁具；又扣案之漁貨物，業經拍賣得款新台幣14,743元，均應依漁業法第68條規定宣告沒收。\n四、依刑事訴訟法第449條第1項前段、第450條第1項，漁業法第48條第1項、第60條第1項、第68條前段，刑法第11條、第28條、第41條第1項前段，判決如主文。","relatedIssues":[{"lawName":"中華民國刑法","issueRef":"11"},{"lawName":"中華民國刑法","issueRef":"28"},{"lawName":"中華民國刑法","issueRef":"41 1"},{"lawName":"刑事訴訟法","issueRef":"449 1"},{"lawName":"刑事訴訟法","issueRef":"450 1"},{"lawName":"漁業法","issueRef":"48 1"},{"lawName":"漁業法","issueRef":"48 1"},{"lawName":"漁業法","issueRef":"48 1 3"},{"lawName":"漁業法","issueRef":"60 1"},{"lawName":"漁業法","issueRef":"60 1"},{"lawName":"漁業法","issueRef":"60 1"},{"lawName":"漁業法","issueRef":"68"},{"lawName":"漁業法","issueRef":"68"}],"party":[{"group":["plaintiff"],"title":"聲請人","value":"臺灣澎湖地方法院檢察署檢察官"},{"group":["defendant"],"title":"被告","value":"丙○○"},{"group":["defendant"],"title":"被告","value":"大陸地區"},{"group":["defendant"],"title":"被告","value":"乙○○"},{"group":["defendant"],"title":"被告","value":"大陸地區"}]}
