{"court":"臺灣澎湖地方法院","date":"2015-09-14T00:00:00+08:00","no":"104,聲,72","sys":"刑事","reason":"定應執行刑","judgement":"臺灣澎湖地方法院刑事裁定　　　　　　　 104年度聲字第72號\r\n聲　請　人　臺灣澎湖地方法院檢察署檢察官\r\n受　刑　人　蘇智呈\r\n上列聲請人因受刑人數罪併罰有二裁判以上，聲請定其應執行之\r\n刑（104年度執聲字第28號），本院裁定如下：\r\n    主  文\r\n蘇智呈所犯如附表所示之罪，應執行有期徒刑捌月。\r\n    理  由\r\n一、聲請意旨略以：受刑人蘇智呈因公共危險等罪，經判決確定\r\n    如附表所示，應依刑法第53條、第51條第5款等規定，定其\r\n    應執行之刑，爰依刑事訴訟法第477條第1項聲請裁定等語。\r\n二、按裁判確定前犯數罪者，併合處罰之。但有下列情形之一者\r\n    ，不在此限：(1)得易科罰金之罪與不得易科罰金之罪。(2)得\r\n    易科罰金之罪與不得易服社會勞動之罪。(3)得易服社會勞動\r\n    之罪與不得易科罰金之罪。(4)得易服社會勞動之罪與不得易\r\n    服社會勞動之罪。前項但書情形，受刑人請求檢察官聲請定\r\n    應執行刑者，依第51條規定定之；數罪併罰，有二裁判以上\r\n    者，依第51條之規定，定其應執行之刑，刑法第50條、第53\r\n    條分別定有明文。\r\n三、經查，本件受刑人因公共危險等案件，先後經判處如附表所\r\n    示之罪刑，並分別確定在案，此有臺灣高等法院被告前案紀\r\n    錄表、各該刑事判決書等在卷可稽。其中附表編號1部分所\r\n    處之刑得易科罰金，編號2部分所處之刑不得易科罰金，合\r\n    於刑法第50條第1項但書第1款之情形，依刑法第50條第2項\r\n    規定，須經受刑人請求檢察官聲請定其應執行之刑，始得依\r\n    刑法第51條規定定之。茲受刑人請求檢察官聲請就附表所示\r\n    之罪刑合併定其應執行之刑，有臺灣澎湖地方法院檢察署依\r\n    102年1月23日修正之刑法第50條調查受刑人是否聲請定應執\r\n    行刑調查表1紙在卷可稽，是本件聲請，核屬正當，爰定其\r\n    應執行之刑。\r\n四、受刑人所犯如附表編號1所示之罪，其宣告刑應為「有期徒\r\n    刑3月」，有該判決書附卷可參，原聲請書漏未記載「有期\r\n    」，應予補充，併此敘明。\r\n五、依刑事訴訟法第477條第1項，刑法第50條第2項、第53條、\r\n    第51條第5款，裁定如主文。\r\n中    華    民    國    104    年    9    月    14    日\r\n                        刑事庭  法  官  倪霈棻\r\n以上正本證明與原本無異。\r\n如不服本裁定，應於送達後5日內，向本院提出抗告狀（須附繕\r\n本）。\r\n中    華    民    國   104    年    9     月    14    日\r\n\r\n                                書記官  王耀煌","type":"裁定","historyHash":"","mainText":"蘇智呈所犯如附表所示之罪，應執行有期徒刑捌月。","opinion":"三、經查，本件受刑人因公共危險等案件，先後經判處如附表所示之罪刑，並分別確定在案，此有臺灣高等法院被告前案紀錄表、各該刑事判決書等在卷可稽。其中附表編號1部分所處之刑得易科罰金，編號2部分所處之刑不得易科罰金，合於刑法第50條第1項但書第1款之情形，依刑法第50條第2項規定，須經受刑人請求檢察官聲請定其應執行之刑，始得依刑法第51條規定定之。茲受刑人請求檢察官聲請就附表所示之罪刑合併定其應執行之刑，有臺灣澎湖地方法院檢察署依102年1月23日修正之刑法第50條調查受刑人是否聲請定應執行刑調查表1紙在卷可稽，是本件聲請，核屬正當，爰定其應執行之刑。\n四、受刑人所犯如附表編號1所示之罪，其宣告刑應為「有期徒刑3月」，有該判決書附卷可參，原聲請書漏未記載「有期」，應予補充，併此敘明。\n五、依刑事訴訟法第477條第1項，刑法第50條第2項、第53條、第51條第5款，裁定如主文。","relatedIssues":[{"lawName":"中華民國刑法","issueRef":"50"},{"lawName":"中華民國刑法","issueRef":"50"},{"lawName":"中華民國刑法","issueRef":"50 1"},{"lawName":"中華民國刑法","issueRef":"50 2"},{"lawName":"中華民國刑法","issueRef":"50 2"},{"lawName":"中華民國刑法","issueRef":"51"},{"lawName":"中華民國刑法","issueRef":"51 1 5"},{"lawName":"中華民國刑法","issueRef":"51 1 5"},{"lawName":"中華民國刑法","issueRef":"53"},{"lawName":"中華民國刑法","issueRef":"53"},{"lawName":"中華民國刑法","issueRef":"53"},{"lawName":"刑事訴訟法","issueRef":"477 1"},{"lawName":"刑事訴訟法","issueRef":"477 1"}],"party":[{"group":["plaintiff"],"title":"聲請人","value":"臺灣澎湖地方法院檢察署檢察官"},{"group":["defendant"],"title":"受刑人","value":"蘇智呈"}]}
