{"court":"臺灣澎湖地方法院","date":"2015-10-07T00:00:00+08:00","no":"104,聲,79","sys":"刑事","reason":"定應執行刑","judgement":"臺灣澎湖地方法院刑事裁定　　　　　　　 104年度聲字第79號\r\n聲　請　人　臺灣澎湖地方法院檢察署檢察官\r\n受　刑　人　呂尚融\r\n上列聲請人因受刑人數罪併罰有二裁判以上，聲請定其應執行之\r\n刑（104年度執聲字第42號），本院裁定如下：\r\n    主  文\r\n呂尚融所犯如附表所示之罪，應執行有期徒刑柒年。\r\n    理  由\r\n一、聲請意旨略以：受刑人呂尚融因違反毒品危害防制條例等罪\r\n    ，經判決確定如附表所示，應依刑法第50條第1項但書、第\r\n    2項、第53條、第51條第5款等規定，定其應執行之刑，爰依\r\n    刑事訴訟法第477條第1項聲請裁定等語。\r\n二、按裁判確定前犯數罪者，併合處罰之。但有下列情形之一者\r\n    ，不在此限：(1)得易科罰金之罪與不得易科罰金之罪。(2)得\r\n    易科罰金之罪與不得易服社會勞動之罪。(3)得易服社會勞動\r\n    之罪與不得易科罰金之罪。(4)得易服社會勞動之罪與不得易\r\n    服社會勞動之罪。前項但書情形，受刑人請求檢察官聲請定\r\n    應執行刑者，依第51條規定定之；數罪併罰，有二裁判以上\r\n    者，依第51條之規定，定其應執行之刑，刑法第50條、第53\r\n    條分別定有明文。\r\n三、經查，本件受刑人因違反毒品危害防制條例等案件，先後經\r\n    判處如附表所示之罪刑，並分別確定在案，此有臺灣高等法\r\n    院被告前案紀錄表、各該刑事判決書等在卷可稽。其中附表\r\n    編號1至4、編號5至6、編號7至11之罪分別經裁定及判決應\r\n    執行有期徒刑1年1月、3年6月、1年4月確定。又如附表所示\r\n    之13罪，其中編號1至4、7至11、13部分所處之刑得易服社\r\n    會勞動，編號5至6、12部分所處之刑不得易服社會勞動，合\r\n    於修正後刑法第50條第1項但書第4款之情形，依刑法第50條\r\n    第2項規定，須經受刑人請求檢察官聲請定其應執行之刑，\r\n    始得依刑法第51條規定定之。茲受刑人請求檢察官聲請就附\r\n    表所示之罪刑合併定其應執行之刑，有臺灣澎湖地方法院檢\r\n    察署依102年1月23日修正之刑法第50條調查受刑人是否聲請\r\n    定應執行刑調查表1紙在卷可稽，是本件聲請，核屬正當，\r\n    爰定其應執行之刑。\r\n四、依刑事訴訟法第477條第1項，刑法第50條第2項、第53條、\r\n    第51條第5款，裁定如主文。\r\n中    華    民    國   104    年    10    月    7     日\r\n                        刑事庭  法  官  倪霈棻\r\n以上正本證明與原本無異。\r\n如不服本裁定，應於送達後5日內，向本院提出抗告狀（須附繕\r\n本）。\r\n中    華    民    國   104    年    10    月    7     日\r\n\r\n                                書記官  王耀煌","type":"裁定","historyHash":"","mainText":"呂尚融所犯如附表所示之罪，應執行有期徒刑柒年。","opinion":"三、經查，本件受刑人因違反毒品危害防制條例等案件，先後經判處如附表所示之罪刑，並分別確定在案，此有臺灣高等法院被告前案紀錄表、各該刑事判決書等在卷可稽。其中附表編號1至4、編號5至6、編號7至11之罪分別經裁定及判決應執行有期徒刑1年1月、3年6月、1年4月確定。又如附表所示之13罪，其中編號1至4、7至11、13部分所處之刑得易服社會勞動，編號5至6、12部分所處之刑不得易服社會勞動，合於修正後刑法第50條第1項但書第4款之情形，依刑法第50條第2項規定，須經受刑人請求檢察官聲請定其應執行之刑，始得依刑法第51條規定定之。茲受刑人請求檢察官聲請就附表所示之罪刑合併定其應執行之刑，有臺灣澎湖地方法院檢察署依102年1月23日修正之刑法第50條調查受刑人是否聲請定應執行刑調查表1紙在卷可稽，是本件聲請，核屬正當，爰定其應執行之刑。\n四、依刑事訴訟法第477條第1項，刑法第50條第2項、第53條、第51條第5款，裁定如主文。","relatedIssues":[{"lawName":"中華民國刑法","issueRef":"50"},{"lawName":"中華民國刑法","issueRef":"50"},{"lawName":"中華民國刑法","issueRef":"50 1"},{"lawName":"中華民國刑法","issueRef":"50 1"},{"lawName":"中華民國刑法","issueRef":"50 2"},{"lawName":"中華民國刑法","issueRef":"50 2"},{"lawName":"中華民國刑法","issueRef":"50 2"},{"lawName":"中華民國刑法","issueRef":"51"},{"lawName":"中華民國刑法","issueRef":"51 1 5"},{"lawName":"中華民國刑法","issueRef":"51 1 5"},{"lawName":"中華民國刑法","issueRef":"53"},{"lawName":"中華民國刑法","issueRef":"53"},{"lawName":"中華民國刑法","issueRef":"53"},{"lawName":"刑事訴訟法","issueRef":"477 1"},{"lawName":"刑事訴訟法","issueRef":"477 1"}],"party":[{"group":["plaintiff"],"title":"聲請人","value":"臺灣澎湖地方法院檢察署檢察官"},{"group":["defendant"],"title":"受刑人","value":"呂尚融"}]}
