{"court":"臺灣澎湖地方法院","date":"2009-04-28T00:00:00+08:00","no":"98,馬簡,20","sys":"刑事","reason":"傷害","judgement":"臺灣澎湖地方法院刑事簡易判決　　　　　98年度馬簡字第20號\r\n聲　請　人　台灣澎湖地方法院檢察署檢察官\r\n被　　　告　甲○○\r\n上列被告因傷害事件，經檢察官聲請以簡易判決處刑（97年度調\r\n偵字第18號），本院判決如下：\r\n    主      文\r\n甲○○犯傷害罪，處拘役伍拾日，如易科罰金，以新臺幣壹仟元\r\n折算壹日。\r\n    事實及理由\r\n一、本件犯罪事實、證據、應適用法條，除卷附支票影本1紙應\r\n    更正為本票影本1紙外，其餘均引用檢察官聲請簡易判決處\r\n    刑書之記載（如附件）。\r\n二、依刑事訴訟法第449條第1項前段、第454條第2項，刑法第\r\n    277條第1項、第41條第1項前段，刑法施行法第1條之1，逕\r\n    以簡易判決處如主文所示之刑。\r\n中　　華　　民　　國　　98　　年　　4 　　月　　28　　日\r\n                  臺灣澎湖地方法院馬公簡易庭\r\n                      法　官　陳介安\r\n以上正本證明與原本無異。\r\n如不服本件判決，得自收受送達之日起10日內，表明上訴理由，\r\n向本庭（澎湖縣馬公市西文里西文澳310號）提起上訴狀（須附\r\n繕本）。\r\n中　　華　　民　　國　　98　　年　　4 　　月　　28　　日\r\n                      書記官　林長義\r\n附錄本案論罪科刑法條全文：\r\n刑法第277條第1項：\r\n傷害人之身體或健康者，處3年以下有期徒刑、拘役或1000元以\r\n下罰金。","type":"判決","historyHash":"","mainText":"甲○○犯傷害罪，處拘役伍拾日，如易科罰金，以新臺幣壹仟元折算壹日。","opinion":"","relatedIssues":[{"lawName":"中華民國刑法","issueRef":"41 1"},{"lawName":"中華民國刑法","issueRef":"277 1"},{"lawName":"中華民國刑法","issueRef":"277 1"},{"lawName":"中華民國刑法施行法","issueRef":"1-1"},{"lawName":"刑事訴訟法","issueRef":"449 1"},{"lawName":"刑事訴訟法","issueRef":"454 2"}],"party":[{"group":["plaintiff"],"title":"聲請人","value":"台灣澎湖地方法院檢察署檢察官"},{"group":["defendant"],"title":"被告","value":"甲○○"}]}
