{"court":"臺灣澎湖地方法院","date":"2018-09-17T00:00:00+08:00","no":"107,易緝,2","sys":"刑事","reason":"詐欺","judgement":"臺灣澎湖地方法院刑事判決　　　　　　　107年度易緝字第2號\r\n公　訴　人　臺灣澎湖地方法院檢察署檢察官\r\n被　　　告　鄭伊烝\r\n選任辯護人　陳梅欽律師\r\n上列被告因詐欺案件，經檢察官提起公訴（99年度偵字第630 號\r\n）後，檢察官聲請改依協商程序而為判決，本院判決如下：\r\n    主  文\r\n鄭伊烝共同犯詐欺取財罪，處有期徒刑參月，如易科罰金，以新\r\n臺幣壹仟元折算壹日。\r\n    事實及理由\r\n一、本件犯罪事實及證據，除被告鄭伊已就犯罪事實坦承不諱\r\n    外，餘均引用檢察官起訴書之記載（如附件）。\r\n二、按行為後法律有變更者，適用行為時之法律。但行為後之法\r\n    律有利於行為人者，適用最有利於行為人之法律。刑法第2\r\n    條第1 項定有明文。經查，被告為本案犯行後，刑法第339\r\n    條之規定業於民國103 年6 月18日修正公布，並自同年月20\r\n    日生效施行。修正前刑法第339 條第1 項規定：「意圖為自\r\n    己或第三人不法之所有，以詐術使人將本人或第三人之物交\r\n    付者，處5 年以下有期徒刑、拘役或科或併科1 千元以下罰\r\n    金。」；修正後刑法第339 條第1 項則規定：「意圖為自己\r\n    或第三人不法之所有，以詐術使人將本人或第三人之物交付\r\n    者，處5 年以下有期徒刑、拘役或科或併科50萬元以下罰金\r\n    。」；另增訂刑法第339 條之4 規定：「犯第339 條詐欺罪\r\n    而有下列情形之一者，處1 年以上7 年以下有期徒刑，得併\r\n    科100 萬元以下罰金：一、冒用政府機關或公務員名義犯之\r\n    。二、三人以上共同犯之。三、以廣播電視、電子通訊、網\r\n    際網路或其他媒體等傳播工具，對公眾散布而犯之。前項之\r\n    未遂犯罰之。」經比較新舊之結果，修正後刑法第339 條規\r\n    定並未更動詐欺取財罪之構成要件及得科處之法定刑種，僅\r\n    將得科或併科之罰金刑上限提高為新臺幣50萬元，又修正後\r\n    刑法第339 條之4 規定另增訂對犯詐欺罪者加重處罰之情形\r\n    ，則仍應以修正前刑法第339 條第1 項之規定較有利於被告\r\n    ，揆諸前揭刑法第2 條第1 項之規定，即應適用修正前刑法\r\n    第339 條第1 項之規定。\r\n三、核被告所為，係犯修正前刑法第339 條第1 項之詐欺取財罪\r\n    。被告與其所屬已成年詐騙集團成員間，就上開詐欺取財犯\r\n    行，有犯意聯絡與行為分擔，為共同正犯。\r\n四、本件經檢察官與被告於審判外達成協商之合意且被告已認罪\r\n    ，其合意內容為：被告願受如主文所示之刑之處罰。本院審\r\n    酌被告犯後已賠償被害人蔡文嚴新台幣10萬元，有郵局匯款\r\n    單及存簿資料各1 紙附卷可稽（本院卷第105 、107 頁），\r\n    頗有悔意等情，認上開協商合意並無刑事訴訟法第455 條之\r\n    4 第1 項所列情形之一，檢察官聲請改依協商程序而為判決\r\n    ，本院爰不經言詞辯論，於協商合意範圍內為協商判決。\r\n五、依刑事訴訟法第284 條之1 、第455 條之2 第1 項第1 款、\r\n    第455 條之4 第2 項、第455 條之8 、第454 條第2 項，刑\r\n    法第2 條第1 項前段、第28條、第41條第1 項前段，103 年\r\n    6 月18日修正前之刑法第339 條第1 項，刑法施行法第1 條\r\n    之1 ，判決如主文。\r\n六、本判決除有刑事訴訟法第455 條之4 第1 項第1 款、第2 款\r\n    、第4 款、第6 款、第7 款所定情形之一，或違反同條第2\r\n    項規定者外，不得上訴。\r\n本案經檢察官吳巡龍提起公訴，檢察官黃政德到庭執行職務。\r\n中    華    民    國   107    年    9     月    17    日\r\n                        刑事庭  法  官  陳順輝\r\n以上正本證明與原本無異。\r\n本判決除有刑事訴訟法第455 條之4 第1 項第1 款、第2 款、第\r\n4 款、第6 款、第7 款所定情形之一，或違反同條第2 款規定者\r\n外，不得上訴。\r\n如有得上訴之情形，應於收受判決後10日內向本院提出上訴書狀\r\n，並應敘述具體理由；其未敘述上訴理由者，應於上訴期間屆滿\r\n後20日內向本院補提理由書（均須按他造當事人之人數附繕本）\r\n「切勿逕送上級法院」。\r\n中    華    民    國   107    年    9     月    17    日\r\n                                書記官  許致愷\r\n\r\n附錄所犯法條：\r\n103 年6 月18日修正前之刑法第339 條第1 項\r\n意圖為自己或第三人不法之所有，以詐術使人將本人或第三人之\r\n物交付者，處五年以下有期徒刑、拘役或科或併科一千元以下罰\r\n金。","type":"判決","historyHash":"5d1580fdebf01cb528ffd2da","mainText":"鄭伊烝共同犯詐欺取財罪，處有期徒刑參月，如易科罰金，以新臺幣壹仟元折算壹日。","opinion":"二、按行為後法律有變更者，適用行為時之法律。但行為後之法律有利於行為人者，適用最有利於行為人之法律。刑法第2條第1 項定有明文。經查，被告為本案犯行後，刑法第339條之規定業於民國103 年6 月18日修正公布，並自同年月20日生效施行。修正前刑法第339 條第1 項規定：「意圖為自己或第三人不法之所有，以詐術使人將本人或第三人之物交付者，處5 年以下有期徒刑、拘役或科或併科1 千元以下罰金。」；修正後刑法第339 條第1 項則規定：「意圖為自己或第三人不法之所有，以詐術使人將本人或第三人之物交付者，處5 年以下有期徒刑、拘役或科或併科50萬元以下罰金。」；另增訂刑法第339 條之4 規定：「犯第339 條詐欺罪而有下列情形之一者，處1 年以上7 年以下有期徒刑，得併科100 萬元以下罰金：一、冒用政府機關或公務員名義犯之。二、三人以上共同犯之。三、以廣播電視、電子通訊、網際網路或其他媒體等傳播工具，對公眾散布而犯之。前項之未遂犯罰之。」經比較新舊之結果，修正後刑法第339 條規定並未更動詐欺取財罪之構成要件及得科處之法定刑種，僅將得科或併科之罰金刑上限提高為新臺幣50萬元，又修正後刑法第339 條之4 規定另增訂對犯詐欺罪者加重處罰之情形，則仍應以修正前刑法第339 條第1 項之規定較有利於被告，揆諸前揭刑法第2 條第1 項之規定，即應適用修正前刑法第339 條第1 項之規定。\n三、核被告所為，係犯修正前刑法第339 條第1 項之詐欺取財罪。被告與其所屬已成年詐騙集團成員間，就上開詐欺取財犯行，有犯意聯絡與行為分擔，為共同正犯。\n四、本件經檢察官與被告於審判外達成協商之合意且被告已認罪，其合意內容為：被告願受如主文所示之刑之處罰。本院審酌被告犯後已賠償被害人蔡文嚴新台幣10萬元，有郵局匯款單及存簿資料各1 紙附卷可稽（本院卷第105 、107 頁），頗有悔意等情，認上開協商合意並無刑事訴訟法第455 條之4 第1 項所列情形之一，檢察官聲請改依協商程序而為判決，本院爰不經言詞辯論，於協商合意範圍內為協商判決。\n五、依刑事訴訟法第284 條之1 、第455 條之2 第1 項第1 款、第455 條之4 第2 項、第455 條之8 、第454 條第2 項，刑法第2 條第1 項前段、第28條、第41條第1 項前段，103 年6 月18日修正前之刑法第339 條第1 項，刑法施行法第1 條之1 ，判決如主文。\n六、本判決除有刑事訴訟法第455 條之4 第1 項第1 款、第2 款、第4 款、第6 款、第7 款所定情形之一，或違反同條第2項規定者外，不得上訴。\n本案經檢察官吳巡龍提起公訴，檢察官黃政德到庭執行職務。","relatedIssues":[{"lawName":"中華民國刑法","issueRef":"2 1"},{"lawName":"中華民國刑法","issueRef":"2 1"},{"lawName":"中華民國刑法","issueRef":"2 1"},{"lawName":"中華民國刑法","issueRef":"28"},{"lawName":"中華民國刑法","issueRef":"41 1"},{"lawName":"中華民國刑法","issueRef":"339"},{"lawName":"中華民國刑法","issueRef":"339"},{"lawName":"中華民國刑法","issueRef":"339 1"},{"lawName":"中華民國刑法","issueRef":"339 1"},{"lawName":"中華民國刑法","issueRef":"339 1"},{"lawName":"中華民國刑法","issueRef":"339 1"},{"lawName":"中華民國刑法","issueRef":"339 1"},{"lawName":"中華民國刑法","issueRef":"339 1"},{"lawName":"中華民國刑法","issueRef":"339 1"},{"lawName":"中華民國刑法","issueRef":"339-4"},{"lawName":"中華民國刑法","issueRef":"339-4"},{"lawName":"中華民國刑法施行法","issueRef":"1-1"},{"lawName":"刑事訴訟法","issueRef":"284-1"},{"lawName":"刑事訴訟法","issueRef":"454 2"},{"lawName":"刑事訴訟法","issueRef":"455-2 1 1"},{"lawName":"刑事訴訟法","issueRef":"455-4 1"},{"lawName":"刑事訴訟法","issueRef":"455-4 1 1"},{"lawName":"刑事訴訟法","issueRef":"455-4 1 1"},{"lawName":"刑事訴訟法","issueRef":"455-4 1 2"},{"lawName":"刑事訴訟法","issueRef":"455-4 1 2"},{"lawName":"刑事訴訟法","issueRef":"455-4 1 2"},{"lawName":"刑事訴訟法","issueRef":"455-4 1 4"},{"lawName":"刑事訴訟法","issueRef":"455-4 1 4"},{"lawName":"刑事訴訟法","issueRef":"455-4 1 6"},{"lawName":"刑事訴訟法","issueRef":"455-4 1 6"},{"lawName":"刑事訴訟法","issueRef":"455-4 1 7"},{"lawName":"刑事訴訟法","issueRef":"455-4 1 7"},{"lawName":"刑事訴訟法","issueRef":"455-4 2"},{"lawName":"刑事訴訟法","issueRef":"455-4 2"},{"lawName":"刑事訴訟法","issueRef":"455-8"}],"party":[{"group":["plaintiff"],"title":"公訴人","value":"臺灣澎湖地方法院檢察署檢察官"},{"group":["defendant"],"title":"被告","value":"鄭伊烝"},{"group":["defendant","agentAdLitem","lawyer"],"title":"選任辯護人","value":"陳梅欽律師"}]}
