{"court":"臺灣澎湖地方法院","date":"2014-08-21T00:00:00+08:00","no":"103,馬簡,76","sys":"刑事","reason":"詐欺","judgement":"臺灣澎湖地方法院刑事簡易判決　　　　 103年度馬簡字第76號\r\n聲　請　人　臺灣澎湖地方法院檢察署檢察官\r\n被　　　告　陳佳宜\r\n上列被告因詐欺案件，經檢察官聲請以簡易判決處刑（103年度\r\n偵字第339號），本院判決如下：\r\n    主      文\r\n陳佳宜幫助犯詐欺取財罪，處有期徒刑參月，如易科罰金，以新\r\n臺幣壹仟元折算壹日。\r\n    事實及理由\r\n一、本件犯罪事實、證據、應適用法條，均引用檢察官聲請簡易\r\n    判決處刑書之記載（如附件）。\r\n二、查被告行為後，刑法第339條第1項業於103年6月18日經總統\r\n    公布修正，於同年月20日生效，修正前刑法第339條第1項規\r\n    定：「意圖為自己或第三人不法之所有，以詐術使人將本人\r\n    或第三人之物交付者，處五年以下有期徒刑、拘役或科或併\r\n    科一千元以下罰金。」，修正後則規定：「意圖為自己或第\r\n    三人不法之所有，以詐術使人將本人或第三人之物交付者，\r\n    處五年以下有期徒刑、拘役或科或併科五十萬元以下罰金。\r\n    」，經比較新舊法，新法將罰金刑額度提高為50萬元，是比\r\n    較新舊法之結果，新法並未較有利於被告，按上說明，應適\r\n    用被告行為時之修正前刑法第339條第1項規定處斷。是核被\r\n    告所為，係幫助犯修正前刑法第339條第1項規定之詐欺取財\r\n    罪。\r\n三、依刑事訴訟法第449條第1項前段、第454條第1項，刑法第2\r\n    條第1項前段、修正前刑法第339條第1項、第30條第1項前段\r\n    、第2項、第41條第1項前段，刑法施行法第1條之1第1項、\r\n    第2項前段，逕以簡易判決處刑如主文。\r\n四、如不服本判決應於收受判決後10日內向本院提出上訴書狀，\r\n    並應敘述具體理由；其未敘述上訴理由者，應於上訴期間屆\r\n    滿後20日內向本院補提理由書（均須按他造當事人之人數附\r\n    繕本）「切勿逕送上級法院」。\r\n\r\n中    華    民    國   103    年    8     月    21    日\r\n                  臺灣澎湖地方法院馬公簡易庭\r\n                      法  官  陳炫谷\r\n以上正本證明與原本無異。\r\n\r\n中    華    民    國   103    年    8     月    21    日\r\n                      書記官  林德盛\r\n附錄本案論罪科刑法條全文：\r\n修正前中華民國刑法第339條第1項：\r\n意圖為自己或第三人不法之所有，以詐術使人將本人或第三人之\r\n物交付者，處5年以下有期徒刑、拘役或科或併科1千元以下罰金\r\n。","type":"判決","historyHash":"","mainText":"陳佳宜幫助犯詐欺取財罪，處有期徒刑參月，如易科罰金，以新臺幣壹仟元折算壹日。","opinion":"二、查被告行為後，刑法第339條第1項業於103年6月18日經總統公布修正，於同年月20日生效，修正前刑法第339條第1項規定：「意圖為自己或第三人不法之所有，以詐術使人將本人或第三人之物交付者，處五年以下有期徒刑、拘役或科或併科一千元以下罰金。」，修正後則規定：「意圖為自己或第三人不法之所有，以詐術使人將本人或第三人之物交付者，處五年以下有期徒刑、拘役或科或併科五十萬元以下罰金。」，經比較新舊法，新法將罰金刑額度提高為50萬元，是比較新舊法之結果，新法並未較有利於被告，按上說明，應適用被告行為時之修正前刑法第339條第1項規定處斷。是核被告所為，係幫助犯修正前刑法第339條第1項規定之詐欺取財罪。\n三、依刑事訴訟法第449條第1項前段、第454條第1項，刑法第2條第1項前段、修正前刑法第339條第1項、第30條第1項前段、第2項、第41條第1項前段，刑法施行法第1條之1第1項、第2項前段，逕以簡易判決處刑如主文。\n四、如不服本判決應於收受判決後10日內向本院提出上訴書狀，並應敘述具體理由；其未敘述上訴理由者，應於上訴期間屆滿後20日內向本院補提理由書（均須按他造當事人之人數附繕本）「切勿逕送上級法院」。","relatedIssues":[{"lawName":"中華民國刑法","issueRef":"2 1"},{"lawName":"中華民國刑法","issueRef":"30 1"},{"lawName":"中華民國刑法","issueRef":"30 2"},{"lawName":"中華民國刑法","issueRef":"41 1"},{"lawName":"中華民國刑法","issueRef":"339 1"},{"lawName":"中華民國刑法","issueRef":"339 1"},{"lawName":"中華民國刑法","issueRef":"339 1"},{"lawName":"中華民國刑法","issueRef":"339 1"},{"lawName":"中華民國刑法","issueRef":"339 1"},{"lawName":"中華民國刑法","issueRef":"339 1"},{"lawName":"中華民國刑法施行法","issueRef":"1-1 1"},{"lawName":"中華民國刑法施行法","issueRef":"1-1 2"},{"lawName":"刑事訴訟法","issueRef":"449 1"},{"lawName":"刑事訴訟法","issueRef":"454 1"}],"party":[{"group":["plaintiff"],"title":"聲請人","value":"臺灣澎湖地方法院檢察署檢察官"},{"group":["defendant"],"title":"被告","value":"陳佳宜"}]}
