{"court":"臺灣澎湖地方法院","date":"2013-04-26T00:00:00+08:00","no":"102,聲,47","sys":"刑事","reason":"聲請假釋期中交付保護管束","judgement":"臺灣澎湖地方法院刑事裁定　　　　　　　 102年度聲字第47號\r\n聲　請　人　臺灣澎湖地方法院檢察署檢察官\r\n受　刑　人　鍾明祥\r\n上列受刑人因犯違反臺灣地區與大陸地區人民關係條例等案件，\r\n經聲請人聲請假釋期中交付保護管束（102年度執聲字第33號）\r\n，本院裁定如下：\r\n    主  文\r\n鍾明祥假釋中付保護管束。\r\n    理  由\r\n一、聲請意旨以：受刑人鍾明祥因犯違反臺灣地區與大陸地區人\r\n    民關係條例等案件，經本院等判處有期徒刑5 年確定，經發\r\n    監執行後，於民國102 年4 月19日核准假釋，刑期應至104\r\n    年7 月6 日終了，依刑法第93條第2 項之規定，在假釋中應\r\n    付保護管束，爰依刑事訴訟法第481 條第1 項聲請裁定等語\r\n    。\r\n二、按假釋出獄者，在假釋中付保護管束，刑法第93條第2 項定\r\n    有明文。又刑法第93條第2項之付保護管束，由檢察官聲請\r\n    該案犯罪事實最後裁判之法院裁定之，刑事訴訟法第481條\r\n    第1項前段亦有明文。\r\n三、經查，本案受刑人因：(1)犯違反臺灣地區與大陸地區人民關\r\n    係條例、偽造文書、藏匿人犯等案件，經本院以98年度訴字\r\n    第37號判決判處應執行有期徒刑3 年8 月；上訴後經臺灣高\r\n    等法院高雄分院以99年度上訴字第680 號判決，就其中藏匿\r\n    人犯罪部分改判無罪，其他上訴駁回，並就駁回部分定應執\r\n    行有期徒刑3 年5 月，其中偽造文書罪部分未上訴而確定；\r\n    另違反臺灣地區與大陸地區人民關係條例罪部分上訴後，經\r\n    最高法院以99年度台上字第5797號判決駁回上訴確定；(2)犯\r\n    違反臺灣地區與大陸地區人民關係條例案件，經本院以99年\r\n    度訴字第29號判決判處有期徒刑1年8月確定，嗣上開(1)至(2)\r\n    等罪經本院以100年度聲字第68號裁定應執行有期徒刑5年確\r\n    定，現於法務部矯正署自強外役監獄執行中等情，此有臺灣\r\n    高等法院被告前案紀錄表1份在卷可稽。茲受刑人上開徒刑\r\n    之執行，業經法務部矯正署於102年4月19日以法授矯字第\r\n    00000000000號函核准假釋，其縮短刑期後刑期終結日係\r\n    104年7月6日等情，此有法務部矯正署自強外役監獄出獄人\r\n    交付保護管束名冊1份附卷為憑，是受刑人經假釋在案，尚\r\n    在所餘刑期中無訛。綜上，本院審核卷附之上開文件後，認\r\n    聲請人之聲請為正當，應予准許。\r\n四、依刑事訴訟法第481 條第1 項，刑法第96條但書、第93條第\r\n    2 項，裁定如主文。\r\n中    華    民    國   102    年    4    月     26    日\r\n                        刑事庭  法  官  孫健智\r\n以上正本證明與原本無異。\r\n如不服本裁定，應於裁定正本送達之翌日起5日內，向本院提出\r\n抗告狀(須附繕本)。\r\n中    華    民    國   102    年    4    月     26    日\r\n                                書記官  劉竹苞","type":"裁定","historyHash":"","mainText":"鍾明祥假釋中付保護管束。","opinion":"三、經查，本案受刑人因：(1)犯違反臺灣地區與大陸地區人民關係條例、偽造文書、藏匿人犯等案件，經本院以98年度訴字第37號判決判處應執行有期徒刑3 年8 月；上訴後經臺灣高等法院高雄分院以99年度上訴字第680 號判決，就其中藏匿人犯罪部分改判無罪，其他上訴駁回，並就駁回部分定應執行有期徒刑3 年5 月，其中偽造文書罪部分未上訴而確定；另違反臺灣地區與大陸地區人民關係條例罪部分上訴後，經最高法院以99年度台上字第5797號判決駁回上訴確定；(2)犯違反臺灣地區與大陸地區人民關係條例案件，經本院以99年度訴字第29號判決判處有期徒刑1年8月確定，嗣上開(1)至(2)等罪經本院以100年度聲字第68號裁定應執行有期徒刑5年確定，現於法務部矯正署自強外役監獄執行中等情，此有臺灣高等法院被告前案紀錄表1份在卷可稽。茲受刑人上開徒刑之執行，業經法務部矯正署於102年4月19日以法授矯字第00000000000號函核准假釋，其縮短刑期後刑期終結日係104年7月6日等情，此有法務部矯正署自強外役監獄出獄人交付保護管束名冊1份附卷為憑，是受刑人經假釋在案，尚在所餘刑期中無訛。綜上，本院審核卷附之上開文件後，認聲請人之聲請為正當，應予准許。\n四、依刑事訴訟法第481 條第1 項，刑法第96條但書、第93條第2 項，裁定如主文。","relatedIssues":[{"lawName":"中華民國刑法","issueRef":"93 2"},{"lawName":"中華民國刑法","issueRef":"93 2"},{"lawName":"中華民國刑法","issueRef":"93 2"},{"lawName":"中華民國刑法","issueRef":"93 2"},{"lawName":"中華民國刑法","issueRef":"96"},{"lawName":"刑事訴訟法","issueRef":"481 1"},{"lawName":"刑事訴訟法","issueRef":"481 1"},{"lawName":"刑事訴訟法","issueRef":"481 1"}],"party":[{"group":["plaintiff"],"title":"聲請人","value":"臺灣澎湖地方法院檢察署檢察官"},{"group":["defendant"],"title":"受刑人","value":"鍾明祥"}]}
