{"court":"臺灣澎湖地方法院","date":"2009-12-02T00:00:00+08:00","no":"98,馬簡,159","sys":"刑事","reason":"賭博","judgement":"臺灣澎湖地方法院刑事簡易判決　　　　 98年度馬簡字第159號\r\n聲　請　人　台灣澎湖地方法院檢察署檢察官\r\n被　　　告　甲○○\r\n被　　　告　丙○○\r\n被　　　告　乙○○\r\n上列被告因賭博案件，經檢察官聲請以簡易判決處刑（98年度偵\r\n字第685號），本院判決如下：\r\n    主      文\r\n甲○○意圖營利，聚眾賭博，處有期徒刑肆月，如易科罰金，以\r\n新臺幣壹仟元折算壹日，扣案帳冊參本、簽單總表參張、下注簽\r\n單伍拾玖張、現金新臺幣貳萬捌仟元、消費券伍佰元均沒收。\r\n丙○○、乙○○在公眾得出入之場所賭博財物，各處罰金新臺幣\r\n壹仟元，如易服勞役，均以新臺幣壹仟元折算壹日。\r\n    事實及理由\r\n一、本件犯罪事實、證據、應適用法條之記載，均引用檢察官聲\r\n    請簡易判決處刑書之記載（如附件）。\r\n二、依刑事訴訟法第449條第1項前段、第450條第1項、第454條\r\n    第2項，刑法第266條第1項、第268條、第55條、第41條第1\r\n    項前段、第38條第1項第2款、第3款，刑法施行法第1條之1\r\n    ，逕以簡易判決處如主文所示之刑。\r\n中　　華　　民　　國　　98　　年　　12　　月　　2 　　日\r\n                  臺灣澎湖地方法院馬公簡易庭\r\n                      法　官　陳介安\r\n以上正本證明與原本無異。\r\n如不服本判決應於收受判決後10日內向本院提出上訴書狀，並應\r\n敘述具體理由；其未敘述上訴理由者，應於上訴期間屆滿後20日\r\n內向本院補提理由書(均須按他造當事人之人數附繕本)「切勿逕\r\n送上級法院」。\r\n中　　華　　民　　國　　98　　年　　12　　月　　2 　　日\r\n　　　　　            書記官　林長義\r\n附錄本案所犯法條全文：\r\n刑法第266條第1項：\r\n在公共場所或公眾得出入之場所賭博財物者，處1千元以下罰金\r\n。但以供人暫時娛樂之物為賭者，不在此限。\r\n刑法第268條：\r\n意圖營利，供給賭博場所或聚眾賭博者，處3年以下有期徒刑，\r\n得併科3千元以下罰金。","type":"判決","historyHash":"","mainText":"甲○○意圖營利，聚眾賭博，處有期徒刑肆月，如易科罰金，以新臺幣壹仟元折算壹日，扣案帳冊參本、簽單總表參張、下注簽單伍拾玖張、現金新臺幣貳萬捌仟元、消費券伍佰元均沒收。\n丙○○、乙○○在公眾得出入之場所賭博財物，各處罰金新臺幣壹仟元，如易服勞役，均以新臺幣壹仟元折算壹日。","opinion":"","relatedIssues":[{"lawName":"中華民國刑法","issueRef":"38 1 2"},{"lawName":"中華民國刑法","issueRef":"38 1 3"},{"lawName":"中華民國刑法","issueRef":"41 1"},{"lawName":"中華民國刑法","issueRef":"55"},{"lawName":"中華民國刑法","issueRef":"266 1"},{"lawName":"中華民國刑法","issueRef":"266 1"},{"lawName":"中華民國刑法","issueRef":"268"},{"lawName":"中華民國刑法","issueRef":"268"},{"lawName":"中華民國刑法施行法","issueRef":"1-1"},{"lawName":"刑事訴訟法","issueRef":"449 1"},{"lawName":"刑事訴訟法","issueRef":"450 1"},{"lawName":"刑事訴訟法","issueRef":"454 2"}],"party":[{"group":["plaintiff"],"title":"聲請人","value":"台灣澎湖地方法院檢察署檢察官"},{"group":["defendant"],"title":"被告","value":"甲○○"},{"group":["defendant"],"title":"被告","value":"丙○○"},{"group":["defendant"],"title":"被告","value":"乙○○"}]}
