{"court":"臺灣澎湖地方法院","date":"2016-08-26T00:00:00+08:00","no":"105,重附民,1","sys":"刑事","reason":"損害賠償","judgement":"臺灣澎湖地方法院刑事附帶民事訴訟判決\r\n　　　　　　　　　　　　　　　　　　105年度重附民字第1號\r\n原　　　告　林已棠\r\n訴訟代理人　萬君\r\n　　　　　　林玄立\r\n原　　　告　洪麗容\r\n訴訟代理人　林冬立\r\n原告共同\r\n訴訟代理人　洪文佐律師\r\n被　　　告　洪進郎\r\n上列被告因殺人等案件（本院105年度重訴字第1號），經原告提\r\n起附帶民事訴訟，請求損害賠償，本院於民國105年7月25日言詞\r\n辯論終結，判決如下：\r\n    主  文\r\n被告應給付原告林已棠新臺幣參佰貳拾萬元及自民國一Ｏ五年五\r\n月二十四日起至清償日止，按年息百分之五計算之利息。\r\n被告應給付原告洪麗容新臺幣壹佰捌拾萬元及自民國一Ｏ五年五\r\n月二十四日起至清償日止，按年息百分之五計算之利息。\r\n原告其餘之訴均駁回。\r\n本判決第一項於原告林已棠以新臺幣陸拾肆萬元供擔保後，得為\r\n假執行，但被告如以新臺幣參佰貳拾萬元為原告林已棠預供擔保\r\n後，得免為假執行。\r\n本判決第二項於原告洪麗容以新臺幣參拾陸萬元供擔保後，得為\r\n假執行，但被告如以新臺幣壹佰捌拾萬元為原告洪麗容預供擔保\r\n後，得免為假執行。\r\n原告其餘假執行之聲請均駁回。\r\n    事實及理由\r\n一、原告2人主張：\r\n  (一)訴外人劉宸瑞、被告洪進郎因不滿林世立向其等催討債務並\r\n    收取利息，且其等所欠債務龐大而難以周轉，遂基於共同殺\r\n    害林世立及遺棄屍體之犯意聯絡，於民國104年12月9日起至\r\n    12月14日間，多次在被告劉宸瑞之母許月里所有、由劉宸瑞\r\n    使用而牌照業經註銷之車牌號碼00-0000號自用小客車（下\r\n    稱A車）內，商討殺害林世立之方式，其等計畫與林世立相\r\n    約飲酒，於林世立之酒類飲料中摻入安眠藥並將林世立灌醉\r\n    昏迷或以棍棒等兇器毆打致死後，共同將林世立丟入海中，\r\n    或將林世立載往偏僻山區後，於上開自用小客車內以徒手勒\r\n    頸等方式殺害林世立，並約定於林世立死亡後，由劉宸瑞為\r\n    被告代償債務、將劉宸瑞須給付予林世立之利息轉交給被告\r\n    後，為以下之行為：\r\n  1.被告於104年12月10日前某日前往位於澎湖縣○○鄉○○村\r\n    00號之「保健診所」就醫，以痛風發作晚上無法入眠等理由\r\n    向該診所之醫師取得華興製藥廠股份有限公司製造、含有\r\n    Zolpidem成分之安眠藥諾疲靜膜衣錠（Rapnotic F.C.Table\r\n    s）後，於同年12月10日14時17分許與劉宸瑞共同於上開自\r\n    用小客車內以劉宸瑞所持用、門號為0000000000號之HTC\r\n    D826y手機透過網路查詢安眠藥作用時間、效果等資訊，並\r\n    商議於當日殺害林世立之計畫，約定當晚由劉宸瑞支付飲酒\r\n    消費之費用，由被告搭載林世立前往位於馬公市○○路0○0\r\n    號、2之6號1樓之「一世情緣」冷飲店（下稱「一世情緣」\r\n    ）飲酒並於林世立之酒類飲料內摻入上揭安眠藥，趁林世立\r\n    昏睡後將其載運至海邊拋入海中。被告遂於當日18時35分許\r\n    至19時48分許，駕駛其所有之車牌號碼00-0000號自用小客\r\n    車（下稱B車），至林世立位於澎湖縣○○鄉○○村00○0號\r\n    之居所搭載林世立前往「一世情緣」飲酒，被告趁林世立不\r\n    注意時，將上開安眠藥2顆揉碎摻入林世立之酒杯中，並以\r\n    其所使用之門號為0000000000號之手機與劉宸瑞聯繫，劉宸\r\n    瑞則於同日22時45分許抵達「一世情緣」，然林世立服用安\r\n    眠藥與酒類飲料後並無昏迷，反而提議至其他店內繼續飲酒\r\n    消費等情況，劉宸瑞見計畫失敗遂先行返家，被告則因與林\r\n    世立前往位於鼎灣之某KTV店內消費時為熟識之人所看見，\r\n    只好於翌日（11日）2時許將林世立送回林世立之上開居所\r\n    後，並以電話聯絡劉宸瑞，報告無法於當日下手等情況。\r\n  2.劉宸瑞與被告於同月11日至13日間陸續相約於A車內研討如\r\n    何殺害林世立，其等鑒於同月10日失敗之經驗，故計畫於同\r\n    月13日晚間趁林世立夜間酒醉時下手將林世立打昏後丟入海\r\n    中，劉宸瑞並欲提供1支長約30公分修理汽車用之長型鐵製\r\n    工具與被告，然被告認為該工具使用不便而未採納劉宸瑞之\r\n    提議，表示其可以自行尋找更好用之工具；其等並於同月11\r\n    日16時31分許至16時35分許，由劉宸瑞駕駛A車搭載被告進\r\n    入西嶼東臺軍事史蹟園區東昌營區（下稱東昌營區）以及西\r\n    嶼西堡壘勘查地形，尋找遺棄屍體之地點。被告於同月13日\r\n    19時許邀約林世立前往「一世情緣」飲酒，為林世立所拒絕\r\n    ，遂改由劉宸瑞以上開門號之行動電話撥打林世立所使用之\r\n    行動電話門號0000000000號邀約，並由劉宸瑞於同日21時30\r\n    分許駕駛A車搭載林世立前往「一世情緣」與被告會合，3人\r\n    於同日22時22分許一同進入該店內飲酒消費，被告並於席間\r\n    以相同之方式將安眠藥摻入林世立之酒杯內，林世立因服用\r\n    安眠藥與酒類飲料而不勝酒力，然此際劉宸瑞與其妻葉佳萍\r\n    通話，葉佳萍要求劉宸瑞儘速返家，因此劉宸瑞於「一世情\r\n    緣」店門口處告知被告其必須先返家，請洪進郎想辦法於當\r\n    晚自行下手殺害林世立，並於23時40分許先行離開「一世情\r\n    緣」後，持續以行動電話與被告聯絡，翌日（14日）1時許\r\n    ，被告待林世立爛醉而於湖西鄉潭邊村某道路旁嘔吐時，與\r\n    劉宸瑞通話表示：「人在我這裡，你要不要來殺他」，劉宸\r\n    瑞遂因擔心其行動電話經警監聽而掛斷該通電話，被告則因\r\n    無人接應而無法執行殺害林世立並遺棄屍體之計畫。\r\n  3.劉宸瑞、被告在債務壓力緊迫之下，於104年12月14日10時\r\n    33分許再度相約於A車上商討殺害林世立之方法，並於同日\r\n    10時39分許至10時45分許，共同前往東昌營區及西嶼西堡壘\r\n    勘查地形後，決意於當日中午在該營區內共同殺害林世立，\r\n    並約定行為之分工方式後，由劉宸瑞負責以電話連繫林世立\r\n    ，以磋商債務為藉口詢問林世立之行蹤並相約3人一同出門\r\n    討論清償債務事宜後，劉宸瑞駕駛A車搭載被告沿澎湖縣203\r\n    線道自澎湖縣政府警察局白沙分局西嶼分駐所往外垵（由北\r\n    向南）方向，於同日12時17分許行經內垵國民小學（下稱「\r\n    內垵國小」）時左轉澎5鄉道，洪進郎於內垵國小門口附近\r\n    先行下車等候，劉宸瑞則繼續駕駛A車於同日12時20分許到\r\n    達林世立位於外垵之上開居所，林世立上車後坐在A車副駕\r\n    駛座，劉宸瑞復經203縣道返回內垵，於同日12時25分許前\r\n    往與被告約定之地點內垵國小搭載被告，被告上車後坐在林\r\n    世立後方之後座，同日12時27分許劉宸瑞駕駛A車進入營區\r\n    後，劉宸瑞與被告旋即基於殺人之犯意，由被告依照其等先\r\n    前之計畫，以手臂環繞之方式緊勒林世立之頸部，劉宸瑞則\r\n    繼續駕車搭載被告以及為被告所控制之林世立行經東昌營區\r\n    通往西嶼西堡壘之人行道（下稱「綠廊」）往更偏僻之西嶼\r\n    西堡壘準備實行後續之殺人與遺棄屍體計畫，惟因劉宸瑞、\r\n    被告緊張且行車顛簸，到達西嶼西堡壘後，林世立尚未窒息\r\n    死亡，並於停車後逃出該車，與被告發生口角、拉扯與互毆\r\n    ，其後劉宸瑞、被告與林世立就債務還款方式與利息金額無\r\n    法達成共識，被告遂徒手毆打林世立之頭部，林世立逃跑途\r\n    中，被告撿拾樹棍1根，劉宸瑞駕駛A車搭載被告追趕林世立\r\n    ，劉宸瑞追上林世立後，由被告下車以樹棍為凶器毆打林世\r\n    立之頭部，劉宸瑞則駕駛A車至營區把風，被告等候劉宸瑞\r\n    回到現場，並以手、腳用力對林世立之胸部肋骨處為擠壓與\r\n    踩踏之行為。\r\n  4.劉宸瑞離開上開案發現場後，於同日13時9分許進入該營區\r\n    ，見被告單腳在林世立胸部踩踏，然其並未阻止，亦未有對\r\n    林世立進行任何救助或送醫之行為，導致林世立肋骨骨折並\r\n    因而窒息死亡，然其並未阻止，亦未對林世立進行救助或送\r\n    醫之行為。\r\n  (二)被告與劉宸瑞上開對林世立謀財害命行為，應依民法第184\r\n    條第1項、第192條第1項、第2項、第194條、第195條第1項\r\n    等侵權行為損害賠償法律關係，就被害人林世立之母即原告\r\n    洪麗容、被害人林世立之子即原告林已棠負損害賠償責任，\r\n    被告應就積欠被害人林世立之債務新臺幣（下同）175萬元\r\n    對原告林已棠為賠償，被告與劉宸瑞並應連帶賠償原告林已\r\n    棠支出林世立喪葬費20萬元及原告林已棠就喪失被害人林世\r\n    立此正值壯年之一等直系血親，所受精神上打擊之慰撫金\r\n    500萬元。被告2人另應連帶賠償原告洪麗容喪失被害人林世\r\n    立此正值壯年之一等直系血親，因白髮人送黑髮人所受精神\r\n    上打擊之慰撫金500萬元等語，並聲明：被告應給付原告\r\n    林已棠175萬元及自起訴狀繕本送達翌日起至清償日止，按\r\n    年息5%計算之利息。被告應給付原告林已棠520萬元及自\r\n    起訴狀繕本送達翌日起至清償日止，按年息5%計算之利息。\r\n    ③被告應給付原告洪麗容500萬元及自起訴狀繕本送達翌日\r\n    起至清償日止，按年息5%計算之利息。④原告願供擔保，請\r\n    准予以宣告假執行。\r\n二、被告則以：伊不知要怎麼還原告請求之賠償金額，讓伊想幾\r\n    天等語以資抗辯，並聲明：請求駁回原告之訴。\r\n三、按附帶民事訴訟之判決，應以刑事訴訟判決所認定之事實為\r\n    據，刑事訴訟法第500條前段定有明文。本件劉宸瑞與被告\r\n    因均積欠林世立債務，而不滿林世立向渠等催討債務並收取\r\n    利息，遂基於共同殺害林世立及遺棄屍體之犯意聯絡，於民\r\n    國104年12月9日至12月14日間，商討殺害林世立、遺棄林世\r\n    立屍體之計畫，洪進郎於於104年12月10日14時17分許與劉\r\n    宸瑞共同於劉宸瑞母親許月里所有，由劉宸瑞使用之牌照業\r\n    經註銷（原車牌號碼00-0000號）自用小客車（下稱A車）內\r\n    以劉宸瑞所持用、門號為0000000000號之HTC D826y手機（\r\n    下稱劉宸瑞手機）透過網路，查詢洪進郎於同年12月10日前\r\n    某日至位於澎湖縣○○鄉○○村00號之「保健診所」就醫，\r\n    以痛風發作晚上無法入眠等理由向該診所之醫師取得華興製\r\n    藥廠股份有限公司製造、含有Zolpidem成分之安眠藥諾疲靜\r\n    膜衣錠（Rapnotic F.C. Tables）之作用時間、效果等資訊\r\n    ，並商議於當日由洪進郎搭載林世立前往位於馬公市○○路\r\n    0○0號、2之6號1樓之「一世情緣」冷飲店（下稱「一世情\r\n    緣」）與劉宸瑞共同飲酒，並於林世立之酒類飲料內摻入上\r\n    揭安眠藥，趁林世立昏睡後將其載運至海邊拋入海中。洪進\r\n    郎遂於當日18時35分許至19時48分許，駕駛其所有之車牌號\r\n    碼00-0000號自用小客車（下稱B車），至林世立位於澎湖縣\r\n    ○○鄉○○村00○0號之居所搭載林世立前往「一世情緣」\r\n    飲酒，洪進郎趁林世立不注意時，將上開安眠藥2顆揉碎摻\r\n    入林世立之酒杯中，並以其所使用之門號為0000000000號之\r\n    手機與劉宸瑞聯繫，劉宸瑞則於同日22時45分許抵達「一世\r\n    情緣」，然林世立服用安眠藥與酒類飲料後並無昏迷，反而\r\n    提議至其他店內繼續飲酒消費等情況，劉宸瑞遂先行返家，\r\n    洪進郎則因與林世立前往位於鼎灣之某KTV店內消費時為熟\r\n    識之人所看見，只好於翌日（11日）2時許將林世立送回林\r\n    世立之上開居所。劉宸瑞與洪進郎於同月11日至13日間陸續\r\n    相約於A車內研討如何殺害林世立，鑒於上開失敗之經驗，\r\n    故計畫於同月13日晚間趁林世立夜間酒醉時下手將林世立打\r\n    昏後丟入海中，劉宸瑞並欲提供1支長約30公分修理汽車用\r\n    之長型鐵製工具與洪進郎，然洪進郎認為該工具使用不便而\r\n    未採納劉宸瑞之提議，表示其可以自行尋找更好用之工具。\r\n    洪進郎於同月13日19時許邀約林世立前往「一世情緣」飲酒\r\n    ，為林世立所拒絕，遂改由劉宸瑞以上開門號之行動電話撥\r\n    打林世立所使用之行動電話門號0000000000號邀約，並由劉\r\n    宸瑞於同日21時30分許駕駛A車搭載林世立前往「一世情緣\r\n    」與洪進郎會合，3人於同日22時22分許一同進入該店內飲\r\n    酒消費，洪進郎並於席間將安眠藥摻入林世立之酒杯內，林\r\n    世立因服用安眠藥與酒類飲料而不勝酒力，然此際劉宸瑞與\r\n    其妻葉佳萍通話，葉佳萍要求劉宸瑞儘速返家，因此劉宸瑞\r\n    於「一世情緣」店門口處告知洪進郎其必須先返家，請洪進\r\n    郎想辦法，並於23時40分許先行離開「一世情緣」後，持續\r\n    以行動電話與洪進郎聯絡，翌日（14日）1時許，洪進郎待\r\n    林世立爛醉而於湖西鄉潭邊村某道路旁嘔吐時，與劉宸瑞通\r\n    話表示：「人在我這裡，你要不要來殺他」，劉宸瑞遂因擔\r\n    心其行動電話經警監聽而掛斷該通電話，洪進郎則因無人接\r\n    應而無法執行殺害林世立並遺棄屍體之計畫。劉宸瑞、洪進\r\n    郎在債務壓力緊迫之下，於104年12月14日10時33分許再度\r\n    相約於A車上商討殺害林世立之方法，並於同日10時39分許\r\n    至10時45分許，共同前往東昌營區及西嶼西堡壘勘查地形後\r\n    ，決意於當日中午在該營區內共同殺害林世立，並約定行為\r\n    之分工方式後，由劉宸瑞負責以電話連繫林世立，以磋商債\r\n    務為藉口詢問林世立之行蹤並相約3人一同出門討論清償債\r\n    務事宜後，劉宸瑞駕駛A車搭載洪進郎沿澎湖縣203線道自澎\r\n    湖縣政府警察局白沙分局西嶼分駐所往外垵（由北向南）方\r\n    向，於同日12時17分許行經內垵國民小學（下稱「內垵國小\r\n    」）時左轉澎5鄉道，洪進郎於內垵國小門口附近先行下車\r\n    等候，劉宸瑞則繼續駕駛A車於同日12時20分許到達林世立\r\n    位於外垵之上開居所，林世立上車後坐在A車副駕駛座，劉\r\n    宸瑞復經203縣道返回內垵，於同日12時25分許前往與洪進\r\n    郎約定之地點內垵國小搭載洪進郎，洪進郎上車後坐在林世\r\n    立後方之後座，同日12時27分許劉宸瑞駕駛A車進入營區後\r\n    ，劉宸瑞與洪進郎旋即基於殺人之犯意聯絡，由洪進郎依照\r\n    先前之計畫，以手臂環繞之方式緊勒林世立之頸部，劉宸瑞\r\n    則繼續駕車搭載洪進郎以及為洪進郎所控制之林世立行經東\r\n    昌營區通往西嶼西堡壘之人行道（下稱「綠廊」）往更偏僻\r\n    之西嶼西堡壘準備實行後續之殺人與遺棄屍體計畫，惟因劉\r\n    宸瑞、洪進郎緊張且行車顛簸，到達西嶼西堡壘後因碉堡內\r\n    無可供車輛通行之道路必須停車，林世立尚未窒息死亡，並\r\n    於停車後逃出該車。林世立逃出該車後，與洪進郎於西嶼西\r\n    堡壘發生口角、拉扯與互毆，三人短暫僵持後，洪進郎遂徒\r\n    手毆打林世立之頭部，林世立旋即徒步逃離西嶼西堡壘，經\r\n    由綠廊往東昌營區方向逃跑。洪進郎見狀即自西嶼西堡壘撿\r\n    拾樹棍1根，並與劉宸瑞繼續基於殺害林世立之犯意聯絡，\r\n    由劉宸瑞立刻駕駛A車搭載洪進郎追趕林世立，林世立見劉\r\n    宸瑞及洪進郎駕車追趕，遂往東昌營區草皮、通往東台古堡\r\n    階梯之車輛無法進入之人行道方向逃跑，然其奔跑至草皮處\r\n    時，仍為劉宸瑞駕駛A車追上，由洪進郎下車繼續於營區草\r\n    皮上徒步追擊，並持上開樹棍毆打林世立之頭部，劉宸瑞見\r\n    狀均未有制止、報警或其他主動中止洪進郎攻擊行為之措施\r\n    ，亦未救助林世立，反而駕駛A車於同日12時55分許至12時\r\n    56分許於營區門口一帶徘徊，並於同日12時57分許駕駛現場\r\n    唯一之交通工具即A車暫時離開現場，由洪進郎繼續以上開\r\n    樹棍猛打林世立頭部約4至5下後，林世立因體內尚有安眠藥\r\n    與酒精之作用，復因失血而體力不支倒在上開草皮上，洪進\r\n    郎將林世立拖往東昌營區之營房內防止為人發覺，等候劉宸\r\n    瑞回到現場，並以手、腳用力對林世立之胸部肋骨處為擠壓\r\n    與踩踏之行為。劉宸瑞駕駛A車離開上開案發現場後，沿澎5\r\n    鄉道行經內垵國小左轉203線道到達外垵活動中心短暫停留\r\n    後，又沿原路於同日13時4分許返回東昌營區門口，於門口\r\n    張望約5分鐘，確認並無他人進入該營區發現其與洪進郎共\r\n    同殺害林世立之行為後，於同日13時9分許進入該營區並到\r\n    達上開營房門口，見洪進郎單腳在林世立胸部踩踏，然仍未\r\n    阻止，亦未對林世立進行任何救助或送醫之行為，導致林世\r\n    立肋骨骨折並因而窒息死亡。」等節事實，業據本院105年\r\n    度重訴字第1號刑事判決認定在案。因而，本件附帶民事訴\r\n    訟之判決，應以上述刑事判決認定之事實為據。\r\n四、得心證之理由：\r\n    按因故意或過失，不法侵害他人之權利者，負損害賠償責任\r\n    ；故意以背於善良風俗之方法，加損害於他人者亦同；數人\r\n    共同不法侵害他人之權利者，連帶負損害賠償責任，民法第\r\n    184條第1項、第185條第1項前段分別定有明文。查本件被告\r\n    與劉宸瑞共同殺害林世立，致使林世立死亡等節事實，業經\r\n    認定如上，被告與劉宸瑞共同殺害林世立，致使林世立死亡\r\n    ，原告2人為林世立之直系血親因而受有損害，被告與劉宸\r\n    瑞自應負連帶損害賠償責任。又連帶債務之債權人，得對於\r\n    債務人中之一人或數人或其全體，同時或先後請求全部或一\r\n    部之給付，是本件原告2人自得單獨對被告請求相關損害賠\r\n    償，茲將原告得請求損害賠償之金額分述如下：\r\n  (一)按不法侵害他人致死者，對於支出醫療及增加生活上需要之\r\n    費用或殯葬費之人，亦應負損害賠償責任，民法第192條第1\r\n    項定有明文。又按所謂殯葬費係指收殮及埋葬費用而言，此\r\n    等費用是否必要，應斟酌當地喪禮習俗及宗教上之儀式定之\r\n    （最高法院84年度台上字第2731號民事判決參照）。又按殯\r\n    葬費為收殮及埋葬費用，其賠償範圍應以實際支出之費用為\r\n    準，且應斟酌被害人當地之習俗、被害人之身分、地位及生\r\n    前經濟狀況決定之（最高法院92年度台上字第1135號民事判\r\n    決參照）。查原告林已棠主張支出林世立喪葬費費用20萬元\r\n    ，就其中192,000元部分，業據其提出相關收據為憑，且為\r\n    被告所未加以爭執及否認，本院稽諸原告所提出之喪葬費用\r\n    清單及收據（見本院卷第169頁），認該等文書為從事業務\r\n    之人所開立，應不至於甘冒受詐欺、業務上登載不實等罪制\r\n    裁之風險，而為虛偽之開立，是其形式及實質上之真正，應\r\n    足認定，又就該等支出之必要性為審酌，揆諸上開喪葬費用\r\n    判別之標準說明，本院稽諸上開喪葬費用收據所列細項及數\r\n    額支出，經核尚屬合理且必要之支出，故原告林已棠支出之\r\n    林世立喪葬費用192,000元為確實支出且合理必要，其該部\r\n    分請求為有理由，逾此部分之請求，因原告未舉證證明有該\r\n    部分之支出及必要性，尚難為採。\r\n  (二)至原告2人主張因本件被告侵權行為，依法請求精神慰撫金\r\n    各500萬一節。按不法侵害他人致死者，被害人之父、母、\r\n    子、女及配偶雖非財產上之損害，亦得請求賠償相當之金額\r\n    ，民法第194條定有明文，經查，林世立正值壯年，遭被告\r\n    以上開兇殘之手法殺害而喪生，原告洪麗容為23年生，年已\r\n    逾八旬，因而喪子、原告林已棠為83年生，有中度身心障礙\r\n    ，有該證明影本在卷，其亦因被告殺害林世立而喪父，原告\r\n    2人於直系一等血親遭以兇殘手法殺害一節上，必哀傷逾恆\r\n    ，精神上自受有極大之痛苦，是原告請求被告給付精神慰撫\r\n    金，自屬有據。爰審酌原告林已棠及洪麗容104年度稅務申\r\n    報均無所得申報，原告林已棠名下無任何財產，原告洪麗容\r\n    名下有不動產3筆，價值共約1,234,800元。被告104年度稅\r\n    務申報所得為14元、名下財產有不動產1筆、車輛2輛及債權\r\n    1筆，價值共約211,570元，有兩造稅務電子閘門查詢資料（\r\n    見本院卷第121頁至第143頁）在卷可稽，原告林已棠有中度\r\n    身心障礙，年紀尚輕，即逢喪父之痛，痛失父愛，未來漫漫\r\n    人生將對此抱憾；原告洪麗容年逾八旬，遭喪子之痛而白髮\r\n    人送黑髮人，哀痛甚大，惟幸尚有其餘子女能善盡孝道等情\r\n    ，兼衡兩造之身分、地位、經濟狀況及原告各別所受精神痛\r\n    苦之程度等一切情狀，本院認原告林已棠請求精神慰撫金\r\n    3,508,000元範圍內為適當、原告洪麗容請求精神慰撫金於\r\n    230萬元範圍內為適當，至原告各自逾上開適當數額之請求\r\n    ，則屬過高，不應准許。\r\n  (三)次按因連帶債務人中之一人為清償、代物清償、提存、抵銷\r\n    或混同而債務消滅者，他債務人亦同免其責任，民法第274\r\n    條定有明文。又和解，如當事人係以他種之法律關係或以單\r\n    純無因性之債務約束等，替代原有之法律關係而成立者，為\r\n    屬於創設性之和解；若僅以原來明確之法律關係為基礎而成\r\n    立和解時，則屬認定性之和解。倘係前者，債務人如不履行\r\n    和解契約，債權人應依和解所創設之新法律關係請求履行，\r\n    不得再依原有之法律關係請求給付。如為後者，既係以原來\r\n    明確之法律關係為基礎而成立之和解，僅有認定之效力，債\r\n    權人自非不得依原來之法律關係訴請債務人給付，祇法院不\r\n    得為與和解結果相反之認定而已（最高法院98年度台上字第\r\n    315號民事裁判意旨參照）。再按數人負同一債務或有同一\r\n    債權，而其給付可分者，除法律另有規定或契約另有訂定外\r\n    ，應各平分擔或分受之，民法第271條前段定有明文。查與\r\n    被告同負上開原告林已棠就林世立喪葬費支出192,000元、\r\n    原告林已棠慰撫金3,508,000元及原告洪麗容慰撫金230萬元\r\n    之連帶損害賠償債務責任之連帶債務人劉宸瑞，業已與原告\r\n    2人達成和解契約，就上開損害賠償責任以300萬元為和解，\r\n    有和解契約書影本在卷可稽（見本院卷第203頁至第214頁）\r\n    ，惟該等和解契約，乃係本於原有之侵權行為法律關係為基\r\n    礎而成立之認定性和解契約，劉宸瑞原應對原告2人負擔上\r\n    開侵權行為損害賠償之債務，並不因此而受原告2人為免除\r\n    ，是被告自無從依民法第276條之規定，主張就該300萬元之\r\n    額度已為免除。至劉宸瑞業已依上開和解契約，先清償原告\r\n    2人100萬元，依上開規定，應認係對原告2人各清償50萬元\r\n    ，且此部分金額於原告2人對被告為上開侵權行為損害賠償\r\n    請求時，與劉宸瑞同為連帶債務人之被告應同免該部分債務\r\n    責任。綜上，本件原告林已棠得對被告請求之損害賠償金額\r\n    為3,200,000元（計算式：喪葬費支出192,000元+慰撫金\r\n    3,508,000元-50萬元），原告洪麗容得對被告請求之損害賠\r\n    償金額為180萬元（慰撫金230萬元-50萬元）。\r\n  (四)按因犯罪而受損害之人，於刑事訴訟程序得附帶提起民事訴\r\n    訟，對於被告及依民法負賠償責任之人，請求回復其損害；\r\n    附帶民事訴訟之判決，應以刑事訴訟判決所認定之事實為據\r\n    ；法院認為原告之訴不合法或無理由者，應依判決駁回之，\r\n    刑事訴訟法第487條第1項、第500條前段、第502條第1項分\r\n    別定有明文。又因犯罪而受損害之人，於刑事訴訟程序固得\r\n    附帶提起民事訴訟，對於被告請求回復其損害，但其請求回\r\n    復之損害，以被訴犯罪事實所生之損害為限，否則縱令得依\r\n    其他事由，提起民事訴訟，亦不得於刑事訴訟程序附帶為此\r\n    請求，最高法院60年台上字第633號判例可資參照，則本件\r\n    被告被訴事實為與劉宸瑞共同殺害林世立，被訴事實並未敘\r\n    及被告有積欠林世立如原告所述數額之債務，揆諸前開說明\r\n    ，本件原告主張被告與劉宸瑞共同殺害林世立，因而造成被\r\n    告須對積欠林世立債務向原告林已棠負損害賠償責任等節，\r\n    顯非原告就被訴犯罪事實所生之損害。是原告對被告請求債\r\n    務之損害賠償，主張被告應賠償原告林已棠175萬元及相關\r\n    遲延利息等節，就此部分附帶民事訴訟之提起尚難認合法。\r\n    退步言之，縱認原告就上開部分，得合法於本件提起附帶民\r\n    事訴訟且被告確有原告所稱積欠林世立之債務存在，惟被告\r\n    與劉宸瑞共同殺害林世立後，亦不因而可以免除該部分債務\r\n    之負擔，該部分林世立對被告之債權仍屬遺產之一部分，是\r\n    尚難認原告林已棠有因此受有何該部分之損害，是原告此部\r\n    分之請求亦屬顯無理由，應予駁回。\r\n  (五)末按給付無確定期限者，債務人於債權人得請求給付時，經\r\n    其催告而未為給付，自受催告時起，負遲延責任。其經債權\r\n    人起訴而送達訴狀，或依督促程序送達支付命令，或為其他\r\n    相類之行為者，與催告有同一之效力；遲延之債務，以支付\r\n    金錢為標的者，債權人得請求依法定利率計算之遲延利息，\r\n    民法第229條第2項、第233條第1項前段分別定有明文。又應\r\n    付利息之債務，其利率未經約定，亦無法律可據者，週年利\r\n    率為5%，亦為同法第203條所明定。依上規定，原告2人就本\r\n    件無確定期限、無約定利率之損害賠償債務，就渠等各自請\r\n    求有理由部分，訴請另計時點位於起訴狀繕本送達翌日即10\r\n    5年5月24日（見本院卷第71頁、第72頁送達證書）起至清償\r\n    日止，按週年利率5%計算之法定遲延利息，即屬有據，至原\r\n    告2人逾此部分之利息附帶聲明請求即屬無據，應予駁回。\r\n五、綜上所述，原告2人依據侵權行為損害賠償之法律關係，請\r\n    求被告給付原告林已棠3,200,000元，及自105年5月24日起\r\n    至清償日止，按週年利率5%計算之利息；被告給付原告洪麗\r\n    容1,800,000元，及自105年5月24日起至清償日止，按週年\r\n    利率5%計算之利息，均為有理由，應予准許，至原告2人逾\r\n    此部分之請求，其訴為提起不合法或無理由，應予駁回。\r\n六、本件原告2人陳明願供擔保，聲請宣告假執行，爰依刑事訴\r\n    訟法第491條第10款準用民事訴訟法第390條第2項之規定定\r\n    原告供擔保後，得為假執行，並依同法第392條第2項之規定\r\n    ，依職權定被告預供擔保後得免為假執行，如主文第4項、\r\n    第5項所示。至原告2人敗訴部分，其假執行之聲請即失所附\r\n    麗，應予駁回，爰判決如主文第6項所示。\r\n七、本件事證已臻明確，兩造其餘主張、陳述及所提證據，經審\r\n    酌均與本院前揭判斷不生影響，爰不一一詳予論述，附此敘\r\n    明。\r\n八、本件係刑事附帶民事訴訟事件，依刑事訴訟法第505條第2項\r\n    之規定，免納裁判費用，且本件復無其他訴訟費用，爰不諭\r\n    知訴訟費用之負擔。\r\n九、結論：原告之訴，為一部有理由，一部無理由，依刑事訴訟\r\n    法第502條、第491條第10款，民事訴訟法第390條第2項、第\r\n    392條第2項，判決如主文。\r\n中    華    民    國   105    年    8     月    26    日\r\n                  刑事庭  審判長法  官  陳順輝\r\n                                法  官  倪霈棻\r\n                                法  官  陳炫谷\r\n以上正本證明與原本無異。\r\n如不服本判決，應於收受判決後10日內向本院提出上訴書狀，並\r\n應敘述具體理由；其未敘述上訴理由者，應於上訴期間屆滿後20\r\n日內向本院補提理由書(均須按他造當事人之人數附繕本)「切勿\r\n逕送上級法院」。\r\n中    華    民    國   105    年    8     月    31    日\r\n                                書記官  莊茹茵","type":"判決","historyHash":"","mainText":"被告應給付原告林已棠新臺幣參佰貳拾萬元及自民國一Ｏ五年五月二十四日起至清償日止，按年息百分之五計算之利息。\n被告應給付原告洪麗容新臺幣壹佰捌拾萬元及自民國一Ｏ五年五月二十四日起至清償日止，按年息百分之五計算之利息。\n原告其餘之訴均駁回。\n本判決第一項於原告林已棠以新臺幣陸拾肆萬元供擔保後，得為假執行，但被告如以新臺幣參佰貳拾萬元為原告林已棠預供擔保後，得免為假執行。\n本判決第二項於原告洪麗容以新臺幣參拾陸萬元供擔保後，得為假執行，但被告如以新臺幣壹佰捌拾萬元為原告洪麗容預供擔保後，得免為假執行。\n原告其餘假執行之聲請均駁回。","opinion":"四、得心證之理由：\n    按因故意或過失，不法侵害他人之權利者，負損害賠償責任；故意以背於善良風俗之方法，加損害於他人者亦同；數人共同不法侵害他人之權利者，連帶負損害賠償責任，民法第184條第1項、第185條第1項前段分別定有明文。查本件被告與劉宸瑞共同殺害林世立，致使林世立死亡等節事實，業經認定如上，被告與劉宸瑞共同殺害林世立，致使林世立死亡，原告2人為林世立之直系血親因而受有損害，被告與劉宸瑞自應負連帶損害賠償責任。又連帶債務之債權人，得對於債務人中之一人或數人或其全體，同時或先後請求全部或一部之給付，是本件原告2人自得單獨對被告請求相關損害賠償，茲將原告得請求損害賠償之金額分述如下：\n  (一)按不法侵害他人致死者，對於支出醫療及增加生活上需要之費用或殯葬費之人，亦應負損害賠償責任，民法第192條第1項定有明文。又按所謂殯葬費係指收殮及埋葬費用而言，此等費用是否必要，應斟酌當地喪禮習俗及宗教上之儀式定之（最高法院84年度台上字第2731號民事判決參照）。又按殯葬費為收殮及埋葬費用，其賠償範圍應以實際支出之費用為準，且應斟酌被害人當地之習俗、被害人之身分、地位及生前經濟狀況決定之（最高法院92年度台上字第1135號民事判決參照）。查原告林已棠主張支出林世立喪葬費費用20萬元，就其中192,000元部分，業據其提出相關收據為憑，且為被告所未加以爭執及否認，本院稽諸原告所提出之喪葬費用清單及收據（見本院卷第169頁），認該等文書為從事業務之人所開立，應不至於甘冒受詐欺、業務上登載不實等罪制裁之風險，而為虛偽之開立，是其形式及實質上之真正，應足認定，又就該等支出之必要性為審酌，揆諸上開喪葬費用判別之標準說明，本院稽諸上開喪葬費用收據所列細項及數額支出，經核尚屬合理且必要之支出，故原告林已棠支出之林世立喪葬費用192,000元為確實支出且合理必要，其該部分請求為有理由，逾此部分之請求，因原告未舉證證明有該部分之支出及必要性，尚難為採。\n  (二)至原告2人主張因本件被告侵權行為，依法請求精神慰撫金各500萬一節。按不法侵害他人致死者，被害人之父、母、子、女及配偶雖非財產上之損害，亦得請求賠償相當之金額，民法第194條定有明文，經查，林世立正值壯年，遭被告以上開兇殘之手法殺害而喪生，原告洪麗容為23年生，年已逾八旬，因而喪子、原告林已棠為83年生，有中度身心障礙，有該證明影本在卷，其亦因被告殺害林世立而喪父，原告2人於直系一等血親遭以兇殘手法殺害一節上，必哀傷逾恆，精神上自受有極大之痛苦，是原告請求被告給付精神慰撫金，自屬有據。爰審酌原告林已棠及洪麗容104年度稅務申報均無所得申報，原告林已棠名下無任何財產，原告洪麗容名下有不動產3筆，價值共約1,234,800元。被告104年度稅務申報所得為14元、名下財產有不動產1筆、車輛2輛及債權1筆，價值共約211,570元，有兩造稅務電子閘門查詢資料（見本院卷第121頁至第143頁）在卷可稽，原告林已棠有中度身心障礙，年紀尚輕，即逢喪父之痛，痛失父愛，未來漫漫人生將對此抱憾；原告洪麗容年逾八旬，遭喪子之痛而白髮人送黑髮人，哀痛甚大，惟幸尚有其餘子女能善盡孝道等情，兼衡兩造之身分、地位、經濟狀況及原告各別所受精神痛苦之程度等一切情狀，本院認原告林已棠請求精神慰撫金3,508,000元範圍內為適當、原告洪麗容請求精神慰撫金於230萬元範圍內為適當，至原告各自逾上開適當數額之請求，則屬過高，不應准許。\n  (三)次按因連帶債務人中之一人為清償、代物清償、提存、抵銷或混同而債務消滅者，他債務人亦同免其責任，民法第274條定有明文。又和解，如當事人係以他種之法律關係或以單純無因性之債務約束等，替代原有之法律關係而成立者，為屬於創設性之和解；若僅以原來明確之法律關係為基礎而成立和解時，則屬認定性之和解。倘係前者，債務人如不履行和解契約，債權人應依和解所創設之新法律關係請求履行，不得再依原有之法律關係請求給付。如為後者，既係以原來明確之法律關係為基礎而成立之和解，僅有認定之效力，債權人自非不得依原來之法律關係訴請債務人給付，祇法院不得為與和解結果相反之認定而已（最高法院98年度台上字第315號民事裁判意旨參照）。再按數人負同一債務或有同一債權，而其給付可分者，除法律另有規定或契約另有訂定外，應各平分擔或分受之，民法第271條前段定有明文。查與被告同負上開原告林已棠就林世立喪葬費支出192,000元、原告林已棠慰撫金3,508,000元及原告洪麗容慰撫金230萬元之連帶損害賠償債務責任之連帶債務人劉宸瑞，業已與原告2人達成和解契約，就上開損害賠償責任以300萬元為和解，有和解契約書影本在卷可稽（見本院卷第203頁至第214頁），惟該等和解契約，乃係本於原有之侵權行為法律關係為基礎而成立之認定性和解契約，劉宸瑞原應對原告2人負擔上開侵權行為損害賠償之債務，並不因此而受原告2人為免除，是被告自無從依民法第276條之規定，主張就該300萬元之額度已為免除。至劉宸瑞業已依上開和解契約，先清償原告2人100萬元，依上開規定，應認係對原告2人各清償50萬元，且此部分金額於原告2人對被告為上開侵權行為損害賠償請求時，與劉宸瑞同為連帶債務人之被告應同免該部分債務責任。綜上，本件原告林已棠得對被告請求之損害賠償金額為3,200,000元（計算式：喪葬費支出192,000元+慰撫金3,508,000元-50萬元），原告洪麗容得對被告請求之損害賠償金額為180萬元（慰撫金230萬元-50萬元）。\n  (四)按因犯罪而受損害之人，於刑事訴訟程序得附帶提起民事訴訟，對於被告及依民法負賠償責任之人，請求回復其損害；附帶民事訴訟之判決，應以刑事訴訟判決所認定之事實為據；法院認為原告之訴不合法或無理由者，應依判決駁回之，刑事訴訟法第487條第1項、第500條前段、第502條第1項分別定有明文。又因犯罪而受損害之人，於刑事訴訟程序固得附帶提起民事訴訟，對於被告請求回復其損害，但其請求回復之損害，以被訴犯罪事實所生之損害為限，否則縱令得依其他事由，提起民事訴訟，亦不得於刑事訴訟程序附帶為此請求，最高法院60年台上字第633號判例可資參照，則本件被告被訴事實為與劉宸瑞共同殺害林世立，被訴事實並未敘及被告有積欠林世立如原告所述數額之債務，揆諸前開說明，本件原告主張被告與劉宸瑞共同殺害林世立，因而造成被告須對積欠林世立債務向原告林已棠負損害賠償責任等節，顯非原告就被訴犯罪事實所生之損害。是原告對被告請求債務之損害賠償，主張被告應賠償原告林已棠175萬元及相關遲延利息等節，就此部分附帶民事訴訟之提起尚難認合法。\n    退步言之，縱認原告就上開部分，得合法於本件提起附帶民事訴訟且被告確有原告所稱積欠林世立之債務存在，惟被告與劉宸瑞共同殺害林世立後，亦不因而可以免除該部分債務之負擔，該部分林世立對被告之債權仍屬遺產之一部分，是尚難認原告林已棠有因此受有何該部分之損害，是原告此部分之請求亦屬顯無理由，應予駁回。\n  (五)末按給付無確定期限者，債務人於債權人得請求給付時，經其催告而未為給付，自受催告時起，負遲延責任。其經債權人起訴而送達訴狀，或依督促程序送達支付命令，或為其他相類之行為者，與催告有同一之效力；遲延之債務，以支付金錢為標的者，債權人得請求依法定利率計算之遲延利息，民法第229條第2項、第233條第1項前段分別定有明文。又應付利息之債務，其利率未經約定，亦無法律可據者，週年利率為5%，亦為同法第203條所明定。依上規定，原告2人就本件無確定期限、無約定利率之損害賠償債務，就渠等各自請求有理由部分，訴請另計時點位於起訴狀繕本送達翌日即10 5年5月24日（見本院卷第71頁、第72頁送達證書）起至清償日止，按週年利率5%計算之法定遲延利息，即屬有據，至原告2人逾此部分之利息附帶聲明請求即屬無據，應予駁回。\n五、綜上所述，原告2人依據侵權行為損害賠償之法律關係，請求被告給付原告林已棠3,200,000元，及自105年5月24日起至清償日止，按週年利率5%計算之利息；被告給付原告洪麗容1,800,000元，及自105年5月24日起至清償日止，按週年利率5%計算之利息，均為有理由，應予准許，至原告2人逾此部分之請求，其訴為提起不合法或無理由，應予駁回。\n六、本件原告2人陳明願供擔保，聲請宣告假執行，爰依刑事訴訟法第491條第10款準用民事訴訟法第390條第2項之規定定原告供擔保後，得為假執行，並依同法第392條第2項之規定，依職權定被告預供擔保後得免為假執行，如主文第4項、第5項所示。至原告2人敗訴部分，其假執行之聲請即失所附麗，應予駁回，爰判決如主文第6項所示。\n七、本件事證已臻明確，兩造其餘主張、陳述及所提證據，經審酌均與本院前揭判斷不生影響，爰不一一詳予論述，附此敘明。\n八、本件係刑事附帶民事訴訟事件，依刑事訴訟法第505條第2項之規定，免納裁判費用，且本件復無其他訴訟費用，爰不諭知訴訟費用之負擔。\n九、結論：原告之訴，為一部有理由，一部無理由，依刑事訴訟法第502條、第491條第10款，民事訴訟法第390條第2項、第392條第2項，判決如主文。","relatedIssues":[{"lawName":"刑事訴訟法","issueRef":"487 1"},{"lawName":"刑事訴訟法","issueRef":"491 1 10"},{"lawName":"刑事訴訟法","issueRef":"491 1 10"},{"lawName":"刑事訴訟法","issueRef":"500"},{"lawName":"刑事訴訟法","issueRef":"500"},{"lawName":"刑事訴訟法","issueRef":"502"},{"lawName":"刑事訴訟法","issueRef":"502 1"},{"lawName":"刑事訴訟法","issueRef":"505 2"},{"lawName":"民事訴訟法","issueRef":"390 2"},{"lawName":"民事訴訟法","issueRef":"390 2"},{"lawName":"民事訴訟法","issueRef":"392 2"},{"lawName":"民事訴訟法","issueRef":"392 2"},{"lawName":"民法","issueRef":"184 1"},{"lawName":"民法","issueRef":"184 1"},{"lawName":"民法","issueRef":"185 1"},{"lawName":"民法","issueRef":"192 1"},{"lawName":"民法","issueRef":"192 1"},{"lawName":"民法","issueRef":"192 2"},{"lawName":"民法","issueRef":"194"},{"lawName":"民法","issueRef":"194"},{"lawName":"民法","issueRef":"195 1"},{"lawName":"民法","issueRef":"203"},{"lawName":"民法","issueRef":"229 2"},{"lawName":"民法","issueRef":"233 1"},{"lawName":"民法","issueRef":"271"},{"lawName":"民法","issueRef":"274"},{"lawName":"民法","issueRef":"276"}],"party":[{"group":["plaintiff"],"title":"原告","value":"林已棠"},{"group":["plaintiff","agentAdLitem"],"title":"訴訟代理人","value":"萬君"},{"group":["plaintiff","agentAdLitem"],"title":"訴訟代理人","value":"林玄立"},{"group":["plaintiff"],"title":"原告","value":"洪麗容"},{"group":["plaintiff","agentAdLitem"],"title":"訴訟代理人","value":"林冬立"},{"group":["plaintiff","agentAdLitem","lawyer"],"title":"原告共同訴訟代理人","value":"洪文佐律師"},{"group":["defendant"],"title":"被告","value":"洪進郎"}]}
