{"court":"臺灣澎湖地方法院","date":"2011-07-21T00:00:00+08:00","no":"100,撤緩,10","sys":"刑事","reason":"撤銷緩刑","judgement":"臺灣澎湖地方法院刑事裁定　　　　　　 100年度撤緩字第10號\r\n聲　請　人　臺灣澎湖地方法院檢察署檢察官\r\n受　刑　人　蔡春富\r\n上列聲請人因受刑人過失傷害案件，聲請撤銷緩刑（98年執緩字\r\n第13號），本院裁定如下：\r\n    主  文\r\n蔡春富之緩刑宣告撤銷。\r\n    理  由\r\n一、聲請意旨略以：受刑人蔡春富因犯過失傷害案件，經本院於\r\n    民國98年7月2日以98年度馬交簡字第28號判處有期徒刑3月\r\n    ，緩刑2年，並向被害人林聖翔支付新台幣（下同）6萬4千5\r\n    百元，於98年9月2日確定在案，受刑人並經臺灣澎湖地方法\r\n    院檢察署（下稱澎湖地檢署）通知自98年9月25日起至99年9\r\n    月25日止每月25日須支付被害人5千元，惟澎湖地檢署於100\r\n    年7月5日與被害人之母蔡雅惠電話連繫，其陳稱受刑人迄今\r\n    僅共支付2萬8千5百元，其餘3萬6千元均未支付，另澎湖地\r\n    檢署亦連繫不到受刑人，因受刑人之緩刑期間將於100年9月\r\n    1日屆至，受刑人違反緩刑所定負擔情節重大，已合於刑法\r\n    第75條之1第1項第4款所定得撤銷先前緩刑宣告之原因，爰\r\n    依刑事訴訟法第476條規定聲請撤銷先前之緩刑宣告等語。\r\n二、按緩刑宣告，得斟酌情形命犯罪行為人向被害人支付相當數\r\n    額之財產或非財產上之損害賠償；又受緩刑之宣告，而違反\r\n    第74條第2項第1款至第8款所定負擔情節重大者，足認原宣\r\n    告之緩刑難收其預期效果，而有執行刑罰之必要者，得撤銷\r\n    其宣告，刑法第74條第2項第3款、第75條之1第1項第4款分\r\n    別定有明文。\r\n三、經查：\r\n  (一)受刑人前因犯過失傷害案件，經本院於98年7月2日以98年度\r\n    馬交簡字第28號判處有期徒刑3月，如易科罰金，以新台幣1\r\n    千元折算1日，緩刑2年，並向被害人林聖翔支付6萬4千5百\r\n    元，於98年9月2日確定在案，而受刑人與被害人間成立之本\r\n    院98年度交簡附民上字第4號和解筆錄內容，並約定上開賠\r\n    償金之給付方法為自98年9月25日起，按月於每月25日給付5\r\n    千元，直至清償完畢為止，如有1期不給付，視為全部到期\r\n    乙節，有前開判決書、和解筆錄及臺灣高等法院被告前案紀\r\n    錄表附卷足憑。又受刑人前於本院99年度撤緩更字第1號撤\r\n    銷緩刑案件中，僅給付予被害人共2萬2千元，並表明欲從99\r\n    年10月起按月給付5千元予被害人家屬，而經被害人之母同\r\n    意，惟經澎湖地檢署於100年7月5日電詢被害人之母，其表\r\n    示受刑人僅分期給付3千元、2千元及1千5百元（含之前已給\r\n    付之2萬2千元，共2萬8千5百元）；澎湖地檢署另撥打受刑\r\n    人所留手機門號確認結果，該手機門號現已由他人使用，聯\r\n    絡其父則表示白天受刑人大多不在家，本件詳情不清楚，也\r\n    不知道受刑人之手機，無法聯絡等情，有本院99年度撤緩更\r\n    字第1號99年9月27日訊問筆錄、澎湖地檢署100年7月5日公\r\n    務電話紀錄單在卷可稽，則受刑人迄100年7月5日止原應將\r\n    緩刑所附負擔履行完畢，卻僅履行共2萬8千5百元，其未依\r\n    約履行而違反緩刑負擔之情節，乃屬明確。\r\n  (二)受刑人固於98年9月2日判決確定後多次表明其工作不穩定。\r\n    惟受刑人前於本院99年度撤緩更字第1號撤銷緩刑案件審理\r\n    時既已衡酌其自身之經濟狀況及清償能力，而認其得於99年\r\n    10月起依每月償還5千元之條件履行，被害人之母亦信其履\r\n    行之誠信而願意再給受刑人1次機會，然受刑人於本院駁回\r\n    澎湖地檢署檢察官撤銷受刑人緩刑宣告之聲請後，卻以經濟\r\n    能力不足為由而不依條件履行，實難維持原判決緩刑條件宣\r\n    告之公信及兼顧被害人利益之保護。且受刑人為現年36歲之\r\n    男性，尚有謀生能力，竟未積極尋找工作以賠償被害人，反\r\n    而無視上開負擔之效力，自98年9月起迄100年7月間，多次\r\n    未依約履行，未見其履行前揭緩刑條件之誠意，顯有違反刑\r\n    法第74條第2項第3款所定負擔之情形，且情節重大，更難預\r\n    期受刑人將恪遵法令規定，足認原宣告之緩刑難收其預期效\r\n    果，而有執行刑罰之必要，符合刑法第75條之1第1項第4款\r\n    之規定，爰撤銷其緩刑之宣告。\r\n四、依刑事訴訟法第476條，裁定如主文。\r\n中    華    民    國   100    年    7     月    21    日\r\n                        刑事庭  法  官  李宛玲\r\n以上正本證明與原本無異\r\n如不服本裁定，應於裁定送達之翌日起5日內向本院提出抗告狀\r\n（須附繕本）。\r\n中    華    民    國   100    年    7     月    22    日\r\n                                書記官  劉竹苞","type":"裁定","historyHash":"83c2ff5ed0644dc7660405dc56b05290","mainText":"蔡春富之緩刑宣告撤銷。","opinion":"三、經查：\n  (一)受刑人前因犯過失傷害案件，經本院於98年7月2日以98年度馬交簡字第28號判處有期徒刑3月，如易科罰金，以新台幣1千元折算1日，緩刑2年，並向被害人林聖翔支付6萬4千5百元，於98年9月2日確定在案，而受刑人與被害人間成立之本院98年度交簡附民上字第4號和解筆錄內容，並約定上開賠償金之給付方法為自98年9月25日起，按月於每月25日給付5千元，直至清償完畢為止，如有1期不給付，視為全部到期乙節，有前開判決書、和解筆錄及臺灣高等法院被告前案紀錄表附卷足憑。又受刑人前於本院99年度撤緩更字第1號撤銷緩刑案件中，僅給付予被害人共2萬2千元，並表明欲從99年10月起按月給付5千元予被害人家屬，而經被害人之母同意，惟經澎湖地檢署於100年7月5日電詢被害人之母，其表示受刑人僅分期給付3千元、2千元及1千5百元（含之前已給付之2萬2千元，共2萬8千5百元）；澎湖地檢署另撥打受刑人所留手機門號確認結果，該手機門號現已由他人使用，聯絡其父則表示白天受刑人大多不在家，本件詳情不清楚，也不知道受刑人之手機，無法聯絡等情，有本院99年度撤緩更字第1號99年9月27日訊問筆錄、澎湖地檢署100年7月5日公務電話紀錄單在卷可稽，則受刑人迄100年7月5日止原應將緩刑所附負擔履行完畢，卻僅履行共2萬8千5百元，其未依約履行而違反緩刑負擔之情節，乃屬明確。\n(二)受刑人固於98年9月2日判決確定後多次表明其工作不穩定。\n    惟受刑人前於本院99年度撤緩更字第1號撤銷緩刑案件審理時既已衡酌其自身之經濟狀況及清償能力，而認其得於99年10月起依每月償還5千元之條件履行，被害人之母亦信其履行之誠信而願意再給受刑人1次機會，然受刑人於本院駁回澎湖地檢署檢察官撤銷受刑人緩刑宣告之聲請後，卻以經濟能力不足為由而不依條件履行，實難維持原判決緩刑條件宣告之公信及兼顧被害人利益之保護。且受刑人為現年36歲之男性，尚有謀生能力，竟未積極尋找工作以賠償被害人，反而無視上開負擔之效力，自98年9月起迄100年7月間，多次未依約履行，未見其履行前揭緩刑條件之誠意，顯有違反刑法第74條第2項第3款所定負擔之情形，且情節重大，更難預期受刑人將恪遵法令規定，足認原宣告之緩刑難收其預期效果，而有執行刑罰之必要，符合刑法第75條之1第1項第4款之規定，爰撤銷其緩刑之宣告。\n四、依刑事訴訟法第476條，裁定如主文。","relatedIssues":[{"lawName":"中華民國刑法","issueRef":"74 2 3"},{"lawName":"中華民國刑法","issueRef":"74 2 3"},{"lawName":"中華民國刑法","issueRef":"75-1 1 4"},{"lawName":"中華民國刑法","issueRef":"75-1 1 4"},{"lawName":"中華民國刑法","issueRef":"75-1 1 4"},{"lawName":"刑事訴訟法","issueRef":"476"},{"lawName":"刑事訴訟法","issueRef":"476"}],"party":[{"group":["plaintiff"],"title":"聲請人","value":"臺灣澎湖地方法院檢察署檢察官"},{"group":["defendant"],"title":"受刑人","value":"蔡春富"}]}
