{"court":"臺灣澎湖地方法院","date":"2017-04-06T00:00:00+08:00","no":"106,馬簡,8","sys":"刑事","reason":"違反毒品危害防制條例","judgement":"臺灣澎湖地方法院刑事簡易判決　　　　　106年度馬簡字第8號\r\n聲　請　人　臺灣澎湖地方法院檢察署檢察官\r\n被　　　告　王子恩\r\n上列被告因違反毒品危害防制條例案件，經檢察官聲請以簡易判\r\n決處刑（105年度毒偵字第60、64號），本院判決如下：\r\n    主      文\r\n王子恩施用第二級毒品，共貳罪，均累犯，各處有期徒刑伍月，\r\n如易科罰金，均以新臺幣壹仟元折算壹日。應執行有期徒刑玖月\r\n，如易科罰金，以新臺幣壹仟元折算壹日。\r\n    事實及理由\r\n一、本件犯罪事實、證據、應適用法條，均引用檢察官聲請簡易\r\n    判決處刑書之記載(如附件)。\r\n二、按刑法第47條所規定累犯之加重，以受徒刑之執行完畢，或\r\n    一部之執行而赦免後，5年以內故意再犯有期徒刑以上之罪\r\n    者，為其要件。良以累犯之人，既曾犯罪受罰，當知改悔向\r\n    上，竟又重蹈前愆，足見其刑罰感應力薄弱，基於特別預防\r\n    之法理，非加重其刑不足使其覺悟，並兼顧社會防衛之效果\r\n    。職是，應依累犯規定加重其刑者，主要在於行為人是否曾\r\n    受徒刑之執行完畢後，猶無法達到刑罰矯正之目的為要。而\r\n    數罪併罰之案件，雖應依刑法第50條、第51條規定就數罪所\r\n    宣告之刑定其應執行之刑，然此僅屬就數罪之刑，如何定其\r\n    應執行者之問題，本於數宣告刑，應有數刑罰權，此項執行\r\n    方法之規定，並不能推翻被告所犯係數罪之本質，若其中一\r\n    罪之刑已執行完畢，自不因嗣後定其執行刑而影響先前一罪\r\n    已執行完畢之事實，謂無累犯規定之適用（最高法院104年\r\n    度第6次刑事庭會議參照）。經查，本件被告王子恩前因公\r\n    共危險、贓物、竊盜等案件，經本院分別判處有期徒刑確定\r\n    ，嗣經本院104年度聲字第30號裁定應執行有期徒刑1年1月\r\n    確定，於民國104年6月11日執行完畢，上開刑期執行完畢後\r\n    ，復與他案所處之刑經臺灣高等法院高雄分院以104年度聲\r\n    字第642號裁定應執行有期徒刑1年6月確定，於105年5月9日\r\n    執行完畢，有臺灣高等法院被告前案紀錄表可稽，上開1年1\r\n    月刑期既於104年6月11日執行完畢，自不因嗣後定其執行刑\r\n    而影響已執行完畢之事實。又被告此次分別於前揭1年1月刑\r\n    期執行完畢後5年內之104年10月下旬某日、前揭1年6月刑期\r\n    執行完畢後5年內之105年7月18日再犯施用第二級毒品案件\r\n    ，均係徒刑執行完畢5年內故意再犯本件有期徒刑以上之罪\r\n    ，均應依刑法第47條第1項，論以累犯，加重其刑。\r\n二、依刑事訴訟法第449條第1項前段、第3項、第454條第2項，\r\n    毒品危害防制條例第10條第2項，刑法第11條前段、第47條\r\n    第1項、第41條第1項前段、第8項、第51條第5款，逕以簡易\r\n    判決處如主文所示之刑。\r\n三、如不服本判決應於收受判決後10日內向本院提出上訴書狀，\r\n    並應敘述具體理由；其未敘述上訴理由者，應於上訴期間屆\r\n    滿後20日內向本院補提理由書（均須按他造當事人之人數附\r\n    繕本）「切勿逕送上級法院」。\r\n中    華    民    國   106    年    4     月    6     日\r\n                  臺灣澎湖地方法院馬公簡易庭\r\n                      法  官  王政揚\r\n以上正本證明與原本無異。\r\n中    華    民    國   106    年    4     月    6     日\r\n                      書記官  林映君\r\n附錄本案論罪科刑法條全文：\r\n毒品危防制條例第10條第2項：\r\n施用第二級毒品者，處3年以下有期徒刑。","type":"判決","historyHash":"","mainText":"王子恩施用第二級毒品，共貳罪，均累犯，各處有期徒刑伍月，如易科罰金，均以新臺幣壹仟元折算壹日。應執行有期徒刑玖月，如易科罰金，以新臺幣壹仟元折算壹日。","opinion":"二、按刑法第47條所規定累犯之加重，以受徒刑之執行完畢，或一部之執行而赦免後，5年以內故意再犯有期徒刑以上之罪者，為其要件。良以累犯之人，既曾犯罪受罰，當知改悔向上，竟又重蹈前愆，足見其刑罰感應力薄弱，基於特別預防之法理，非加重其刑不足使其覺悟，並兼顧社會防衛之效果。職是，應依累犯規定加重其刑者，主要在於行為人是否曾受徒刑之執行完畢後，猶無法達到刑罰矯正之目的為要。而數罪併罰之案件，雖應依刑法第50條、第51條規定就數罪所宣告之刑定其應執行之刑，然此僅屬就數罪之刑，如何定其應執行者之問題，本於數宣告刑，應有數刑罰權，此項執行方法之規定，並不能推翻被告所犯係數罪之本質，若其中一罪之刑已執行完畢，自不因嗣後定其執行刑而影響先前一罪已執行完畢之事實，謂無累犯規定之適用（最高法院104年度第6次刑事庭會議參照）。經查，本件被告王子恩前因公共危險、贓物、竊盜等案件，經本院分別判處有期徒刑確定，嗣經本院104年度聲字第30號裁定應執行有期徒刑1年1月確定，於民國104年6月11日執行完畢，上開刑期執行完畢後，復與他案所處之刑經臺灣高等法院高雄分院以104年度聲字第642號裁定應執行有期徒刑1年6月確定，於105年5月9日執行完畢，有臺灣高等法院被告前案紀錄表可稽，上開1年1月刑期既於104年6月11日執行完畢，自不因嗣後定其執行刑而影響已執行完畢之事實。又被告此次分別於前揭1年1月刑期執行完畢後5年內之104年10月下旬某日、前揭1年6月刑期執行完畢後5年內之105年7月18日再犯施用第二級毒品案件，均係徒刑執行完畢5年內故意再犯本件有期徒刑以上之罪，均應依刑法第47條第1項，論以累犯，加重其刑。\n二、依刑事訴訟法第449條第1項前段、第3項、第454條第2項，毒品危害防制條例第10條第2項，刑法第11條前段、第47條第1項、第41條第1項前段、第8項、第51條第5款，逕以簡易判決處如主文所示之刑。\n三、如不服本判決應於收受判決後10日內向本院提出上訴書狀，並應敘述具體理由；其未敘述上訴理由者，應於上訴期間屆滿後20日內向本院補提理由書（均須按他造當事人之人數附繕本）「切勿逕送上級法院」。","relatedIssues":[{"lawName":"中華民國刑法","issueRef":"11"},{"lawName":"中華民國刑法","issueRef":"41 1"},{"lawName":"中華民國刑法","issueRef":"41 8"},{"lawName":"中華民國刑法","issueRef":"47"},{"lawName":"中華民國刑法","issueRef":"47 1"},{"lawName":"中華民國刑法","issueRef":"47 1"},{"lawName":"中華民國刑法","issueRef":"50"},{"lawName":"中華民國刑法","issueRef":"51"},{"lawName":"中華民國刑法","issueRef":"51 1 5"},{"lawName":"刑事訴訟法","issueRef":"449 1"},{"lawName":"刑事訴訟法","issueRef":"449 3"},{"lawName":"刑事訴訟法","issueRef":"454 2"},{"lawName":"毒品危害防制條例","issueRef":"10 2"}],"party":[{"group":["plaintiff"],"title":"聲請人","value":"臺灣澎湖地方法院檢察署檢察官"},{"group":["defendant"],"title":"被告","value":"王子恩"}]}
