{"court":"臺灣澎湖地方法院","date":"2016-11-16T00:00:00+08:00","no":"105,附民,18","sys":"刑事","reason":"損害賠償","judgement":"臺灣澎湖地方法院刑事附帶民事訴訟判決　105年度附民字第18號 \r\n原　　　告　許美鳳\r\n訴訟代理人　吳忠諺律師\r\n被　　　告　蔡佳宏\r\n上列被告因恐嚇取財等案件（本院105年度易字第45號），經原\r\n告提起附帶民事訴訟，請求損害賠償，本院於民國105年11月2日\r\n言詞辯論終結，判決如下：\r\n    主      文\r\n被告應給付原告新臺幣玖拾捌萬玖仟元，及自民國一０五年十月\r\n二十日起至清償日止，按週年利率百分之五計算之利息。\r\n    事實及理由\r\n一、原告主張：被告基於意圖為自己不法所有之詐欺及恐嚇犯意\r\n    ，分別於附表所示之時間、地點，以LINE通訊軟體，向原告\r\n    佯稱介紹投資生意等如附表施詐或恐嚇內容欄所示之不實內\r\n    容，致原告陷於錯誤及心生畏懼後，被告即分別於附表所示\r\n    之時間、地點，取得如附表所示由原告交付之款項，金額共\r\n    計新臺幣（下同）98萬9千元，嗣因原告多次請求被告返還\r\n    其所交付之金錢，惟被告均置之不理，原告始驚覺受騙，而\r\n    提起刑事告訴，而被告因此致原告受有98萬9千元之損害，\r\n    為此，依民法第184條第1項規定提起本件訴訟請求損害賠償\r\n    等語，並聲明：如主文所示。\r\n二、被告則以：其同意原告請求，對原告主張之事實及證據均不\r\n    爭執等語。\r\n三、按因犯罪而受損害之人，於刑事訴訟程序得附帶提起民事訴\r\n    訟，對於被告及依民法負賠償責任之人，請求回復其損害；\r\n    附帶民事訴訟之判決，應以刑事訴訟判決所認定之事實為據\r\n    ，刑事訴訟法第487條第1項、第500條前段定有明文。次按\r\n    刑事訴訟法第491條第8款之規定，關於民事訴訟法第384條\r\n    本於當事人捨棄而為該當事人敗訴判決之規定，固得準用於\r\n    附帶民事訴訟，至本於認諾之判決，則刑事訴訟法內並未定\r\n    有準用明文，自屬不得一併準用（最高法院32年附字第371\r\n    號判例要旨可參）。又因故意或過失，不法侵害他人之權利\r\n    者，負損害賠償責任；故意以背於善良風俗之方法，加損害\r\n    於他人者，亦同，民法第184條第1項亦有明文。\r\n四、經查，被告有於附表所示之時間、地點，以LINE通訊軟體，\r\n    向原告佯稱介紹投資生意等如附表施詐或恐嚇內容欄所示之\r\n    不實內容，致原告陷於錯誤及心生畏懼後，被告即分別於附\r\n    表所示之時間、地點，取得如附表所示由原告交付之款項，\r\n    金額共計98萬9千元之事實，業據本院以105年度易字第45號\r\n    刑事判決認定在案，被告就原告上開主張亦不爭執，而本件\r\n    被告雖於審理中為同意原告請求之認諾意思表示，然揆諸前\r\n    開說明，尚不發生認諾之效力。惟原告主張被告所為侵權行\r\n    為之事實，既經本院以上開刑事判決認定被告犯行明確，是\r\n    原告之主張，自堪信為真實，則原告依據民法第184條第1項\r\n    之規定，請求被告給付原告98萬9千元，即屬有據。\r\n五、末按給付無確定期限者，債務人於債權人得請求給付時，經\r\n    其催告而未為給付，自受催告時起，負遲延責任。其經債權\r\n    人起訴而送達訴狀，與催告有同一之效力。又遲延之債務以\r\n    支付金錢為標的者，債權人得請求依法定利率計算之遲延利\r\n    息，民法第229條、第233條第1項分別定有明文。又應付利\r\n    息之債務，其利率未經約定，亦無法律可據者，週年利率為\r\n    5％，民法第203條亦有明文。查原告依據民法侵權行為之法\r\n    律關係，請求被告賠償其所受之損害98萬9千元，屬無確定\r\n    期限之給付，而本件刑事附帶民事訴訟起訴狀繕本係於105\r\n    年10月19日送達於被告等情，有本院送達證書1紙（見本院\r\n    卷第13頁）在卷可憑，則原告請求被告給付自起訴狀繕本送\r\n    達翌日即105年10月20日起至清償日止之法定遲延利息，即\r\n    有理由，應予准許。\r\n六、綜上所述，原告依據民法第184條第1項之侵權行為法律關係\r\n    ，請求被告給付98萬9千元，及自起訴狀繕本送達翌日即105\r\n    年10月20日起至清償日止，按週年利率5％計算之利息，為\r\n    有理由，應予准許。\r\n七、本件為刑事附帶民事訴訟，依法無庸繳納裁判費，且訴訟程\r\n    序中，兩造並無其他訴訟費用之支出，爰不另為訴訟費用負\r\n    擔之諭知，附此敘明。\r\n八、據上論結，本件原告之訴為有理由，依刑事訴訟法第502條\r\n    第2項，判決如主文。\r\n中    華    民    國   105    年    11    月    16    日\r\n                          刑事庭法  官  倪霈棻\r\n\r\n以上正本證明與原本無異。\r\n如不服本判決應於收受判決後10日內向本院提出上訴書狀，並應\r\n敘述具體理由；其未敘述上訴理由者，應於上訴期間屆滿後20日\r\n內向本院補提理由書(均須按他造當事人之人數附繕本)「切勿逕\r\n送上級法院」。\r\n\r\n中    華    民    國   105    年    11    月    16    日\r\n                                書記官  胡湘筠\r\n附表：\r\n┌─┬──────┬──────────┬──────┬──────┬──────┐\r\n│編│施詐或恐嚇時│施詐或恐嚇內容      │原告交付被告│原告交付被告│原告交付被告│\r\n│號│間          │                    │金錢時間    │金錢地點    │金額        │\r\n│  │            │                    │            │            │（新臺幣）  │\r\n├─┼──────┼──────────┼──────┼──────┼──────┤\r\n│1 │104年6月15日│佯稱有好康的事即投資│左列時間後至│不詳        │2萬元       │\r\n│  │9時許       │重利（投資內容為投資│編號2施詐時 │            │            │\r\n│  │            │2萬元，3個月後會有20│間之期間內某│            │            │\r\n│  │            │萬元之獲利），請原告│時          │            │            │\r\n│  │            │交付金錢            │            │            │            │\r\n├─┼──────┼──────────┼──────┼──────┼──────┤\r\n│2 │104年7月中旬│佯稱被警察查獲需要錢│左列時間後至│澎湖縣馬公市│28萬5千元   │\r\n│  │            │擺平，請原告交付金錢│編號3施詐時 │中正路上之麥│            │\r\n│  │            │                    │間之期間內某│當勞旁巷子內│            │\r\n│  │            │                    │時          │            │            │\r\n├─┼──────┼──────────┼──────┼──────┼──────┤\r\n│3 │104年7月27日│佯稱重利案件之正犯需│左列時間後至│同上        │5萬3千元    │\r\n│  │            │要錢交保，請原告交付│編號4施詐時 │            │            │\r\n│  │            │金錢                │間之期間內某│            │            │\r\n│  │            │                    │時          │            │            │\r\n├─┼──────┼──────────┼──────┼──────┼──────┤\r\n│4 │104年8月5日 │佯稱重利股東要將帳本│左列時間後至│澎湖縣湖西鄉│5萬元       │\r\n│  │            │交出，請原告交付金錢│編號5施詐時 │南寮村某廟旁│            │\r\n│  │            │                    │間之期間內某│            │            │\r\n│  │            │                    │時          │            │            │\r\n├─┼──────┼──────────┼──────┼──────┼──────┤\r\n│5 │104年8月8日 │佯稱自己被找麻煩，請│左列時間後至│澎湖縣馬公市│23萬7千元   │\r\n│  │至10日      │原告交付金錢        │編號6施詐時 │儷人診所旁  │            │\r\n│  │            │                    │間之期間內某│            │            │\r\n│  │            │                    │時          │            │            │\r\n├─┼──────┼──────────┼──────┼──────┼──────┤\r\n│6 │104年8月23日│佯稱自己被警察抓住，│104年8月24日│告訴人以無摺│3萬元       │\r\n│  │至24日      │請原告交付金錢      │            │存款方式存入│            │\r\n│  │            │                    │            │被告所有馬公│            │\r\n│  │            │                    │            │市中正路郵局│            │\r\n│  │            │                    │            │帳戶00000000│            │\r\n│  │            │                    │            │254129號    │            │\r\n├─┼──────┼──────────┼──────┼──────┼──────┤\r\n│7 │104年8月25日│佯稱錢籌不夠，請原告│104年8月26日│澎湖縣馬公市│1萬元       │\r\n│  │至26日      │交付金錢            │            │金霞大樓地下│            │\r\n│  │            │                    │            │停車場之被告│            │\r\n│  │            │                    │            │所有車牌號碼│            │\r\n│  │            │                    │            │3JP-590號重 │            │\r\n│  │            │                    │            │型機車置物箱│            │\r\n│  │            │                    │            │內          │            │\r\n├─┼──────┼──────────┼──────┼──────┼──────┤\r\n│8 │104年8月30日│佯稱不想自己一人獨自│左列時間後至│澎湖縣鎖港里│8萬2千元    │\r\n│  │至9月2日    │承擔，將於製作筆錄時│編號9施詐時 │之涼亭及澎湖│            │\r\n│  │            │全盤供出，致原告心生│間之期間內某│縣馬公市金霞│            │\r\n│  │            │畏懼後，請原告交付金│時          │大樓地下停車│            │\r\n│  │            │錢                  │            │場          │            │\r\n├─┼──────┼──────────┼──────┼──────┼──────┤\r\n│9 │104年9月3日 │佯稱告訴人再交付3萬 │104年9月5日 │澎湖縣馬公市│3萬元       │\r\n│  │至5日       │元，其等即可平安無事│            │中正路上之麥│            │\r\n│  │            │，請原告交付金錢    │            │當勞旁巷子內│            │\r\n├─┼──────┼──────────┼──────┼──────┼──────┤\r\n│10│104年9月5日 │假冒該案件之承辦員警│104年9月6日 │澎湖縣馬公市│3萬元       │\r\n│  │20時9分     │，向原告表示可以協助│            │中正路上之麥│            │\r\n│  │            │處理案件，請原告交付│            │當勞旁巷子內│            │\r\n│  │            │金錢                │            │            │            │\r\n├─┼──────┼──────────┼──────┼──────┼──────┤\r\n│11│104年9月20日│佯稱自己與馬公市市長│104年9月21日│澎湖縣湖西鄉│12萬5千元   │\r\n│  │            │熟識，要幫原告介紹新│            │南寮村之某菜│            │\r\n│  │            │的工作需要疏通，請原│            │園內        │            │\r\n│  │            │告交付金錢          │            │            │            │\r\n├─┼──────┼──────────┼──────┼──────┼──────┤\r\n│12│104年9月21日│佯稱女檢察官給警察3 │左列時間後之│澎湖縣井垵里│3萬7千元    │\r\n│  │12時許至24日│天查案期限而需律師費│某時        │之社區牌及湖│            │\r\n│  │            │用，請原告交付金錢  │            │西鄉之全家超│            │\r\n│  │            │                    │            │商          │            │\r\n├─┼──────┴──────────┴──────┴──────┴──────┤\r\n│共│98萬9千元                                                                   │\r\n│計│                                                                            │\r\n└─┴──────────────────────────────────────┘","type":"判決","historyHash":"","mainText":"被告應給付原告新臺幣玖拾捌萬玖仟元，及自民國一０五年十月二十日起至清償日止，按週年利率百分之五計算之利息。","opinion":"四、經查，被告有於附表所示之時間、地點，以LINE通訊軟體，向原告佯稱介紹投資生意等如附表施詐或恐嚇內容欄所示之不實內容，致原告陷於錯誤及心生畏懼後，被告即分別於附表所示之時間、地點，取得如附表所示由原告交付之款項，金額共計98萬9千元之事實，業據本院以105年度易字第45號刑事判決認定在案，被告就原告上開主張亦不爭執，而本件被告雖於審理中為同意原告請求之認諾意思表示，然揆諸前開說明，尚不發生認諾之效力。惟原告主張被告所為侵權行為之事實，既經本院以上開刑事判決認定被告犯行明確，是原告之主張，自堪信為真實，則原告依據民法第184條第1項之規定，請求被告給付原告98萬9千元，即屬有據。\n五、末按給付無確定期限者，債務人於債權人得請求給付時，經其催告而未為給付，自受催告時起，負遲延責任。其經債權人起訴而送達訴狀，與催告有同一之效力。又遲延之債務以支付金錢為標的者，債權人得請求依法定利率計算之遲延利息，民法第229條、第233條第1項分別定有明文。又應付利息之債務，其利率未經約定，亦無法律可據者，週年利率為5％，民法第203條亦有明文。查原告依據民法侵權行為之法律關係，請求被告賠償其所受之損害98萬9千元，屬無確定期限之給付，而本件刑事附帶民事訴訟起訴狀繕本係於105年10月19日送達於被告等情，有本院送達證書1紙（見本院卷第13頁）在卷可憑，則原告請求被告給付自起訴狀繕本送達翌日即105年10月20日起至清償日止之法定遲延利息，即有理由，應予准許。\n六、綜上所述，原告依據民法第184條第1項之侵權行為法律關係，請求被告給付98萬9千元，及自起訴狀繕本送達翌日即105年10月20日起至清償日止，按週年利率5％計算之利息，為有理由，應予准許。\n七、本件為刑事附帶民事訴訟，依法無庸繳納裁判費，且訴訟程序中，兩造並無其他訴訟費用之支出，爰不另為訴訟費用負擔之諭知，附此敘明。\n八、據上論結，本件原告之訴為有理由，依刑事訴訟法第502條第2項，判決如主文。","relatedIssues":[{"lawName":"刑事訴訟法","issueRef":"487 1"},{"lawName":"刑事訴訟法","issueRef":"491 1 8"},{"lawName":"刑事訴訟法","issueRef":"500"},{"lawName":"刑事訴訟法","issueRef":"502 2"},{"lawName":"民事訴訟法","issueRef":"384"},{"lawName":"民法","issueRef":"184 1"},{"lawName":"民法","issueRef":"184 1"},{"lawName":"民法","issueRef":"184 1"},{"lawName":"民法","issueRef":"184 1"},{"lawName":"民法","issueRef":"203"},{"lawName":"民法","issueRef":"229"},{"lawName":"民法","issueRef":"233 1"}],"party":[{"group":["plaintiff"],"title":"原告","value":"許美鳳"},{"group":["plaintiff","agentAdLitem","lawyer"],"title":"訴訟代理人","value":"吳忠諺律師"},{"group":["defendant"],"title":"被告","value":"蔡佳宏"}]}
