{"court":"臺灣澎湖地方法院","date":"2009-06-25T00:00:00+08:00","no":"98,交聲,39","sys":"刑事","reason":"違反道路交通管理處罰條例聲明異議","judgement":"臺灣澎湖地方法院交通事件裁定　　　　　98年度交聲字第39號\r\n異　議　人　甲○○\r\n即受處分人\r\n上列受處分人因違反道路交通管理處罰條例案件，對於交通部公\r\n路總局高雄區監理所澎湖監理站中華民國98年6月4日澎監違裁字\r\n第裁84─T00000000號裁決，聲明異議，本院裁定如下：\r\n    主  文\r\n原處分關於罰鍰新臺幣參萬元部分撤銷，不罰。\r\n其他異議駁回。\r\n    理  由\r\n一、原處分意旨略以：異議人即受處分人甲○○酒醉騎乘車牌號\r\n    碼KQ5－971號重型機車，於民國96年9月2日20時30分許，沿\r\n    澎湖縣馬公巿四維路由西往東行駛，途經四維路、光復路交\r\n    岔路口時，為員警攔查，並測得其呼氣酒精濃度為每公升\r\n    0.69毫克，經警製發違規通知單，依道路交通管理處罰條例\r\n    第35條第1項第1款、（第24條第1項第2款）規定，處異議人\r\n    罰鍰新臺幣（下同）52,500元，吊扣駕駛執照12個月，施以\r\n    道安講習（罰鍰和駕駛執照限於98年7月4日前繳納、繳送）\r\n    。\r\n二、異議意旨略以：異議人違規事實業經本院於96年10月16日以\r\n    96年度馬交簡字第82號刑事簡易判決處罰金銀元1萬元（新\r\n    臺幣3萬元），如易服勞役，以新臺幣壹仟元折算壹日，並\r\n    於97年5月23日執行完畢，依一事不二罰之法理，請求撤銷\r\n    原處分等語。\r\n三、按汽車駕駛人，駕駛汽車經測試檢定酒精濃度超過規定標準\r\n    者，處15,000元以上60,000元以下罰鍰，並當場移置保管其\r\n    車輛及吊扣其駕駛執照1年；有第35條第1項規定之情形者，\r\n    應接受道路交通安全講習，道路交通管理處罰條例第35條第\r\n    1項第1款、24條第1項第2款固分別定有明文。惟95年2月5日\r\n    正式施行之行政罰法第26條規定：「一行為同時觸犯刑事法\r\n    律及違反行政法上義務規定者，依刑事法律處罰之。但其行\r\n    為應處以其他種類行政罰或得沒入之物而未經法院宣告沒收\r\n    者，亦得裁處之。前項行為如經不起訴處分或為無罪、免訴\r\n    、不受理、不付審理之裁判確定者，得依違反行政法上義務\r\n    規定裁處之。」，該條立法理由明確揭示：「一行為同時觸\r\n    犯刑事法律及違反行政法上義務規定時，由於刑罰與行政罰\r\n    同屬對不法行為之制裁，而刑罰之懲罰作用較強，故依刑事\r\n    法律處罰，即足資警惕時，實無一事二罰再處行政罰之必要\r\n    。且刑事法律處罰，由法院依法定程序為之，較符合正當法\r\n    律程序，應予優先適用。但罰鍰以外之沒入或其他種類行政\r\n    罰，因兼具維護公共秩序之作用，為達行政目的，行政機關\r\n    仍得併予裁處，故為第一項但書規定。二前述行為如經檢察\r\n    官為不起訴處分或法院為無罪、免訴、不受理或不付審理（\r\n    少年事件）之裁判確定，行政罰之裁處即無一事二罰之疑慮\r\n    ，故第二項規定此時仍得依違反行政法上義務之規定裁處。\r\n    」亦即一行為同時造成刑罰法律與行政秩序罰規定發生競合\r\n    適用之關係時，基於「一事不二罰」之法理，經由立法程序\r\n    確立應以刑罰優先為原則，避免行為人承受過度且重複之處\r\n    罰其理益明。是以前揭行政罰法中刑事法律處罰優先且不再\r\n    處以行政秩序罰之目的，既係因為行為人已接受刑罰而足資\r\n    警惕，且已發生懲罰之作用，即無使行為人陷於雙重處罰之\r\n    不利益，則關於刑事法律處罰之範圍自應採取實質認定，凡\r\n    刑事實體法或程序法中所規定客觀上剝奪行為人生命、自由\r\n    、財產權利，主觀上亦因制裁之嚴厲性、痛苦性，其強度足\r\n    以造成心理強制而間接達成矯正教化目的之處遇手段，皆應\r\n    納入其中，而不以形式上符合刑法第32條至第34條所定主刑\r\n    及從刑種類者為限，始與前揭法律規範之意旨相符。\r\n四、經查：\r\n    本件受處分人對於其上開酒醉駕車之行為並不爭執，復有澎\r\n    湖縣警察局舉發違反道路交通管理事件通知單一紙在卷可憑\r\n    ，堪可認定。惟受處分人前開酒醉駕車行為，業經本院以96\r\n    年度馬交簡字第82號刑事簡易判決判處罰金新臺幣3萬元確\r\n    定，並於97年5月23日執行完畢等情，有上開案號之刑事簡\r\n    易判決、臺灣澎湖地方法院檢察署自行收納款項統一收據及\r\n    臺灣高等法院被告前案紀錄表各1份在卷可稽。從而，異議\r\n    人酒後駕車之行為同時觸犯刑法及違反行政法上義務，並經\r\n    本院以96年度馬交簡字第82號刑事簡易判決判處罰金新臺幣\r\n    3萬元確定，揆諸前揭說明，裁處罰鍰部分自無從再適用行\r\n    政罰之必要。然按前項汽車駕駛人，經裁判確定處以罰金低\r\n    於本條例第92條第3項所訂最低罰鍰基準規定者，應依本條\r\n    例裁決繳納不足最低罰鍰之部分，道路交通管理處罰條例第\r\n    35條第8項定有明文。其立法目的即考量適用行政罰法第26\r\n    條後，在酒後駕車違規應受刑事處罰者，刑罰處罰額度低於\r\n    行政罰之流弊，以及將產生受刑事處罰者低於同為酒後駕車\r\n    違規卻未達受刑事處罰標準之不合理情形，是以，汽車駕駛\r\n    人經裁判確定處以罰金低於同條例第92條第3項所訂最低罰\r\n    鍰基準規定者，應依同條例裁決繳納不足最低罰鍰之部分，\r\n    而此條文規定乃行政罰法第26條之特別規定，自應優先適用\r\n    。本件異議人騎乘機車經測試檢定酒精濃度為每公升0.69毫\r\n    克，依違反道路交通管理事件統一裁罰基準表所載，機器腳\r\n    踏車駕駛人其吐氣所含酒精濃度超過每公升0.55毫克，逾越\r\n    應到案期限60日以上，其最低罰鍰基準為52,500元，故異議\r\n    人尚須補繳不足部分之罰鍰22,500元【即52,500－30,000\r\n    ＝22,500】，始為適法，原處分機關逕以異議人酒精濃度超\r\n    過規定標準，對其裁處罰鍰超過22,500元，尚有未洽。至於\r\n    原處分關於吊扣駕駛執照12個月及施以道安講習部分，則係\r\n    預防將來再犯危險之管制罰，而有別於前揭針對已發生違規\r\n    事實科處罰鍰之行政秩序罰，屬行政罰法第26條第1項但書\r\n    所稱之「其他種類行政罰」，原處分機關仍得依道路交通管\r\n    理處罰條例第24條第1項第2款、第35條第1項第1款予以裁處\r\n    。\r\n五、綜上，原處分機關前開罰鍰之行政裁罰，既有未洽，應由本\r\n    院撤銷原處分其中罰鍰30,000元部分，另由本院為受處分人\r\n    不罰之諭知，以資適法。至於原處分罰鍰22,500元部分，仍\r\n    應由異議人繳納，且對異議人為吊扣駕駛執照12個月，並施\r\n    以道安講習之處分部分，於法並無違誤，故異議人此部分之\r\n    異議，為無理由，應予駁回。\r\n中　　華　　民　　國　　98　　年　　6　　月　　 25　　日\r\n                        交通法庭法　官　陳順輝\r\n以上正本係照原本作成。\r\n如不服本裁定，應於裁定送達之翌日起5日內，向本院提出抗告\r\n狀（須附繕本）。\r\n中　　華　　民　　國　　98　　年　　6　　月　　 25　　日\r\n                 　   　　      書記官　王耀煌","type":"裁定","historyHash":"","mainText":"原處分關於罰鍰新臺幣參萬元部分撤銷，不罰。\n其他異議駁回。","opinion":"四、經查：\n    本件受處分人對於其上開酒醉駕車之行為並不爭執，復有澎湖縣警察局舉發違反道路交通管理事件通知單一紙在卷可憑，堪可認定。惟受處分人前開酒醉駕車行為，業經本院以96年度馬交簡字第82號刑事簡易判決判處罰金新臺幣3萬元確定，並於97年5月23日執行完畢等情，有上開案號之刑事簡易判決、臺灣澎湖地方法院檢察署自行收納款項統一收據及臺灣高等法院被告前案紀錄表各1份在卷可稽。從而，異議人酒後駕車之行為同時觸犯刑法及違反行政法上義務，並經本院以96年度馬交簡字第82號刑事簡易判決判處罰金新臺幣3萬元確定，揆諸前揭說明，裁處罰鍰部分自無從再適用行政罰之必要。然按前項汽車駕駛人，經裁判確定處以罰金低於本條例第92條第3項所訂最低罰鍰基準規定者，應依本條例裁決繳納不足最低罰鍰之部分，道路交通管理處罰條例第35條第8項定有明文。其立法目的即考量適用行政罰法第26條後，在酒後駕車違規應受刑事處罰者，刑罰處罰額度低於行政罰之流弊，以及將產生受刑事處罰者低於同為酒後駕車違規卻未達受刑事處罰標準之不合理情形，是以，汽車駕駛人經裁判確定處以罰金低於同條例第92條第3項所訂最低罰鍰基準規定者，應依同條例裁決繳納不足最低罰鍰之部分，而此條文規定乃行政罰法第26條之特別規定，自應優先適用。本件異議人騎乘機車經測試檢定酒精濃度為每公升0.69毫克，依違反道路交通管理事件統一裁罰基準表所載，機器腳踏車駕駛人其吐氣所含酒精濃度超過每公升0.55毫克，逾越應到案期限60日以上，其最低罰鍰基準為52,500元，故異議人尚須補繳不足部分之罰鍰22,500元【即52,500－30,000＝22,500】，始為適法，原處分機關逕以異議人酒精濃度超過規定標準，對其裁處罰鍰超過22,500元，尚有未洽。至於原處分關於吊扣駕駛執照12個月及施以道安講習部分，則係預防將來再犯危險之管制罰，而有別於前揭針對已發生違規事實科處罰鍰之行政秩序罰，屬行政罰法第26條第1項但書所稱之「其他種類行政罰」，原處分機關仍得依道路交通管理處罰條例第24條第1項第2款、第35條第1項第1款予以裁處。\n五、綜上，原處分機關前開罰鍰之行政裁罰，既有未洽，應由本院撤銷原處分其中罰鍰30,000元部分，另由本院為受處分人不罰之諭知，以資適法。至於原處分罰鍰22,500元部分，仍應由異議人繳納，且對異議人為吊扣駕駛執照12個月，並施以道安講習之處分部分，於法並無違誤，故異議人此部分之異議，為無理由，應予駁回。","relatedIssues":[{"lawName":"中華民國刑法","issueRef":"32"},{"lawName":"中華民國刑法","issueRef":"33"},{"lawName":"中華民國刑法","issueRef":"34"},{"lawName":"行政罰法","issueRef":"26"},{"lawName":"行政罰法","issueRef":"26"},{"lawName":"行政罰法","issueRef":"26"},{"lawName":"行政罰法","issueRef":"26"},{"lawName":"行政罰法","issueRef":"26 1"},{"lawName":"道路交通管理處罰條例","issueRef":"24 1 2"},{"lawName":"道路交通管理處罰條例","issueRef":"24 1 2"},{"lawName":"道路交通管理處罰條例","issueRef":"35 1 1"},{"lawName":"道路交通管理處罰條例","issueRef":"35 1 1"},{"lawName":"道路交通管理處罰條例","issueRef":"35 1 1"},{"lawName":"道路交通管理處罰條例","issueRef":"35 8"}],"party":[{"group":["plaintiff"],"title":"異議人即受處分人","value":"甲○○"}]}
