{"court":"臺灣澎湖地方法院","date":"2010-04-28T00:00:00+08:00","no":"99,馬秩易,6","sys":"刑事","reason":"違反社會秩序維護法","judgement":"臺灣澎湖地方法院裁定　　　　　　　　 99年度馬秩易字第6號\r\n移送機關　　澎湖縣政府警察局馬公分局\r\n被移送人　　甲○○\r\n上列被移送人因違反社會秩序維護法案件，經移送機關以馬警分\r\n偵字第0992260232號科處罰鍰，因逾期不繳納，經移送機關以中\r\n華民國99年4月19日馬警分偵字第0992260412號聲請書聲請易以\r\n拘留，本院裁定如下：\r\n    主  文\r\n甲○○易以拘留伍日。\r\n    理  由\r\n一、聲請意旨略以：被移送人前因違反社會秩序維護法案件，經\r\n    移送機關以馬警分偵字第0992260232號科處罰鍰新臺幣（下\r\n    同）9,000元，移送機關於民國99年3月19日以馬警分偵字第\r\n    0992260304號執行通知單通知被移送人繳納，惟被移送人已\r\n    逾完納期限迄未繳納，為此聲請易以拘留等語，並提出執行\r\n    通知單、送達證書作為釋明。\r\n二、本件聲請於法並無不合，應予准許。被移送人應繳罰鍰總額\r\n    9,000元未繳，應易以拘留5日，並以罰緩總額與5日之日數\r\n    比例折算。\r\n三、依社會秩序維護法第45條第1項、第21條第2項，裁定如主文\r\n    。\r\n中    華    民    國    99    年    4     月    28    日\r\n                  臺灣澎湖地方法院馬公簡易庭\r\n                      法  官  陳介安\r\n以上正本係照原本作成。\r\n如不服本裁定，得於裁定書送達之翌日起5日內，以書狀敘述理\r\n由，向本庭（澎湖縣馬公市西文里西文澳310號）提起抗告狀（\r\n須附繕本）。\r\n中    華    民    國    99    年    4     月    28    日\r\n                      書記官  林長義","type":"裁定","historyHash":"","mainText":"甲○○易以拘留伍日。","opinion":"理  由\n一、聲請意旨略以：被移送人前因違反社會秩序維護法案件，經移送機關以馬警分偵字第0992260232號科處罰鍰新臺幣（下同）9,000元，移送機關於民國99年3月19日以馬警分偵字第0992260304號執行通知單通知被移送人繳納，惟被移送人已逾完納期限迄未繳納，為此聲請易以拘留等語，並提出執行通知單、送達證書作為釋明。\n二、本件聲請於法並無不合，應予准許。被移送人應繳罰鍰總額9,000元未繳，應易以拘留5日，並以罰緩總額與5日之日數比例折算。\n三、依社會秩序維護法第45條第1項、第21條第2項，裁定如主文。","relatedIssues":[{"lawName":"社會秩序維護法","issueRef":"21 2"},{"lawName":"社會秩序維護法","issueRef":"45 1"}],"party":[{"group":[],"title":"移送機關","value":"澎湖縣政府警察局馬公分局"},{"group":[],"title":"被移送人","value":"甲○○"}]}
