{"court":"臺灣澎湖地方法院","date":"2011-03-02T00:00:00+08:00","no":"100,智訴,2","sys":"刑事","reason":"違反著作權法等","judgement":"臺灣澎湖地方法院刑事裁定　　　　　　　100年度智訴字第2號\r\n聲　請　人　臺灣澎湖地方法院檢察署檢察官\r\n被　　　告　郭哲瑋\r\n上列被告因違反著作權法等案件，本院裁定如下：\r\n    主  文\r\n本件由受命法官獨任進行協商程序。\r\n    理  由\r\n一、按除所犯為死刑、無期徒刑、最輕本刑3年以上有期徒刑之\r\n    罪或高等法院管轄第一審案件者外，案件經檢察官提起公訴\r\n    或聲請簡易判決處刑，於第一審言詞辯論終結前或簡易判決\r\n    處刑前，檢察官得於徵詢被害人之意見後，逕行或依被告或\r\n    其代理人、辯護人之請求，經法院同意，於審判外進行協商\r\n    ；且當事人雙方合意且被告認罪者，由檢察官聲請法院改依\r\n    協商程序而為判決，此刑事訴訟法第455條之2第1項定有明\r\n    文。又依同法第455條之11第2項規定「刑事訴訟第284條之1\r\n    之規定，於協商程序不適用之」，可知協商程序法院無庸行\r\n    合議審判，得獨任為之。\r\n二、經查，本件被告所犯為死刑、無期徒刑、最輕本刑3年以上\r\n    有期徒刑之罪或高等法院管轄第一審以外之案件，由檢察官\r\n    聲請行協商，經本院同意後，由當事人雙方就刑事訴訟法第\r\n    455條之2第1項第1至4款之事項達成合意，且被告認罪，由\r\n    檢察官聲請改依協商程序而為判決，本院認為適宜由受命法\r\n    官獨任進行協商程序。\r\n三、依刑事訴訟法第455條之11第2項，裁定如主文。\r\n中    華    民    國   100    年    3     月    2     日\r\n                  刑事庭  審判長法  官  管安露\r\n                                法  官  李宛玲\r\n                                法  官  陳順輝\r\n上正本證明與原本無異。\r\n本件不得抗告。\r\n中    華    民    國   100    年    3     月    2     日\r\n                                書記官  王耀煌","type":"裁定","historyHash":"","mainText":"本件由受命法官獨任進行協商程序。","opinion":"二、經查，本件被告所犯為死刑、無期徒刑、最輕本刑3年以上有期徒刑之罪或高等法院管轄第一審以外之案件，由檢察官聲請行協商，經本院同意後，由當事人雙方就刑事訴訟法第455條之2第1項第1至4款之事項達成合意，且被告認罪，由檢察官聲請改依協商程序而為判決，本院認為適宜由受命法官獨任進行協商程序。\n三、依刑事訴訟法第455條之11第2項，裁定如主文。","relatedIssues":[{"lawName":"刑事訴訟法","issueRef":"455-2 1"},{"lawName":"刑事訴訟法","issueRef":"455-2 1 1"},{"lawName":"刑事訴訟法","issueRef":"455-2 1 2"},{"lawName":"刑事訴訟法","issueRef":"455-2 1 3"},{"lawName":"刑事訴訟法","issueRef":"455-2 1 4"},{"lawName":"刑事訴訟法","issueRef":"455-11 2"},{"lawName":"刑事訴訟法","issueRef":"455-11 2"}],"party":[{"group":["plaintiff"],"title":"聲請人","value":"臺灣澎湖地方法院檢察署檢察官"},{"group":["defendant"],"title":"被告","value":"郭哲瑋"}]}
