{"court":"臺灣澎湖地方法院","date":"2018-10-23T00:00:00+08:00","no":"107,馬交簡,131","sys":"刑事","reason":"公共危險","judgement":"臺灣澎湖地方法院刑事簡易判決　　　107年度馬交簡字第131號\r\n聲　請　人　臺灣澎湖地方檢察署檢察官\r\n被　　　告　許文溪\r\n上列被告因公共危險案件，經檢察官聲請以簡易判決處刑（107\r\n年度偵字第561 號），本院判決如下：\r\n    主      文\r\n許文溪吐氣所含酒精濃度達每公升零點二五毫克以上駕駛動力交\r\n通工具，處有期徒刑參月，如易科罰金，以新臺幣壹仟元折算壹\r\n日。\r\n    事實及理由\r\n一、本件犯罪事實、證據、應適用法條，除下列應補充事項外，\r\n    餘均引用檢察官聲請簡易判決處刑書之記載（如附件）：\r\n  (一)犯罪事實欄第2 至3 行關於「而基於公共危險之犯意，」之\r\n    記載應更正為「知其吐氣所含酒精濃度達每公升0.25毫克以\r\n    上，不得駕駛動力交通工具，仍」。\r\n  (二)犯罪事實欄第3 行關於「車牌號碼000-000 號」之記載應更\r\n    正為「車牌號碼000-000 號」。\r\n  (三)犯罪事實欄第6 行傷勢部分應補充「右手擦傷」。\r\n  (四)補充被告為警測得吐氣所含酒精濃度時間為同日下午4 時8\r\n    分許。\r\n  (五)證據並所犯法條欄第2 項所犯法條應更正為「刑法第185 條\r\n    之3第1項第1款」。\r\n二、爰審酌被告前於民國91、105 年間因酒後駕車案件，先後經\r\n    法院判處拘役40日、檢察官處分緩起訴確定，竟於本案飲酒\r\n    後吐氣所含酒精濃度達每公升1.63毫克，猶危險駕駛普通重\r\n    型機車於公眾使用之道路，明顯忽視其他用路人之生命、身\r\n    體及財產安全，所為實有不該，參酌被告之智識程度為高中\r\n    畢業、經濟狀況小康、為警測得之吐氣所含酒精濃度為每公\r\n    升 1.63 毫克、本件酒後騎乘普通重型機車並無造成其他用\r\n    路人傷亡之車禍事故、犯後坦承犯行之態度等一切情狀，量\r\n    處如主文所示之刑，並諭知易科罰金之折算標準。\r\n三、依刑事訴訟法第449 條第1 項前段、第3 項、第454 條第2\r\n    項，刑法第185 條之3 第1 項第1 款、第41條第1 項前段，\r\n    刑法施行法第1 條之1 第1 項，逕以簡易判決處如主文所示\r\n    之刑。\r\n四、如不服本判決應於收受判決後10日內向本院提出上訴書狀，\r\n    並應敘述具體理由；其未敘述上訴理由者，應於上訴期間屆\r\n    滿後20日內向本院補提理由書（均須按他造當事人之人數附\r\n    繕本）「切勿逕送上級法院」。\r\n本案經檢察官陳建佑聲請以簡易判決處刑。\r\n中    華    民    國   107    年    10    月    23    日\r\n                  臺灣澎湖地方法院馬公簡易庭\r\n                      法  官  陳立祥\r\n\r\n以上正本證明與原本無異。\r\n\r\n中    華    民    國   107    年    10    月    23    日\r\n                      書記官  胡湘筠\r\n附錄本案論罪科刑法條全文：\r\n刑法第185條之3：\r\n駕駛動力交通工具而有下列情形之一者，處2 年以下有期徒刑，\r\n得併科20萬元以下罰金：\r\n一、吐氣所含酒精濃度達每公升0.25毫克或血液中酒精濃度達\r\n    0.05％以上。\r\n二、有前款以外之其他情事足認服用酒類或其他相類之物，致不\r\n    能安全駕駛。\r\n三、服用毒品、麻醉藥品或其他相類之物，致不能安全駕駛。\r\n因而致人於死者，處3 年以上10年以下有期徒刑；致重傷者，處\r\n1 年以上7 年以下有期徒刑。\r\n附件:\r\n臺灣澎湖地方檢察署檢察官聲請簡易判決處刑書  \r\n                                      107年度偵字第561號\r\n    被      告  許文溪  男  43歲（民國00年00月00日生）\r\n                        住澎湖縣○○鄉○○村0號之2\r\n                        國民身分證統一編號：Z000000000號\r\n上列被告因公共危險案件，業經偵查終結，認宜聲請以簡易判決\r\n處刑，茲將犯罪事實及證據並所犯法條分敘如下：  \r\n        犯罪事實\r\n一、許文溪於民國107年9月23日中午1時許起迄同日下午3時止，\r\n    在澎湖縣西嶼鄉竹灣村友人家中飲用2罐啤酒。而基於公共\r\n    危險之犯意，於同日下午3時許，騎乘車牌號碼000-000號機\r\n    車欲返回小門村家中。途經小門橋（澎2號道10公尺處）時\r\n    因欲下車尿尿，且不勝酒力遂下車之際，車輛傾倒自己也跌\r\n    倒受有頭部外傷、左肩擦傷、左側顴骨弓骨折之傷害。旋為\r\n    附近之民眾發現報警處理，警方獲報後立即前來現場，發現\r\n    伊有酒駕情形並對伊當場進行酒測，當場測得其呼氣後酒精\r\n    濃度1.63MG/L，業已逾法定標準值而悉上情。\r\n二、案經澎湖縣政府警察局白沙分局報告偵辦。\r\n       證據並所犯法條\r\n一、訊據被告許文溪，就上揭事實於警詢、偵查中均坦承不諱，\r\n    且有個人戶籍資料、當事人酒精測定紀錄表、三軍總醫院澎\r\n    湖分院附設民眾診療處診斷證明書、公務電話紀錄簿、道路\r\n    交通事故現場圖、道路交通事故調查報告表、現場照片5張\r\n    、澎湖縣政府警察局舉發違反道路交通管理事件通知單等物\r\n    在卷可按，被告自白與事實相符，其犯行洵可認定。\r\n二、核被告許文溪所為，係犯刑法第185條之3第1項第1項之公共\r\n    危險罪嫌。\r\n三、依刑事訴訟法第451條第1項聲請逕以簡易判決處刑。\r\n    此    致\r\n臺灣澎湖地方法院\r\n中    華    民    國   107    年    10    月    2     日\r\n                              檢  察  官  陳   建   佑\r\n上述正本證明與原本無異\r\n中    華    民    國    107   年    10    月    4     日\r\n                              書  記  官  粘   惠   婷\r\n附錄法條\r\n中華民國刑法第185條之3第1項第1款\r\n駕駛動力交通工具而有下列情形之一者，處 2 年以下有期徒刑\r\n，得併科 20 萬元以下罰金：\r\n一、吐氣所含酒精濃度達每公升零點二五毫克或血液中酒精濃度\r\n    達百分之零點零五以上。\r\n二、有前款以外之其他情事足認服用酒類或其他相類之物，致不\r\n    能安全駕駛。\r\n三、服用毒品、麻醉藥品或其他相類之物，致不能安全駕駛。\r\n因而致人於死者，處 3 年以上 10 年以下有期徒刑；致重傷者\r\n，處 1 年以上 7 年以下有期徒刑。","type":"判決","historyHash":"","mainText":"許文溪吐氣所含酒精濃度達每公升零點二五毫克以上駕駛動力交通工具，處有期徒刑參月，如易科罰金，以新臺幣壹仟元折算壹日。","opinion":"","relatedIssues":[{"lawName":"中華民國刑法","issueRef":"41 1"},{"lawName":"中華民國刑法","issueRef":"185-3"},{"lawName":"中華民國刑法","issueRef":"185-3 1"},{"lawName":"中華民國刑法","issueRef":"185-3 1"},{"lawName":"中華民國刑法","issueRef":"185-3 1 1"},{"lawName":"中華民國刑法","issueRef":"185-3 1 1"},{"lawName":"中華民國刑法","issueRef":"185-3 1 1"},{"lawName":"中華民國刑法施行法","issueRef":"1-1 1"},{"lawName":"刑事訴訟法","issueRef":"449 1"},{"lawName":"刑事訴訟法","issueRef":"449 3"},{"lawName":"刑事訴訟法","issueRef":"451 1"},{"lawName":"刑事訴訟法","issueRef":"454 2"}],"party":[{"group":["plaintiff"],"title":"聲請人","value":"臺灣澎湖地方檢察署檢察官"},{"group":["defendant"],"title":"被告","value":"許文溪"}]}
