{"court":"臺灣澎湖地方法院","date":"2009-02-13T00:00:00+08:00","no":"98,馬交簡,7","sys":"刑事","reason":"過失傷害","judgement":"臺灣澎湖地方法院刑事簡易判決　　　　 98年度馬交簡字第7號\r\n聲　請　人　臺灣澎湖地方法院檢察署檢察官\r\n被　　　告　甲○○\r\n上列被告因過失傷害案件，經檢察官聲請以簡易判決處刑（97年\r\n度調偵字第15號），本院判決如下：\r\n    主      文\r\n甲○○犯過失傷害罪，處拘役参拾日，如易科罰金，以新台幣壹\r\n仟元折算壹日，緩刑貳年，並向乙○○支付新台幣参萬元。\r\n    事實及理由\r\n一、甲○○於民國97年5月10日上午9時53分許，在澎湖縣馬公市\r\n    ○○路東向西車道，騎乘車號CS3-575號重型機車，途經西\r\n    文里1-3號前時，本應注意車前狀況，隨時採取必要之安全\r\n    措施，而依當時之天候及道路狀況，又無不能注意之情形，\r\n    竟疏未注意，適有乙○○牽引車牌PXI-166號重型機車，亦\r\n    未注意先讓道路上直行車輛先行，即由路旁人行道後退進入\r\n    新生路上，兩車因而發生碰撞，甲○○受有右側大腿挫傷之\r\n    傷害（業已對乙○○撤回告訴），乙○○則受有右側足部中\r\n    足部骨間聯合韌帶受傷之傷害，二人於事故後均停留現場，\r\n    向到場處理警員承認肇事並接受裁判。\r\n二、前述犯罪事實，有下列證據證明：\r\n（一）被告甲○○之陳述。\r\n（二）告訴人乙○○之陳述。\r\n（三）道路交通事故現場圖、現場照片。\r\n（四）驗傷診斷書及受傷照片。\r\n三、核被告所為，係犯刑法第284條第1項之過失傷害罪。被告於\r\n    事故後停留現場承認肇事並接受裁判，符合自首規定，應減\r\n    輕其刑。考量被告並無前科，有台灣高等法院被告全國前案\r\n    紀錄表可查，其因一時疏失發生本件事故，過失情節尚非嚴\r\n    重，告訴人所受傷害雖不輕微，但被告對於自己受傷部分亦\r\n    不追究告訴人之刑事責任，因而從輕量處如主文所示之刑，\r\n    並諭知易科罰金折算標準。同時，由於本件事故，主要為告\r\n    訴人侵犯道路上直行車之路權所致，因而斟酌告訴人所受傷\r\n    害並未開刀住院，但須打石膏一個月以上，且持續造成生活\r\n    上不適與不便等情形後，酌定被告應支付告訴人新台幣3萬\r\n    元，而宣告緩刑。\r\n四、依刑事訴訟法第449條第1項前段，刑法第284條第1項、第62\r\n    條前段、第41條第1項前段、第74條第1項第1款、第2項第3\r\n    款，刑法施行法第1條之1，判決如主文。\r\n中　　華　　民　　國 　　98　　年　　2　　月　　13　　日\r\n                  臺灣澎湖地方法院馬公簡易庭\r\n                      法　官　陳介安\r\n以上正本證明與原本無異。\r\n如不服本判決應於收受判決後10日內向本院提出上訴書狀，並應\r\n敘述具體理由；其未敘述上訴理由者，應於上訴期間屆滿後20日\r\n內向本院補提理由書(均須按他造當事人之人數附繕本)「切勿逕\r\n送上級法院」。\r\n中　　華　　民　　國　　98　　年　　2　　月　　13　　日\r\n                      書記官　林長義\r\n中華民國刑法第284條（過失傷害罪）因過失傷害人者，處6月以\r\n下有期徒刑、拘役或5百元以下罰金，致重傷者，處1年以下有期\r\n徒刑、拘役或5百元以下罰金。","type":"判決","historyHash":"","mainText":"甲○○犯過失傷害罪，處拘役参拾日，如易科罰金，以新台幣壹仟元折算壹日，緩刑貳年，並向乙○○支付新台幣参萬元。","opinion":"","relatedIssues":[{"lawName":"中華民國刑法","issueRef":"41 1"},{"lawName":"中華民國刑法","issueRef":"62"},{"lawName":"中華民國刑法","issueRef":"74 1 1"},{"lawName":"中華民國刑法","issueRef":"74 2 3"},{"lawName":"中華民國刑法","issueRef":"284"},{"lawName":"中華民國刑法","issueRef":"284 1"},{"lawName":"中華民國刑法","issueRef":"284 1"},{"lawName":"中華民國刑法施行法","issueRef":"1-1"},{"lawName":"刑事訴訟法","issueRef":"449 1"}],"party":[{"group":["plaintiff"],"title":"聲請人","value":"臺灣澎湖地方法院檢察署檢察官"},{"group":["defendant"],"title":"被告","value":"甲○○"}]}
