{"court":"臺灣澎湖地方法院","date":"2011-04-18T00:00:00+08:00","no":"100,馬簡,55","sys":"刑事","reason":"違反家庭暴力防治法","judgement":"臺灣澎湖地方法院刑事簡易判決　　　　 100年度馬簡字第55號\r\n聲　請　人　臺灣澎湖地方法院檢察署檢察官\r\n被　　　告　楊清威\r\n上列被告因違反家庭暴力防治法案件，經檢察官聲請以簡易判決\r\n處刑（100年度偵字第29號）本院判決如下：\r\n    主      文\r\n楊清威犯違反保護令罪，處拘役伍日，如易科罰金，以新臺幣壹\r\n仟元折算壹日。\r\n    事實及理由\r\n一、本件犯罪事實、證據、應適用法條，均引用檢察官聲請簡易\r\n    判決處刑書之記載（如附件）。\r\n二、依刑事訴訟法第449條第1項前段、第454條第2項、家庭暴力\r\n    防治法第61條第1款、第2款，刑法第11條前段、第305條、\r\n    第55條、第41條第1項前段，刑法施行法第1條之1，逕以簡\r\n    易判決處如主文所示之刑。\r\n中    華    民    國   100    年    4     月    18    日\r\n                  臺灣澎湖地方法院馬公簡易庭\r\n                      法  官  陳介安\r\n以上正本證明與原本無異。\r\n如不服本判決應於收受判決後10日內向本院提出上訴書狀，並應\r\n敘述具體理由；其未敘述上訴理由者，應於上訴期間屆滿後20日\r\n內向本院補提理由書(均須按他造當事人之人數附繕本)「切勿逕\r\n送上級法院」。\r\n中    華    民    國   100    年    4     月    18    日\r\n                      書記官  林長義\r\n附錄本案論罪科刑法條全文：\r\n家庭暴力防治法第61條：\r\n違反法院依第14條第1項、第16條第3項所為之下列裁定者，為本\r\n法所稱違反保護令罪，處3年以下有期徒刑、拘役或科或併科新\r\n臺幣10萬元以下罰金：\r\n一、禁止實施家庭暴力。\r\n二、禁止騷擾、接觸、跟蹤、通話、通信或其他非必要之聯絡行\r\n    為。\r\n三、遷出住居所。\r\n四、遠離住居所、工作場所、學校或其他特定場所。\r\n五、完成加害人處遇計畫。","type":"判決","historyHash":"","mainText":"楊清威犯違反保護令罪，處拘役伍日，如易科罰金，以新臺幣壹仟元折算壹日。","opinion":"","relatedIssues":[{"lawName":"中華民國刑法","issueRef":"11"},{"lawName":"中華民國刑法","issueRef":"41 1"},{"lawName":"中華民國刑法","issueRef":"55"},{"lawName":"中華民國刑法","issueRef":"305"},{"lawName":"中華民國刑法施行法","issueRef":"1-1"},{"lawName":"刑事訴訟法","issueRef":"449 1"},{"lawName":"刑事訴訟法","issueRef":"454 2"},{"lawName":"家庭暴力防治法","issueRef":"61"},{"lawName":"家庭暴力防治法","issueRef":"61 1 1"},{"lawName":"家庭暴力防治法","issueRef":"61 1 2"}],"party":[{"group":["plaintiff"],"title":"聲請人","value":"臺灣澎湖地方法院檢察署檢察官"},{"group":["defendant"],"title":"被告","value":"楊清威"}]}
