{"court":"臺灣澎湖地方法院","date":"2008-10-01T00:00:00+08:00","no":"97,易,43","sys":"刑事","reason":"竊盜","judgement":"臺灣澎湖地方法院刑事裁定　　　　　　　　97年度易字第43號\r\n公　訴　人　臺灣澎湖地方法院檢察署檢察官\r\n被　　　告　甲○○\r\n上列被告因竊盜案件，經檢察官提起公訴，本院裁定如下：\r\n    主    文\r\n甲○○自民國97年10月9日起延長羈押貳月。\r\n    理    由\r\n本件被告因竊盜案件，經本院認有刑事訴訟法第101條之1第1項\r\n第5款之情形而有羈押必要，於民國97年7月9日執行羈押，茲本\r\n院以前項原因依然存在，仍有繼續羈押之必要，應自民國97年10\r\n月9日起延長羈押2月。爰依刑事訴訟法第108條第1項，裁定如主\r\n文。\r\n中　　華　　民　　國　　97　　年　　10　　月   　1　　日\r\n                        刑事庭  法  官  李宛玲\r\n以上正本證明與原本無異。\r\n如不服本裁定，應於裁定送達之翌日起5日內提出抗告狀於本院\r\n（須附繕本）。\r\n中　　華　　民　　國　　97　　年　　10　　月   　1　　日\r\n                                書記官  莊茹茵","type":"裁定","historyHash":"","mainText":"甲○○自民國97年10月9日起延長羈押貳月。","opinion":"理    由\n本件被告因竊盜案件，經本院認有刑事訴訟法第101條之1第1項第5款之情形而有羈押必要，於民國97年7月9日執行羈押，茲本院以前項原因依然存在，仍有繼續羈押之必要，應自民國97年10月9日起延長羈押2月。爰依刑事訴訟法第108條第1項，裁定如主文。","relatedIssues":[{"lawName":"刑事訴訟法","issueRef":"101-1 1 5"},{"lawName":"刑事訴訟法","issueRef":"108 1"}],"party":[{"group":["plaintiff"],"title":"公訴人","value":"臺灣澎湖地方法院檢察署檢察官"},{"group":["defendant"],"title":"被告","value":"甲○○"}]}
