{"court":"臺灣澎湖地方法院","date":"2010-05-04T00:00:00+08:00","no":"98,選訴,2","sys":"刑事","reason":"違反選舉罷免法","judgement":"臺灣澎湖地方法院刑事判決　　　　　　　 98年度選訴字第2號\r\n公　訴　人　臺灣澎湖地方法院檢察署檢察官\r\n被　　　告　丙○○\r\n選任辯護人　王進勝　律師\r\n　　　　　　吳建勛　律師\r\n　　　　　　陶德斌　律師\r\n被　　　告　乙○○\r\n指定辯護人　吳建勛律師\r\n上列被告因違反選舉罷免法案件，經檢察官提起公訴（98年度選\r\n偵字第2、4號），本院判決如下：\r\n    主  文\r\n丙○○共同對於有投票權之人，交付賄賂，而約其投票權為一定\r\n之行使，處有期徒刑壹年柒月，褫奪公權參年，未扣案用以交付\r\n之賄賂現金新台幣壹仟元與乙○○連帶沒收。\r\n乙○○共同對於有投票權之人，交付賄賂，而約其投票權為一定\r\n之行使，免刑，未扣案用以交付之賄賂現金新台幣壹仟元與丙○\r\n○連帶沒收。\r\n    事  實\r\n一、丙○○係民國98年12月5日舉行之澎湖縣第17屆縣議員選舉\r\n    湖西鄉選區縣議員參選人成萬貫之妻，成萬貫於98年10 月\r\n    中旬某日日間前往澎湖縣湖西鄉鼎灣村拜票後，丙○○為求\r\n    使成萬貫順利當選，於當天下午約6時許，至澎湖縣湖西鄉\r\n    鼎灣村94號乙○○住所門前草地，趁四下無人，請乙○○替\r\n    成萬貫「叢」（台語，奔走幫忙之意）幾票。乙○○問丙○\r\n    ○：「要如何叢？」丙○○回答：「跟別人一樣。」乙○○\r\n    問：「是多少？」丙○○回答：「外面行情是（新台幣，下\r\n    同）1千元。」，乙○○乃基於與丙○○共同對有投票權之\r\n    人賄選之犯意聯絡，答應丙○○先自行出資，並伺機以每票\r\n    1千元之代價買票賄選。乙○○旋基於上開共同買票賄選之\r\n    犯意，於翌日晚上6、7時許，進入澎湖縣湖西鄉鼎灣村97號\r\n    陳玉華住所，交付陳玉華3千元（含陳玉華及其子鄭輝宏、\r\n    鄭輝宏之妻共3票），經陳玉華收受金錢應允投給渠指定之\r\n    候選人（陳玉華之子鄭輝宏嗣得知陳玉華收受3千元，即於\r\n    98年11月11日候選人抽籤決定號次後，偕同陳玉華至乙○○\r\n    住所，以鄭輝宏之妻戶籍已遷離為由，交還該票之代價1千\r\n    元予乙○○，並詢問乙○○應投票給何人，乙○○請他們投\r\n    給成萬貫，陳玉華、鄭輝宏另經檢察官為不起訴處分）；乙\r\n    ○○又到澎湖縣湖西鄉鼎灣村98號戊○○（由本院另為判決\r\n    ）住所，問戊○○家裡有幾票，戊○○回答有其夫妻及女兒\r\n    共3票，乙○○即交付3千元給戊○○，經戊○○應允投票予\r\n    「昨天來拜票那一位」（即成萬貫）；乙○○又至澎湖縣湖\r\n    西鄉鼎灣村99號丁○○（由本院另為判決）住所，交付丁○\r\n    ○7千元（含丁○○家人5票及鄰居2票），經丁○○收受金\r\n    錢應允投票予成萬貫；丁○○再到乙○○澎湖縣湖西鄉鼎灣\r\n    村94號住所，告訴乙○○渠家裡包含母親總計共有6票，乙\r\n    ○○再交付丁○○1千元。嗣經人檢舉，由檢察官指揮澎湖\r\n    縣政府警察局及調查局南部機動組，循線查獲上情。\r\n二、案經澎湖縣政府警察局移送臺灣澎湖地方法院檢察署檢察官\r\n    偵查起訴。\r\n    理  由\r\n壹、按被告以外之人於審判外之言詞或書面陳述，除法律有規定\r\n    者外，不得作為證據，刑事訴訟法第159 條固定有明文，惟\r\n    被告以外之人於審判外之陳述，雖不符同法第159 條之1 至\r\n    之4 規定，而經當事人於審判程序同意作為證據，法院審酌\r\n    該言詞陳述或書面陳述作成時之情況，認為適當者，亦得為\r\n    證據；又當事人、代理人或辯護人於法院調查證據時，知有\r\n    第159 條第1 項不得為證據之情形，而未於言詞辯論終結前\r\n    聲明異議者，視為有前項之同意，同法第159 條之5 亦定有\r\n    明文。查本判決所引用之下列各項證據方法之證據能力，被\r\n    告、辯護人及檢察官於本院審理時均表示無意見，且於本院\r\n    審理中調查證據時，知有刑事訴訟法第159條第1項不得為證\r\n    據之情形，亦未於言詞辯論終結前聲明異議，且本院審酌該\r\n    等證據作成之客觀情況均無不當，並無不宜作為證據之情事\r\n    ，依刑事訴訟法第159條之5之規定，認均具有證據能力，先\r\n    予敘明。\r\n貳、訊據被告丙○○、乙○○對於上開犯罪事實均坦白承認，核\r\n    與同案被告陳玉華、鄭輝宏、丁○○、戊○○於警詢、偵查\r\n    或本院審理中所述相符，且有陳玉華、戊○○等交出之受賄\r\n    款項暨扣押筆錄、扣押物品目錄表可稽。綜上，足徵被告等\r\n    之自白確與事實相符，應堪採信。本件事證明確，被告犯行\r\n    ，洵堪認定，應依法論科。\r\n參、論罪科刑：\r\n一、按學理上所稱之集合犯、接續犯，與修正前刑法第56條所定\r\n    連續犯之區別，在於集合犯係一種構成要件類型，亦即立法\r\n    者針對特定刑罰規範之構成要件，已預設其本身係持續實行\r\n    之複次行為，具備反覆、延續之行為特徵，將之總括或擬制\r\n    成一個構成要件之「集合犯」行為；此種犯罪，以反覆實行\r\n    為典型、常態之行為方式，具侵害法益之同一性，因刑法評\r\n    價上為構成要件之行為單數，因而僅包括的成立一罪。其與\r\n    接續犯之不同，在於接續犯所適用之構成要件行為文義本身\r\n    並不具反覆實行之特質，非屬立法規範所定之構成要件類型\r\n    ，但個案情節另具時間及空間之緊密關聯之特性。是除集合\r\n    犯外，每一種構成要件行為皆得以接續犯方式為之，因此集\r\n    合犯亦有喻之為「法定接續犯」者。此與連續犯係指行為人\r\n    在主觀上基於1個概括之犯意，而反覆實行客觀上可以獨立\r\n    成罪之同一罪名之行為者，均尚屬有間。而對有投票權人交\r\n    付賄賂或不正利益罪之賄選行為，乃行為人基於足以讓候選\r\n    人當選票數之賄選目的，反覆向多數人交付賄賂或其他不正\r\n    利益，約定不行使投票權或為一定行使；是對有投票權人交\r\n    付賄賂或其他不正利益之犯行，於構成要件類型上，本質上\r\n    已具備反覆、延續之行為特徵，其持續多次對有投票權人交\r\n    付賄賂或其他不正利益即為此類犯罪之典型或常態，於刑法\r\n    評價上自應僅成立集合犯一罪（最高法院96年度台上字第14\r\n    94號判決要旨參照）。核被告丙○○、乙○○所為，均係犯\r\n    公職人員選舉罷免法第99條第1項對於有投票權之人，交付\r\n    賄賂，而約其投票權為一定之行使罪（即投票交付賄賂罪）\r\n    ，其行求、期約、預備賄賂之前階段行為為交付賄賂之後行\r\n    為所吸收，不另成立行求、期約、預備賄賂罪。被告基於足\r\n    以使案外人成萬貫當選之賄選目的，反覆向多數人交付賄賂\r\n    ，約其投票權為一定之行使，依上說明，其先後所為，刑法\r\n    評價上應僅成立集合犯一罪。被告丙○○、乙○○就前開犯\r\n    行有犯意聯絡及行為分擔，均為共同正犯。又被告丙○○已\r\n    於偵查中自白前開共同交付賄賂買票犯行之事實，應依公職\r\n    人員選舉罷免法第99條第5項前段規定，減輕其刑。被告乙\r\n    ○○於被查獲後，經檢察官曉諭證人保護法第14條之規定，\r\n    於偵查中坦承犯行並供出被告丙○○請託行賄之經過，使檢\r\n    察官得以追訴共同正犯被告丙○○，符合證人保護法第14條\r\n    第1項之規定，爰為免刑之判決。\r\n二、爰審酌選舉乃民主政治最重要之表徵，須由選民評斷候選人\r\n    之才德、品行、學識、操守、政見而選賢與能，其攸關國家\r\n    政治之良窳、法律之興廢、公務員之進退，影響國家發展及\r\n    人民權利至深且鉅，而賄選為敗壞選風之主要根源，不得使\r\n    不正當利益介入選舉，抹滅實行民主政治之真意。被告丙○\r\n    ○為求其夫即縣議員候選人成萬貫能順利當選，竟以交付現\r\n    金賄賂之方式賄選，已妨害投票之公正、公平，使真正民主\r\n    政治無以建立，不宜輕宥，惟斟酌被告丙○○買票之規模，\r\n    犯後坦認犯行，已表悔悟及檢察官求予判處被告丙○○有期\r\n    徒刑1年7月（且不給予緩刑）等一切情狀，量處被告丙○○\r\n    如主文所示之刑。又被告丙○○所犯之公職人員選舉罷免法\r\n    第99條第1項之對於有投票權之人，交付賄賂，而約其投票\r\n    權為一定之行使罪，既經宣告有期徒刑之刑，應依公職人員\r\n    選舉罷免法第113條第3項、刑法第37條第2項之規定，併予\r\n    宣告褫奪公權3年。\r\n三、本件被告丙○○之辯護人雖以：被告丙○○係基於家人親情\r\n    ，希望其配偶順利當選，始為本件犯行，且其業已自白犯罪\r\n    ，請求宣告緩刑云云。惟本院基於以下之理由，認為本件對\r\n    被告丙○○不宜宣告緩刑，理由如下：\r\n（一）按94年11月30日修正公布之公職人員選舉罷免法第90-1條\r\n      ，其立法理由略謂：一、為昭顯賄選行為之惡性，並有效\r\n      嚇阻賄選犯行，爰將原處五年以下有期徒刑，得併科四十\r\n      萬元以上四百萬元以下罰金，修正為處三年以上十年以下\r\n      有期徒刑，得併科一百萬元以上，一千萬元以下罰金。\r\n      二、…；次按，96年11月07日修正公布之公職人員選舉罷\r\n      免法第99條，其立法理由則略謂：一、條次變更，本條為\r\n      原條文第九十條之一。二、民主政治之基石建立在公平、\r\n      公正之選舉制度，使選民得以在候選人公平競選之程序中\r\n      ，挑選適當優秀之人才擔任國家之重要公職。以賄選方式\r\n      當選者，為回收其付出之賄賂，勢必利用職務之機會，圖\r\n      謀不法之利益，導致賄選與貪瀆形成惡性循環，同時腐蝕\r\n      民主政治之根基。又因國內部分民眾之錯誤認知，行賄者\r\n      及受賄者對投票行、受賄之犯行，往往均無罪責感，而現\r\n      行刑罰所科處之刑度，亦不足使行賄者知所警惕。為昭顯\r\n      賄選行為之惡性，並有效嚇阻賄選犯行，爰將原處五年以\r\n      下有期徒刑，得併科四十萬元以上四百萬元以下罰金，修\r\n      正為處三年以上十年以下有期徒刑，得併科新臺幣一百萬\r\n      元以上，一千萬元以下罰金。三、…，四、…等語，足見\r\n      立法者認原投票行賄罪之科處刑度過低，不足以矯正每每\r\n      以買票方式賄選之惡習，為防止投票行賄之行為嚴重腐蝕\r\n      民主政治之根基，乃逐次修法提高公職人員選舉罷免法關\r\n      於投票行賄罪之法定刑度，且明定該罪為最輕法定本刑為\r\n      3年以上有期徒刑之重罪，俾有效遏止投票行賄之犯行。\r\n      立法者既將投票行賄罪之法定刑，加重至不得易科罰金、\r\n      不得宣告緩刑之程度，明確向國人宣示此種犯罪不得輕縱\r\n      ，應予嚴懲，若法院判刑時，在無證人保護法第14條第1\r\n      項（證人保護法第2條所列刑事案件之被告或犯罪嫌疑人\r\n      ，於偵查中供述與該案案情有重要關係之待證事項或其他\r\n      正犯或共犯之犯罪事證，因而使檢察官得以追訴該案之其\r\n      他正犯或共犯者，以經檢察官事先同意者為限，就其因供\r\n      述所涉之犯罪，減輕或免除其刑）或公職人員選舉罷免法\r\n      第99條第4、5項後段（犯公職人員選舉罷免法第99條第1\r\n      、2項之罪，於犯罪後六個月內自首，因而查獲候選人為\r\n      正犯或共犯者，免除其刑；在偵查中自白，因而查獲候選\r\n      人為正犯或共犯者，減輕或免除其刑）等情形下，僅因被\r\n      告自白犯罪即遽予宣告緩刑，恐生立法機關修正法律加重\r\n      刑罰，司法機關量刑卻予輕縱之情，勢將嚴重折損法律之\r\n      權威性，亦無法達成立法者欲昭顯賄選行為惡性，有效嚇\r\n      阻賄選犯行之立法目的。況法院若在無證人保護法第14條\r\n      第1項或公職人員選舉罷免法第99條第4、5項後段等情形\r\n      下，僅因被告自白犯罪即遽予宣告緩刑，無異宣告日後若\r\n      有候選人指示他人買票而他人遭查獲之情形，他人可一肩\r\n      承擔而免供出上手候選人，且其自身同時可因自白犯罪即\r\n      獲邀緩刑之寬典，又豈得事理之平？\r\n（二）又澎湖地區人口較都會地區稀少，縣議員選舉當選所須票\r\n      數非高，些微票數之差距即足左右勝敗之結果，且澎湖地\r\n      區人民秉性善良、單純，易因受賄而決定投票對象，買票\r\n      之有效性甚高，是在此結構下，買票之行為更足以扭曲正\r\n      確之選舉結果，影響民主政治正常運作之嚴重性益甚，自\r\n      應對於賄選買票行為加以嚴懲，不得任意予以緩刑之宣告\r\n      （本院98年度選訴字第3號、99年度選訴字第1號刑事案件\r\n      ，對未符合證人保護法第14條第1項或公職人員選舉罷免\r\n      法第99條第4、5項後段情形之被告，均未給予緩刑，即係\r\n      基於上開同一理由）。\r\n（三）末以臺灣澎湖地方法院檢察署於本次選舉，動用可觀之資\r\n      源，大舉查辦賄選並積極為反賄選之宣導，並經報章媒體\r\n      詳加報導，被告丙○○不思以正當方法為其夫助選，竟為\r\n      謀其夫之政治權位，誤用「親情」之意，明知其行為觸犯\r\n      重罪而執意為之，尚無情有可原之處。\r\n（四）綜上所述，為徹底杜絕選舉買票之風氣，落實公平、公正\r\n      之選舉制度，及維護法律之權威性，尚不得僅因被告丙○\r\n      ○自白犯罪及誤用親情之意，遽予對其宣告緩刑。\r\n四、另按公職人員選舉罷免法第99條第3項固規定，預備或用以\r\n    行求期約或交付之賄賂，不問屬於犯人與否，沒收之。但如\r\n    其賄賂已交付給有投票權之人收受，因該受賄者係犯刑法第\r\n    143條第1項之投票受賄罪，其所收受之賄賂則應依同法條第\r\n    2項之規定沒收之，如全部或一部不能沒收時，追徵其價額\r\n    。故犯投票交付賄賂罪者，其已交付之賄賂，自應依刑法第\r\n    143條第2項之規定，於其對向犯所犯投票受賄罪之從刑宣告\r\n    沒收或追徵，不得再依公職人員選舉罷免法第99條第3項規\r\n    定諭知沒收，其對向共犯所犯刑法第143條第1項之投票受賄\r\n    罪，倘經檢察官依刑事訴訟法第253條規定，為職權不起訴\r\n    處分；或依同法第253條之1規定，為緩起訴處分，上揭已交\r\n    付予對向共犯之賄賂，亦應由檢察官依同法第259條之1規定\r\n    ，聲請法院對該對向共犯宣告沒收（最高法院95年度台上字\r\n    第2407號、96年度台上字第615號判決意旨參照）。本件共\r\n    同被告陳玉華、鄭輝宏持以退還被告乙○○之賄款1千元（\r\n    即鄭輝宏之妻1票之代價1千元部分），係被告乙○○共同用\r\n    以行賄選民之賄賂，應併依公職人員選舉罷免法第99條第3\r\n    項之規定，依共犯連帶說之理論，在被告丙○○、乙○○項\r\n    下宣告連帶沒收。至共同被告陳玉華、丁○○、戊○○等收\r\n    受之賄款，應依刑法第143條第2項之規定，在渠等所犯投票\r\n    受賄罪項下處理，爰不併宣告沒收。\r\n據上論斷，應依刑事訴訟法第299條第1項，公職人員選舉罷免法\r\n第99條第1項、第3項、第5項前段、第113條第3項，證人保護法\r\n第14條第1項，刑法第11條、第28條、第37條第2項，判決如主文\r\n。\r\n本案經檢察官甲○○到庭執行職務。\r\n中    華    民    國    99    年    5     月    4     日\r\n                  刑事庭  審判長法  官  管安露\r\n                                法  官  李宛玲\r\n                                法  官  陳順輝\r\n以上正本證明與原本無異。\r\n如不服本判決應於收受判決後10日內向本院提出上訴書狀，並應\r\n敘述具體理由；其未敘述上訴理由者，應於上訴期間屆滿後20日\r\n內向本院補提理由書（均須按他造當事人之人數附繕本）「切勿\r\n逕送上級法院」。\r\n中    華    民    國    99    年    5     月    4     日\r\n                                書記官  王耀煌\r\n附錄法條\r\n公職人員選舉罷免法第99條第1項\r\n對於有投票權之人，行求期約或交付賄賂或其他不正利益，而約\r\n其不行使投票權或為一定之行使者，處3年以上10年以下有期徒\r\n刑，得併科新臺幣1百萬元以上1千萬元以下罰金。","type":"判決","historyHash":"da77e3ad8742cfb0a89ddaeab1b6e670","mainText":"丙○○共同對於有投票權之人，交付賄賂，而約其投票權為一定之行使，處有期徒刑壹年柒月，褫奪公權參年，未扣案用以交付之賄賂現金新台幣壹仟元與乙○○連帶沒收。\n乙○○共同對於有投票權之人，交付賄賂，而約其投票權為一定之行使，免刑，未扣案用以交付之賄賂現金新台幣壹仟元與丙○○連帶沒收。","opinion":"參、論罪科刑：\n一、按學理上所稱之集合犯、接續犯，與修正前刑法第56條所定連續犯之區別，在於集合犯係一種構成要件類型，亦即立法者針對特定刑罰規範之構成要件，已預設其本身係持續實行之複次行為，具備反覆、延續之行為特徵，將之總括或擬制成一個構成要件之「集合犯」行為；此種犯罪，以反覆實行為典型、常態之行為方式，具侵害法益之同一性，因刑法評價上為構成要件之行為單數，因而僅包括的成立一罪。其與接續犯之不同，在於接續犯所適用之構成要件行為文義本身並不具反覆實行之特質，非屬立法規範所定之構成要件類型，但個案情節另具時間及空間之緊密關聯之特性。是除集合犯外，每一種構成要件行為皆得以接續犯方式為之，因此集合犯亦有喻之為「法定接續犯」者。此與連續犯係指行為人在主觀上基於1個概括之犯意，而反覆實行客觀上可以獨立成罪之同一罪名之行為者，均尚屬有間。而對有投票權人交付賄賂或不正利益罪之賄選行為，乃行為人基於足以讓候選人當選票數之賄選目的，反覆向多數人交付賄賂或其他不正利益，約定不行使投票權或為一定行使；是對有投票權人交付賄賂或其他不正利益之犯行，於構成要件類型上，本質上已具備反覆、延續之行為特徵，其持續多次對有投票權人交付賄賂或其他不正利益即為此類犯罪之典型或常態，於刑法評價上自應僅成立集合犯一罪（最高法院96年度台上字第14 94號判決要旨參照）。核被告丙○○、乙○○所為，均係犯公職人員選舉罷免法第99條第1項對於有投票權之人，交付賄賂，而約其投票權為一定之行使罪（即投票交付賄賂罪），其行求、期約、預備賄賂之前階段行為為交付賄賂之後行為所吸收，不另成立行求、期約、預備賄賂罪。被告基於足以使案外人成萬貫當選之賄選目的，反覆向多數人交付賄賂，約其投票權為一定之行使，依上說明，其先後所為，刑法評價上應僅成立集合犯一罪。被告丙○○、乙○○就前開犯行有犯意聯絡及行為分擔，均為共同正犯。又被告丙○○已於偵查中自白前開共同交付賄賂買票犯行之事實，應依公職人員選舉罷免法第99條第5項前段規定，減輕其刑。被告乙○○於被查獲後，經檢察官曉諭證人保護法第14條之規定，於偵查中坦承犯行並供出被告丙○○請託行賄之經過，使檢察官得以追訴共同正犯被告丙○○，符合證人保護法第14條第1項之規定，爰為免刑之判決。\n二、爰審酌選舉乃民主政治最重要之表徵，須由選民評斷候選人之才德、品行、學識、操守、政見而選賢與能，其攸關國家政治之良窳、法律之興廢、公務員之進退，影響國家發展及人民權利至深且鉅，而賄選為敗壞選風之主要根源，不得使不正當利益介入選舉，抹滅實行民主政治之真意。被告丙○○為求其夫即縣議員候選人成萬貫能順利當選，竟以交付現金賄賂之方式賄選，已妨害投票之公正、公平，使真正民主政治無以建立，不宜輕宥，惟斟酌被告丙○○買票之規模，犯後坦認犯行，已表悔悟及檢察官求予判處被告丙○○有期徒刑1年7月（且不給予緩刑）等一切情狀，量處被告丙○○如主文所示之刑。又被告丙○○所犯之公職人員選舉罷免法第99條第1項之對於有投票權之人，交付賄賂，而約其投票權為一定之行使罪，既經宣告有期徒刑之刑，應依公職人員選舉罷免法第113條第3項、刑法第37條第2項之規定，併予宣告褫奪公權3年。\n三、本件被告丙○○之辯護人雖以：被告丙○○係基於家人親情，希望其配偶順利當選，始為本件犯行，且其業已自白犯罪，請求宣告緩刑云云。惟本院基於以下之理由，認為本件對被告丙○○不宜宣告緩刑，理由如下：\n（一）按94年11月30日修正公布之公職人員選舉罷免法第90-1條，其立法理由略謂：一、為昭顯賄選行為之惡性，並有效嚇阻賄選犯行，爰將原處五年以下有期徒刑，得併科四十萬元以上四百萬元以下罰金，修正為處三年以上十年以下有期徒刑，得併科一百萬元以上，一千萬元以下罰金。\n      二、…；次按，96年11月07日修正公布之公職人員選舉罷免法第99條，其立法理由則略謂：一、條次變更，本條為原條文第九十條之一。二、民主政治之基石建立在公平、公正之選舉制度，使選民得以在候選人公平競選之程序中，挑選適當優秀之人才擔任國家之重要公職。以賄選方式當選者，為回收其付出之賄賂，勢必利用職務之機會，圖謀不法之利益，導致賄選與貪瀆形成惡性循環，同時腐蝕民主政治之根基。又因國內部分民眾之錯誤認知，行賄者及受賄者對投票行、受賄之犯行，往往均無罪責感，而現行刑罰所科處之刑度，亦不足使行賄者知所警惕。為昭顯賄選行為之惡性，並有效嚇阻賄選犯行，爰將原處五年以下有期徒刑，得併科四十萬元以上四百萬元以下罰金，修正為處三年以上十年以下有期徒刑，得併科新臺幣一百萬元以上，一千萬元以下罰金。三、…，四、…等語，足見立法者認原投票行賄罪之科處刑度過低，不足以矯正每每以買票方式賄選之惡習，為防止投票行賄之行為嚴重腐蝕民主政治之根基，乃逐次修法提高公職人員選舉罷免法關於投票行賄罪之法定刑度，且明定該罪為最輕法定本刑為3年以上有期徒刑之重罪，俾有效遏止投票行賄之犯行。\n      立法者既將投票行賄罪之法定刑，加重至不得易科罰金、不得宣告緩刑之程度，明確向國人宣示此種犯罪不得輕縱，應予嚴懲，若法院判刑時，在無證人保護法第14條第1項（證人保護法第2條所列刑事案件之被告或犯罪嫌疑人，於偵查中供述與該案案情有重要關係之待證事項或其他正犯或共犯之犯罪事證，因而使檢察官得以追訴該案之其他正犯或共犯者，以經檢察官事先同意者為限，就其因供述所涉之犯罪，減輕或免除其刑）或公職人員選舉罷免法第99條第4、5項後段（犯公職人員選舉罷免法第99條第1、2項之罪，於犯罪後六個月內自首，因而查獲候選人為正犯或共犯者，免除其刑；在偵查中自白，因而查獲候選人為正犯或共犯者，減輕或免除其刑）等情形下，僅因被告自白犯罪即遽予宣告緩刑，恐生立法機關修正法律加重刑罰，司法機關量刑卻予輕縱之情，勢將嚴重折損法律之權威性，亦無法達成立法者欲昭顯賄選行為惡性，有效嚇阻賄選犯行之立法目的。況法院若在無證人保護法第14條第1項或公職人員選舉罷免法第99條第4、5項後段等情形下，僅因被告自白犯罪即遽予宣告緩刑，無異宣告日後若有候選人指示他人買票而他人遭查獲之情形，他人可一肩承擔而免供出上手候選人，且其自身同時可因自白犯罪即獲邀緩刑之寬典，又豈得事理之平？\n（二）又澎湖地區人口較都會地區稀少，縣議員選舉當選所須票數非高，些微票數之差距即足左右勝敗之結果，且澎湖地區人民秉性善良、單純，易因受賄而決定投票對象，買票之有效性甚高，是在此結構下，買票之行為更足以扭曲正確之選舉結果，影響民主政治正常運作之嚴重性益甚，自應對於賄選買票行為加以嚴懲，不得任意予以緩刑之宣告（本院98年度選訴字第3號、99年度選訴字第1號刑事案件，對未符合證人保護法第14條第1項或公職人員選舉罷免法第99條第4、5項後段情形之被告，均未給予緩刑，即係基於上開同一理由）。\n（三）末以臺灣澎湖地方法院檢察署於本次選舉，動用可觀之資源，大舉查辦賄選並積極為反賄選之宣導，並經報章媒體詳加報導，被告丙○○不思以正當方法為其夫助選，竟為謀其夫之政治權位，誤用「親情」之意，明知其行為觸犯重罪而執意為之，尚無情有可原之處。\n（四）綜上所述，為徹底杜絕選舉買票之風氣，落實公平、公正之選舉制度，及維護法律之權威性，尚不得僅因被告丙○○自白犯罪及誤用親情之意，遽予對其宣告緩刑。\n四、另按公職人員選舉罷免法第99條第3項固規定，預備或用以行求期約或交付之賄賂，不問屬於犯人與否，沒收之。但如其賄賂已交付給有投票權之人收受，因該受賄者係犯刑法第143條第1項之投票受賄罪，其所收受之賄賂則應依同法條第2項之規定沒收之，如全部或一部不能沒收時，追徵其價額。故犯投票交付賄賂罪者，其已交付之賄賂，自應依刑法第143條第2項之規定，於其對向犯所犯投票受賄罪之從刑宣告沒收或追徵，不得再依公職人員選舉罷免法第99條第3項規定諭知沒收，其對向共犯所犯刑法第143條第1項之投票受賄罪，倘經檢察官依刑事訴訟法第253條規定，為職權不起訴處分；或依同法第253條之1規定，為緩起訴處分，上揭已交付予對向共犯之賄賂，亦應由檢察官依同法第259條之1規定，聲請法院對該對向共犯宣告沒收（最高法院95年度台上字第2407號、96年度台上字第615號判決意旨參照）。本件共同被告陳玉華、鄭輝宏持以退還被告乙○○之賄款1千元（即鄭輝宏之妻1票之代價1千元部分），係被告乙○○共同用以行賄選民之賄賂，應併依公職人員選舉罷免法第99條第3項之規定，依共犯連帶說之理論，在被告丙○○、乙○○項下宣告連帶沒收。至共同被告陳玉華、丁○○、戊○○等收受之賄款，應依刑法第143條第2項之規定，在渠等所犯投票受賄罪項下處理，爰不併宣告沒收。\n據上論斷，應依刑事訴訟法第299條第1項，公職人員選舉罷免法第99條第1項、第3項、第5項前段、第113條第3項，證人保護法第14條第1項，刑法第11條、第28條、第37條第2項，判決如主文。\n本案經檢察官甲○○到庭執行職務。","relatedIssues":[{"lawName":"中華民國刑法","issueRef":"11"},{"lawName":"中華民國刑法","issueRef":"28"},{"lawName":"中華民國刑法","issueRef":"37 2"},{"lawName":"中華民國刑法","issueRef":"37 2"},{"lawName":"中華民國刑法","issueRef":"56"},{"lawName":"中華民國刑法","issueRef":"143 1"},{"lawName":"中華民國刑法","issueRef":"143 1"},{"lawName":"中華民國刑法","issueRef":"143 2"},{"lawName":"中華民國刑法","issueRef":"143 2"},{"lawName":"公職人員選舉罷免法","issueRef":"90-1"},{"lawName":"公職人員選舉罷免法","issueRef":"99"},{"lawName":"公職人員選舉罷免法","issueRef":"99"},{"lawName":"公職人員選舉罷免法","issueRef":"99 1"},{"lawName":"公職人員選舉罷免法","issueRef":"99 1"},{"lawName":"公職人員選舉罷免法","issueRef":"99 1"},{"lawName":"公職人員選舉罷免法","issueRef":"99 1"},{"lawName":"公職人員選舉罷免法","issueRef":"99 3"},{"lawName":"公職人員選舉罷免法","issueRef":"99 3"},{"lawName":"公職人員選舉罷免法","issueRef":"99 3"},{"lawName":"公職人員選舉罷免法","issueRef":"99 3"},{"lawName":"公職人員選舉罷免法","issueRef":"99 4"},{"lawName":"公職人員選舉罷免法","issueRef":"99 4"},{"lawName":"公職人員選舉罷免法","issueRef":"99 4"},{"lawName":"公職人員選舉罷免法","issueRef":"99 5"},{"lawName":"公職人員選舉罷免法","issueRef":"99 5"},{"lawName":"公職人員選舉罷免法","issueRef":"99 5"},{"lawName":"公職人員選舉罷免法","issueRef":"99 5"},{"lawName":"公職人員選舉罷免法","issueRef":"99 5"},{"lawName":"公職人員選舉罷免法","issueRef":"113 3"},{"lawName":"公職人員選舉罷免法","issueRef":"113 3"},{"lawName":"刑事訴訟法","issueRef":"159"},{"lawName":"刑事訴訟法","issueRef":"159 1"},{"lawName":"刑事訴訟法","issueRef":"159-1"},{"lawName":"刑事訴訟法","issueRef":"159-2"},{"lawName":"刑事訴訟法","issueRef":"159-3"},{"lawName":"刑事訴訟法","issueRef":"159-5"},{"lawName":"刑事訴訟法","issueRef":"159-5"},{"lawName":"刑事訴訟法","issueRef":"253"},{"lawName":"刑事訴訟法","issueRef":"253-1"},{"lawName":"刑事訴訟法","issueRef":"259-1"},{"lawName":"刑事訴訟法","issueRef":"299 1"},{"lawName":"證人保護法","issueRef":"2"},{"lawName":"證人保護法","issueRef":"14"},{"lawName":"證人保護法","issueRef":"14 1"},{"lawName":"證人保護法","issueRef":"14 1"},{"lawName":"證人保護法","issueRef":"14 1"},{"lawName":"證人保護法","issueRef":"14 1"},{"lawName":"證人保護法","issueRef":"14 1"}],"party":[{"group":["plaintiff"],"title":"公訴人","value":"臺灣澎湖地方法院檢察署檢察官"},{"group":["defendant"],"title":"被告","value":"丙○○"},{"group":["defendant","agentAdLitem","lawyer"],"title":"選任辯護人","value":"王進勝律師"},{"group":["defendant","agentAdLitem","lawyer"],"title":"選任辯護人","value":"吳建勛律師"},{"group":["defendant","agentAdLitem","lawyer"],"title":"選任辯護人","value":"陶德斌律師"},{"group":["defendant"],"title":"被告","value":"乙○○"},{"group":["defendant","agentAdLitem","lawyer"],"title":"指定辯護人","value":"吳建勛律師"}]}
