{"court":"臺灣澎湖地方法院","date":"2018-01-17T00:00:00+08:00","no":"106,聲,82","sys":"刑事","reason":"定應執行刑","judgement":"臺灣澎湖地方法院刑事裁定　　　　　　　 106年度聲字第82號\r\n聲　請　人　臺灣澎湖地方法院檢察署檢察官\r\n受　刑　人　鍾富异\r\n上列聲請人因受刑人數罪併罰有二裁判以上，聲請定其應執行之\r\n刑（106年度執聲字第78號），本院裁定如下：\r\n    主  文                                              \r\n鍾富异所犯如附表所示之罪，應執行有期徒刑壹年參月。\r\n    理  由                                              \r\n一、聲請意旨略以：受刑人鍾富异因竊盜等罪，先後經判決確定\r\n    如附表所示，應依刑法第50條第1項但書、第50條第2項（聲\r\n    請書漏引第50條第1項但書、第50條第2項，應予補充）、第\r\n    53條、第51條第5款規定，定其應執行之刑，爰依刑事訴訟\r\n    法第477條第1項聲請裁定等語。\r\n二、按裁判確定前犯數罪者，併合處罰之。但有下列情形之一者\r\n    ，不在此限：1.得易科罰金之罪與不得易科罰金之罪。2.得\r\n    易科罰金之罪與不得易服社會勞動之罪。3.得易服社會勞動\r\n    之罪與不得易科罰金之罪。4.得易服社會勞動之罪與不得易\r\n    服社會勞動之罪。前項但書情形，受刑人請求檢察官聲請定\r\n    應執行刑者，依第51條規定定之；數罪併罰，有二裁判以上\r\n    者，依第51條之規定，定其應執行之刑，刑法第50條、第53\r\n    條分別定有明文。\r\n三、經查，本件受刑人因竊盜等案件，先後經判處如附表所示之\r\n    罪刑，並分別確定在案，此有臺灣高等法院被告前案紀錄表\r\n    、各該刑事判決書等在卷可稽。其中附表編號1部分所處之\r\n    刑得易科罰金，編號2部分所處之刑不得易科罰金，合於刑\r\n    法第50條第1項但書第1款之情形，依刑法第50條第2項規定\r\n    ，須經受刑人請求檢察官聲請定其應執行之刑，始得依刑法\r\n    第51條規定定之。茲受刑人請求檢察官聲請就附表所示之罪\r\n    刑合併定其應執行之刑，有臺灣澎湖地方法院檢察署依102\r\n    年1月23日修正之刑法第50條調查受刑人是否聲請定應執行\r\n    刑調查表1紙在卷可憑，是本件聲請，核屬正當，爰定其應\r\n    執行之刑。\r\n四、依刑事訴訟法第477條第1項，刑法第50條第2項、第53條、\r\n    第51條第5款，裁定如主文。\r\n中    華    民    國   107    年    1     月    17    日\r\n                        刑事庭  法  官  陳順輝 \r\n以上正本證明與原本無異。\r\n如不服本裁定應於送達後5日內向本院提出抗告狀。\r\n中    華    民    國   107    年    1     月    17    日\r\n                                書記官  許致愷","type":"裁定","historyHash":"","mainText":"鍾富异所犯如附表所示之罪，應執行有期徒刑壹年參月。","opinion":"三、經查，本件受刑人因竊盜等案件，先後經判處如附表所示之罪刑，並分別確定在案，此有臺灣高等法院被告前案紀錄表、各該刑事判決書等在卷可稽。其中附表編號1部分所處之刑得易科罰金，編號2部分所處之刑不得易科罰金，合於刑法第50條第1項但書第1款之情形，依刑法第50條第2項規定，須經受刑人請求檢察官聲請定其應執行之刑，始得依刑法第51條規定定之。茲受刑人請求檢察官聲請就附表所示之罪刑合併定其應執行之刑，有臺灣澎湖地方法院檢察署依102年1月23日修正之刑法第50條調查受刑人是否聲請定應執行刑調查表1紙在卷可憑，是本件聲請，核屬正當，爰定其應執行之刑。\n四、依刑事訴訟法第477條第1項，刑法第50條第2項、第53條、第51條第5款，裁定如主文。","relatedIssues":[{"lawName":"中華民國刑法","issueRef":"50"},{"lawName":"中華民國刑法","issueRef":"50"},{"lawName":"中華民國刑法","issueRef":"50 1"},{"lawName":"中華民國刑法","issueRef":"50 1"},{"lawName":"中華民國刑法","issueRef":"50 2"},{"lawName":"中華民國刑法","issueRef":"50 2"},{"lawName":"中華民國刑法","issueRef":"50 2"},{"lawName":"中華民國刑法","issueRef":"51"},{"lawName":"中華民國刑法","issueRef":"51 1 5"},{"lawName":"中華民國刑法","issueRef":"51 1 5"},{"lawName":"中華民國刑法","issueRef":"53"},{"lawName":"中華民國刑法","issueRef":"53"},{"lawName":"中華民國刑法","issueRef":"53"},{"lawName":"刑事訴訟法","issueRef":"477 1"},{"lawName":"刑事訴訟法","issueRef":"477 1"}],"party":[{"group":["plaintiff"],"title":"聲請人","value":"臺灣澎湖地方法院檢察署檢察官"},{"group":["defendant"],"title":"受刑人","value":"鍾富异"}]}
