{"court":"臺灣澎湖地方法院","date":"2012-02-20T00:00:00+08:00","no":"101,聲,12","sys":"刑事","reason":"宣告沒收","judgement":"臺灣澎湖地方法院刑事裁定　　　　　　　 101年度聲字第12號\r\n聲　請　人　臺灣澎湖地方法院檢察署檢察官\r\n受　刑　人　許文政\r\n上列聲請人聲請宣告沒收案件（101 年度執字第23號），本院裁\r\n定如下：\r\n    主  文\r\n聲請駁回。\r\n    理  由\r\n一、本件聲請意旨略以：臺灣澎湖地方法院檢察署100 年毒偵字\r\n    第337 號被告許文政持有一級毒品案，與100 年毒偵字第48\r\n    號被訴施用一級毒品案，為實質上一罪，持有行為為其施用\r\n    行為所吸收，不另論罪，業經本院以100 年度訴字第35號諭\r\n    知免訴判決確定在案。惟扣案之第一級毒品海洛因一包（毛\r\n    重0.3 公克）係屬違禁物，爰依毒品危害防制條例第18條第\r\n    1 項前段，聲請單獨宣告沒收銷毀之。\r\n二、按違禁物不問屬於犯人所有與否，得單獨宣告沒收，刑法第\r\n    38條第1 項第1 款、第2 項及第40條第2 項分別有明文規定\r\n    。又查獲之第一、二級毒品及專供製造或施用第一、二級毒\r\n    品之器具，不問屬於犯人與否，均應依毒品危害防制條例第\r\n    18條第1 項前段規定，沒收銷燬之。\r\n三、經查：本件被告於100 年5 月3 日經警查獲施用第一級毒品\r\n    海洛因犯行所扣得之白色粉末1 包（毛重0.3 公克），經送\r\n    法務部調查局以化學呈色法及氣相層析質譜儀分析法鑑驗結\r\n    果，確認含第一級第6 項毒品海洛因成分淨重0.03 公克（\r\n    驗餘淨重0.03 公克，空包裝重0.20 公克 ），有該機關100\r\n    年6 月23日調科壹字第100230139000號鑑定書乙紙在卷可憑\r\n    （見臺灣澎湖地方法院檢察署100年度偵字第337號偵查卷第\r\n    18頁），足認上開扣案物確係毒品危害防制條例第2 條第2\r\n    項第1 款所列之第一級毒品海洛因，自屬違禁物無疑。惟該\r\n    扣案之海洛因係本院100 年度訴字第22號判決所宣告沒收之\r\n    扣案海洛因，此觀諸本院100 年度訴字第22號刑事判決、澎\r\n    湖縣政府警察局馬公分局扣押物品清單（見本院100 年度訴\r\n    字第22號卷第17頁、第38至39頁；臺灣澎湖地方法院檢察署\r\n    100 年度偵字第337 號卷第11頁）自明。而上開扣案之海洛\r\n    因毒品1 包，業經本院以100 年度訴字第22號被告許文政被\r\n    訴施用第一級毒品案件中，判決宣告諭知沒收銷燬之，並經\r\n    臺灣澎湖地方法院檢察署檢察官以100 年1 月9 日澎檢惠智\r\n    100 執從字第75號扣押（沒收）物品處分命令（見臺灣澎湖\r\n    地方法院檢察署100 年度執從字第75號卷第7 頁）為沒收銷\r\n    燬之執行，是本件扣案之海洛因1包應已滅失而不復存在，\r\n    無再次宣告沒收銷燬之必要。\r\n四、綜上，足認本件聲請人聲請沒收銷燬之扣案第一級毒品海洛\r\n    因1 包（毛重0.3 公克），核與本院100 年度訴字第22號被\r\n    告許文政被訴施用第一級毒品案件已沒收銷燬之第一級毒品\r\n    海洛因重複，是扣案之第一級毒品既已經法院另案依罪刑不\r\n    可分原則而併予宣告沒收銷燬，檢察官自不得就扣案毒品重\r\n    複聲請單獨宣告沒收。本件聲請為無理由，應予駁回。\r\n五、爰依刑事訴訟法第220 條，裁定如主文。\r\n中    華    民    國   101    年    2     月    20    日\r\n                        刑事庭  法  官  蔡政佑\r\n以上正本證明與原本無異。\r\n如不服本裁定，應於裁定送達之翌日起5日內，向本院提出抗告\r\n狀。\r\n中    華    民    國   101    年    2     月    20    日\r\n                                書記官  王耀煌","type":"裁定","historyHash":"","mainText":"聲請駁回。","opinion":"三、經查：本件被告於100 年5 月3 日經警查獲施用第一級毒品海洛因犯行所扣得之白色粉末1 包（毛重0.3 公克），經送法務部調查局以化學呈色法及氣相層析質譜儀分析法鑑驗結果，確認含第一級第6 項毒品海洛因成分淨重0.03 公克（驗餘淨重0.03 公克，空包裝重0.20 公克 ），有該機關100年6 月23日調科壹字第100230139000號鑑定書乙紙在卷可憑（見臺灣澎湖地方法院檢察署100年度偵字第337號偵查卷第18頁），足認上開扣案物確係毒品危害防制條例第2 條第2項第1 款所列之第一級毒品海洛因，自屬違禁物無疑。惟該扣案之海洛因係本院100 年度訴字第22號判決所宣告沒收之扣案海洛因，此觀諸本院100 年度訴字第22號刑事判決、澎湖縣政府警察局馬公分局扣押物品清單（見本院100 年度訴字第22號卷第17頁、第38至39頁；臺灣澎湖地方法院檢察署100 年度偵字第337 號卷第11頁）自明。而上開扣案之海洛因毒品1 包，業經本院以100 年度訴字第22號被告許文政被訴施用第一級毒品案件中，判決宣告諭知沒收銷燬之，並經臺灣澎湖地方法院檢察署檢察官以100 年1 月9 日澎檢惠智100 執從字第75號扣押（沒收）物品處分命令（見臺灣澎湖地方法院檢察署100 年度執從字第75號卷第7 頁）為沒收銷燬之執行，是本件扣案之海洛因1包應已滅失而不復存在，無再次宣告沒收銷燬之必要。\n四、綜上，足認本件聲請人聲請沒收銷燬之扣案第一級毒品海洛因1 包（毛重0.3 公克），核與本院100 年度訴字第22號被告許文政被訴施用第一級毒品案件已沒收銷燬之第一級毒品海洛因重複，是扣案之第一級毒品既已經法院另案依罪刑不可分原則而併予宣告沒收銷燬，檢察官自不得就扣案毒品重複聲請單獨宣告沒收。本件聲請為無理由，應予駁回。\n五、爰依刑事訴訟法第220 條，裁定如主文。","relatedIssues":[{"lawName":"中華民國刑法","issueRef":"38 1 1"},{"lawName":"中華民國刑法","issueRef":"38 2"},{"lawName":"中華民國刑法","issueRef":"40 2"},{"lawName":"刑事訴訟法","issueRef":"220"},{"lawName":"毒品危害防制條例","issueRef":"2 2 1"},{"lawName":"毒品危害防制條例","issueRef":"18 1"},{"lawName":"毒品危害防制條例","issueRef":"18 1"}],"party":[{"group":["plaintiff"],"title":"聲請人","value":"臺灣澎湖地方法院檢察署檢察官"},{"group":["defendant"],"title":"受刑人","value":"許文政"}]}
