{"court":"臺灣澎湖地方法院","date":"2008-07-14T00:00:00+08:00","no":"97,馬簡,71","sys":"刑事","reason":"恐嚇","judgement":"臺灣澎湖地方法院刑事簡易判決　　　　　97年度馬簡字第71號\r\n聲　請　人　台灣澎湖地方法院檢察署檢察官\r\n被　　　告　甲○○\r\n上列被告因恐嚇案件，經檢察官聲請以簡易判決處刑（97年度偵\r\n續字第1號），本院判決如下：\r\n    主      文\r\n甲○○犯恐嚇危害安全罪，處拘役拾伍日，如易科罰金，以新臺\r\n幣壹仟元折算壹日。\r\n    事實及理由\r\n一、本件犯罪事實、證據、應適用法條，除被告行為地應更正為\r\n    澎湖縣馬公市○○路148巷5號房屋前外，其餘均引用檢察官\r\n    聲請簡易判決處刑書之記載（如附件）。\r\n二、依刑事訴訟法第449條第1項前段，刑法第305條、第41條第1\r\n    項前段，刑法施行法第1條之1，逕以簡易判決處如主文所示\r\n    之刑。\r\n中　　華　　民　　國　　97　　年　　7 　　月　　14　　日\r\n         　　　   臺灣澎湖地方法院馬公簡易庭\r\n                      法　官　陳介安\r\n以上正本證明與原本無異。\r\n如不服本判決，得自收受送達之日起10日內，表明上訴理由，向\r\n本庭（澎湖縣馬公市西文里西文澳310號）提起上訴狀（須附繕\r\n本）。\r\n中　　華　　民　　國　　97　　年　　7 　　月　　14　　日\r\n    　　　　　　      書記官　林長義\r\n附錄本案論罪科刑法條全文：\r\n刑法第305條：\r\n以加害生命、身體、自由、名譽、財產之事，恐嚇他人致生危害\r\n於安全者，處2年以下有期徒刑、拘役或300元以下罰金。","type":"判決","historyHash":"5d6e33bccda4d6fa9cd123514d00f304","mainText":"甲○○犯恐嚇危害安全罪，處拘役拾伍日，如易科罰金，以新臺幣壹仟元折算壹日。","opinion":"","relatedIssues":[{"lawName":"中華民國刑法","issueRef":"41 1"},{"lawName":"中華民國刑法","issueRef":"305"},{"lawName":"中華民國刑法","issueRef":"305"},{"lawName":"中華民國刑法施行法","issueRef":"1-1"},{"lawName":"刑事訴訟法","issueRef":"449 1"}],"party":[{"group":["plaintiff"],"title":"聲請人","value":"台灣澎湖地方法院檢察署檢察官"},{"group":["defendant"],"title":"被告","value":"甲○○"}]}
