{"court":"臺灣澎湖地方法院","date":"2010-11-17T00:00:00+08:00","no":"99,馬交簡附民,14","sys":"刑事","reason":"損害賠償","judgement":"臺灣澎湖地方法院刑事附帶民事訴訟判決\r\n原　　　告　乙○○\r\n被　　　告　甲○○\r\n上列被告因99年度馬交簡字第146號業務過失傷害案件，經原告\r\n提起附帶民事訴訟，本院於民國99年11月3日辯論終結，判決如\r\n下：\r\n    主      文\r\n被告應給付原告新臺幣貳拾陸萬参仟貳佰玖拾参元，及自民國九\r\n十九年八月二十六日起至清償日止，按年息百分之五計算之利息\r\n。\r\n原告其餘之訴駁回。\r\n本判決第一項得假執行。\r\n原告其餘假執行之聲請駁回。\r\n    事實及理由\r\n一、程序部分：原告起訴時，向被告求償交通事故所生之醫療費\r\n    及交通費，並請求自99年2月27日起計付利息，嗣於審理中\r\n    ，原告捨棄求償醫療費及交通費，利息則減縮自起訴狀繕本\r\n    送達翌日起算，此等訴之減縮，均應許可。\r\n二、原告主張：被告於民國99年2月27日上午10時15分許，駕駛\r\n    車牌號碼025-EQ號計程車，在澎湖縣204號道路西向東外側\r\n    車道上，超車時不慎追撞原告所騎乘之車牌號碼162-GUA機\r\n    車，致原告全身受傷骨折，因而支出看護費新台幣（下同）\r\n    3萬元，並造成勞動能力損失292,000元，連同所受非財產上\r\n    損害在內，原告總計受有43萬元之損失，自得依據侵權行為\r\n    法律關係，向被告如數求償。並聲明：被告應給付原告43萬\r\n    元，及自起訴狀繕本送達翌日起至清償日止，按年息5%計算\r\n    之利息，且願供擔保請准宣告假執行。\r\n三、被告抗辯：兩造發生交通事故，雙方均有過失，且事發後，\r\n    原告已經領取強制汽車責任保險10,227元，被告並支付原告\r\n    12,000元，又交付機車行53,500元換新原告損壞之機車。而\r\n    原告求償項目中，有關看護費之部分，原告主張需看護之時\r\n    間過長，單價過高，有關勞動能力損失部分，原告所稱喪失\r\n    勞動能力之時間過長，且原告並無勞動能力，亦無固定收入\r\n    ，有關非財產上損害部分，原告要求金額過高，故原告之請\r\n    求，應無理由。並聲明：原告之訴駁回。\r\n四、按附帶民事訴訟之判決，應以刑事訴訟判決所認定之事實為\r\n    據，刑事訴訟法第500條前段定有明文。本件被告為計程車\r\n    司機，其於99年2月27日上午10時50分許，駕駛車牌號碼\r\n    025-EQ號營業小客車從事駕駛業務之際，沿澎湖縣204號道\r\n    路西向東行駛，途經該路段3.6公里處時，本應注意汽車變\r\n    換車道，應讓直行車先行，並注意安全距離，且依當時狀況\r\n    ，並無不能注意之情形，竟疏未注意，在駕車由內側車道變\r\n    換至外側車道時，車輛右前側保險桿撞及同向原告騎乘之車\r\n    牌號碼162-GUA普通重型機車左後側，致原告人車倒地，受\r\n    有四肢多處擦挫傷、右腳踝骨折、右側鎖骨骨折、疑似腦震\r\n    盪等傷害之事實，業據本院99年度馬交簡字第146號刑事判\r\n    決認定在案。因而，本件附帶民事訴訟之判決，應以上述刑\r\n    事判決認定之事實為據。\r\n五、次按因過失不法侵害他人權利者，負損害賠償責任；汽車在\r\n    使用中加損害於他人者，駕駛人應賠償因此所生之損害；而\r\n    不法侵害他人之身體或健康者，對於被害人因此喪失或減少\r\n    勞動能力或增加生活上之需要時，應負損害賠償責任；不法\r\n    侵害他人身體、健康者，被害人雖非財產上之損害，亦得請\r\n    求賠償相當之金額，民法第184條第1項前段、第191條之2、\r\n    第193條第1項、第195條第1項分別定有明文。準此，原告因\r\n    被告過失使用車輛之行為而受傷害，自得訴請被告賠償，玆\r\n    就原告所受損害之範圍，分別審酌如下：\r\n（一）看護費部分：原告此次事故就診出院後，有半年之時間，\r\n      宜由他人協助照料生活之事實，有三軍總醫院澎湖分院函\r\n      可查，故原告主張3萬元之看護費，應屬合理。\r\n（二）勞動損失部分：原告有工作能力且持續獲得收入之事實，\r\n      有澎湖縣政府稅捐稽徵處97年度、98年度綜合所得稅各類\r\n      所得資料清單可查，而事故發生後，原告約有9個月不宜\r\n      從事勞動工作之事實，則有三軍總醫院澎湖分院函可證。\r\n      因此，原告勞動能力之損失，以基本薪資17,280元計算，\r\n      合計為155,520元（17280x9）。\r\n（三）非財產上損害部分：原告此次車禍後，手術兩次，且應長\r\n      期進行復健，日後尚可能有右肩冷凍肩、右足踝關節炎等\r\n      症狀，所受傷害並非輕微，但考量原告生活尚稱寬裕，有\r\n      所得資料可證，而被告亦於事發後賠償原告機車並支付紅\r\n      包12,000元，尚有彌補原告損失之誠意，業據兩造陳述一\r\n      致。因此，原告所受非財產上損害，以10萬元計算，應屬\r\n      適當。\r\n（四）綜上所述，原告此次交通事故所受損害，合計為285,520\r\n      元（30000+155520+100000）。\r\n六、又按強制汽車責任保險人依強制汽車責任保險法規定給付之\r\n    保險金，視為加害人或被保險人損害賠償金額之一部分，加\r\n    害人或被保險人受賠償請求時，得扣除之，強制汽車責任保\r\n    險法第30條定有明文。本件事故後，原告領得強制汽車責任\r\n    保險金10,227元，被告並支付原告12,000元之事實，為兩造\r\n    所不爭執。因此，扣除上述金額後，被告尚應賠償263,293\r\n    元（000000-00000-00000）。\r\n七、從而，原告依據侵權行為法律關係，得向被告請求損害賠償\r\n    之金額，在263,293元範圍內，及自起訴狀繕本送達翌日即\r\n    99年8月26日起至清償日止，按週年利率5%計算之利息部分\r\n    ，為有理由，應予准許，超過此部分之請求，即無理由，應\r\n    當駁回。\r\n八、原告陳明願供擔保請准宣告假執行，就原告勝訴部分，因其\r\n    金額未滿50萬元，應依職權宣告之，就原告敗訴部分，假執\r\n    行之聲請失所依附，應予駁回。\r\n九、結論：原告之訴，為一部有理由，一部無理由，依刑事訴訟\r\n    法第502條、第491條第10款，民事訴訟法第389條第1項第5\r\n    款，判決如主文。\r\n中    華    民    國    99    年    11    月    17    日\r\n                  臺灣澎湖地方法院馬公簡易庭\r\n                      法  官  陳介安\r\n以上正本證明與原本無異。\r\n如不服本判決應於收受判決後10日內向本院提出上訴書狀，並應\r\n敘述具體理由；其未敘述上訴理由者，應於上訴期間屆滿後20日\r\n內向本院補提理由書(均須按他造當事人之人數附繕本)「切勿逕\r\n送上級法院」。\r\n中    華    民    國    99    年    11    月    17    日\r\n                      書記官  林長義","type":"判決","historyHash":"","mainText":"被告應給付原告新臺幣貳拾陸萬参仟貳佰玖拾参元，及自民國九十九年八月二十六日起至清償日止，按年息百分之五計算之利息。\n原告其餘之訴駁回。\n本判決第一項得假執行。\n原告其餘假執行之聲請駁回。","opinion":"五、次按因過失不法侵害他人權利者，負損害賠償責任；汽車在使用中加損害於他人者，駕駛人應賠償因此所生之損害；而不法侵害他人之身體或健康者，對於被害人因此喪失或減少勞動能力或增加生活上之需要時，應負損害賠償責任；不法侵害他人身體、健康者，被害人雖非財產上之損害，亦得請求賠償相當之金額，民法第184條第1項前段、第191條之2、第193條第1項、第195條第1項分別定有明文。準此，原告因被告過失使用車輛之行為而受傷害，自得訴請被告賠償，玆就原告所受損害之範圍，分別審酌如下：\n（一）看護費部分：原告此次事故就診出院後，有半年之時間，宜由他人協助照料生活之事實，有三軍總醫院澎湖分院函可查，故原告主張3萬元之看護費，應屬合理。\n（二）勞動損失部分：原告有工作能力且持續獲得收入之事實，有澎湖縣政府稅捐稽徵處97年度、98年度綜合所得稅各類所得資料清單可查，而事故發生後，原告約有9個月不宜從事勞動工作之事實，則有三軍總醫院澎湖分院函可證。\n      因此，原告勞動能力之損失，以基本薪資17,280元計算，合計為155,520元（17280x9）。\n（三）非財產上損害部分：原告此次車禍後，手術兩次，且應長期進行復健，日後尚可能有右肩冷凍肩、右足踝關節炎等症狀，所受傷害並非輕微，但考量原告生活尚稱寬裕，有所得資料可證，而被告亦於事發後賠償原告機車並支付紅包12,000元，尚有彌補原告損失之誠意，業據兩造陳述一致。因此，原告所受非財產上損害，以10萬元計算，應屬適當。\n（四）綜上所述，原告此次交通事故所受損害，合計為285,520元（30000+155520+100000）。\n六、又按強制汽車責任保險人依強制汽車責任保險法規定給付之保險金，視為加害人或被保險人損害賠償金額之一部分，加害人或被保險人受賠償請求時，得扣除之，強制汽車責任保險法第30條定有明文。本件事故後，原告領得強制汽車責任保險金10,227元，被告並支付原告12,000元之事實，為兩造所不爭執。因此，扣除上述金額後，被告尚應賠償263,293元（000000-00000-00000）。\n七、從而，原告依據侵權行為法律關係，得向被告請求損害賠償之金額，在263,293元範圍內，及自起訴狀繕本送達翌日即99年8月26日起至清償日止，按週年利率5%計算之利息部分，為有理由，應予准許，超過此部分之請求，即無理由，應當駁回。\n八、原告陳明願供擔保請准宣告假執行，就原告勝訴部分，因其金額未滿50萬元，應依職權宣告之，就原告敗訴部分，假執行之聲請失所依附，應予駁回。\n九、結論：原告之訴，為一部有理由，一部無理由，依刑事訴訟法第502條、第491條第10款，民事訴訟法第389條第1項第5款，判決如主文。","relatedIssues":[{"lawName":"刑事訴訟法","issueRef":"491 1 10"},{"lawName":"刑事訴訟法","issueRef":"500"},{"lawName":"刑事訴訟法","issueRef":"502"},{"lawName":"強制汽車責任保險法","issueRef":"30"},{"lawName":"民事訴訟法","issueRef":"389 1 5"},{"lawName":"民法","issueRef":"184 1"},{"lawName":"民法","issueRef":"191-2"},{"lawName":"民法","issueRef":"193 1"},{"lawName":"民法","issueRef":"195 1"}],"party":[{"group":["plaintiff"],"title":"原告","value":"乙○○"},{"group":["defendant"],"title":"被告","value":"甲○○"}]}
