{"court":"臺灣澎湖地方法院","date":"2016-04-15T00:00:00+08:00","no":"104,訴,21","sys":"刑事","reason":"違反槍砲彈藥刀械管制條例","judgement":"臺灣澎湖地方法院刑事判決　　　　　　　 104年度訴字第21號\r\n公　訴　人　臺灣澎湖地方法院檢察署檢察官\r\n被　　　告　余柏霖\r\n指定辯護人　本院公設辯護人張寅煥\r\n上列被告因違反槍砲彈藥刀械管制條例案件，經檢察官提起公訴\r\n（104年度偵字第109號），本院判決如下：\r\n    主  文\r\n余柏霖未經許可，寄藏可發射子彈具殺傷力之改造手槍，累犯，\r\n處有期徒刑肆年陸月，併科罰金新臺幣貳拾萬元，罰金如易服勞\r\n役，以新臺幣壹仟元折算壹日。扣案之改造手槍壹支（槍枝管制\r\n編號：○○○○○○○○○○號，含彈匣壹個）及制式子彈柒顆\r\n均沒收。\r\n    事  實\r\n一、余柏霖知悉可發射金屬或子彈具有殺傷力之改造槍枝及具殺\r\n    傷力之子彈，係槍砲彈藥刀械管制條例所列管之物品，非經\r\n    主管機關許可，不得無故收受寄藏、持有，竟基於寄藏具殺\r\n    傷力槍枝、子彈之犯意，於民國101年至102年間某不詳時間\r\n    ，受真實姓名、年籍不詳之友人「陳○○」之委託，收受具\r\n    有殺傷力之改造手槍1支（槍枝管制編號：0000000000號，\r\n    含彈匣1個）及具有殺傷力之制式子彈10顆後，自斯時起，\r\n    未經許可寄藏上開具有殺傷力之槍、彈，余柏霖嗣於104年1\r\n    月9日，將藏放上開槍彈於排檔箱下方空間之自己所有車牌\r\n    號碼0000-00號自小客車委由台華輪運輸至澎湖，而持有供\r\n    自己防身之用，嗣經警於104年2月9日持本院核發另案搜索\r\n    票搜索上開自小客車時，在被告上開自小客車內之排檔箱下\r\n    方空間，搜索扣得上開槍彈，始悉上情。\r\n二、案經澎湖縣政府警察局移送臺灣澎湖地方法院檢察署檢察官\r\n    偵查起訴。\r\n    理  由\r\n一、證據能力：\r\n  (一)供述證據部分：\r\n    按被告以外之人於審判外之言詞或書面陳述，除法律有規定\r\n    者外，不得作為證據；又被告以外之人於審判外之陳述，雖\r\n    不符同法第159 條之1 至第159 條之4 之規定，而經當事人\r\n    於審判程序同意作為證據，法院審酌該言詞陳述或書面陳述\r\n    作成時之情況，認為適當者，亦得為證據；而當事人、代理\r\n    人或辯護人於法院調查證據時，知有第159 條第1 項不得為\r\n    證據之情形，而未於言詞辯論終結前聲明異議者，視為有前\r\n    項之同意，刑事訴訟法第159 條第1 項、第159 條之5 分別\r\n    定有明文。查本件當事人及辯護人就本判決所引用被告以外\r\n    之人於審判外之言詞或書面陳述之證據能力，於本院準備程\r\n    序中均表示不予爭執證據能力，且迄至言詞辯論終結前亦未\r\n    聲明異議，本院審酌該等具有傳聞證據性質之證據製作時之\r\n    情況，尚無違法不當及證明力明顯過低之瑕疵，應無不宜作\r\n    為證據之情事，認以之作為本案之證據，應屬適當，依刑事\r\n    訴訟法第159條之5之規定，認該等證據資料均有證據能力。\r\n  (二)非供述證據部分：至於本判決所引用之非供述證據部分，與\r\n    本案待證事實均有關連性，亦無證據證明係實施刑事訴訟程\r\n    序之公務員以不法方式所取得，依刑事訴訟法第158條之4之\r\n    反面解釋，當有證據能力，復於本院審理時，提示並告以要\r\n    旨，使當事人及辯護人充分表示意見，自得為證據使用。\r\n二、認定被告犯罪事實所憑證據及理由：\r\n    上開事實，業據被告余柏霖於警詢、偵查、本院準備程序坦\r\n    承不諱（見警卷第5頁至第6頁；偵卷第25至26頁、本院卷第\r\n    20頁反面），核與證人即被告女友賴怡靜、證人即被告朋友\r\n    黃俊傑於警詢及偵查中證述之查獲槍彈經過大致相符（警卷\r\n    第13頁、第17頁反面、偵卷第29頁、第31頁反面），並有澎\r\n    湖縣政府警察局搜索扣押筆錄、扣押物品目錄表、刑案現場\r\n    測繪圖、臺華輪高雄至馬公各種車輛登記表及臺灣航業股份\r\n    有限公司臺華輪託運車輛明細表翻拍照片2張、刑案現場照\r\n    片10張、澎湖縣政府警察局槍枝初步檢視報告表1份在卷可\r\n    稽（警卷第20至22頁、第26頁、第28頁至第40頁），復有改\r\n    造手槍1支（含彈匣1個）及子彈10顆扣案可資佐證。又扣案\r\n    之改造手槍（含彈匣）及子彈經送內政部警政署刑事警察局\r\n    鑑定，鑑定結果略以：「一、送鑑手槍1枝（槍枝管制編號\r\n    0000000000），認係改造手槍，由仿半自動手槍製造之槍枝\r\n    ，換裝土造金屬槍管而成，擊發功能正常，可供擊發適用子\r\n    彈使用，認具殺傷力。二、送鑑子彈10顆，認均係口徑9mm\r\n    制式子彈，採樣3顆試射，均可擊發，認具殺傷力。」，此\r\n    有內政部警政署刑事警察局104年2月25日刑鑑字第00000000\r\n    00號鑑定書在卷可考（偵卷第20至21頁），堪認上開扣案槍\r\n    彈具有殺傷力無訛，足徵被告前開出於任意性之自白與事實\r\n    相符，堪予採信。綜上所述，本案事證明確，被告犯行堪以\r\n    認定，應依法論科。\r\n三、論罪科刑：\r\n  (一)按寄藏與持有，均係將物置於自己實力支配之下，僅寄藏必\r\n    先有他人之持有行為，而後始為之受寄代藏而已，故寄藏之\r\n    受人委託代為保管，其保管之本身，亦屬持有，不過，此之\r\n    持有係受寄之當然結果。單純之「持有」，固不包括「寄藏\r\n    」，但「寄藏」之受人委託代為保管，其保管之本身所為之\r\n    「持有」，既係「寄藏」之當然結果，法律上自宜僅就「寄\r\n    藏」行為為包括之評價，不應另就「持有」予以論罪（最高\r\n    法院74年台上字第3400號判例意旨參照）。又犯寄藏槍、彈\r\n    之罪屬行為繼續之繼續犯，其寄藏伊始至查獲為止，犯罪行\r\n    為均在繼續中，其違法性及可罰性亦未可終止，行為人所為\r\n    寄藏犯行橫跨前案有期徒刑執行完畢之前後，既未逾五年，\r\n    仍屬累犯（最高法院89年度台上字第392號刑事判決意旨參\r\n    照）。\r\n  (二)是核被告所為，係犯槍砲彈藥刀械管制條例第8條第4項之非\r\n    法寄藏可發射子彈具殺傷力之槍枝罪及同條例第12條第4項\r\n    之非法持有子彈罪。又被告未經許可，無故寄藏改造手槍（\r\n    含彈匣）、子彈，其寄藏之繼續，為行為之繼續，亦即一經\r\n    寄藏手槍（含彈匣）、子彈，罪已成立，但其完結須繼續至\r\n    持有行為終了時為止，故其寄藏改造手槍、子彈之行為，應\r\n    僅各成立一罪。再按非法寄藏槍砲彈藥刀械等違禁物，於最\r\n    初即同時地寄藏之情形，如客體種類相同（如同為手槍，或\r\n    同為子彈者），縱令寄藏之客體有數個（如數支手槍、數顆\r\n    子彈），仍為單純一罪，不發生想像競合犯之問題；若係二\r\n    不相同種類之客體（如同時地收受手槍及子彈），則為一行\r\n    為觸犯數罪名之想像競合犯。查被告係同時、地取得上揭具\r\n    殺傷力之改造手槍及制式子彈後同時寄藏之，揆諸上揭說明\r\n    ，就槍枝及子彈部分，分別成立寄藏其他可發射子彈具殺傷\r\n    力之槍枝罪及寄藏子彈等單純一罪，且係以一寄藏行為觸犯\r\n    前開二罪，為想像競合犯，應依刑法第55條規定，從一重之\r\n    非法寄藏其他可發射子彈具殺傷力之槍枝罪處斷。按刑法第\r\n    47條所規定累犯之加重，以受徒刑之執行完畢，或一部之執\r\n    行而赦免後，5年以內故意再犯有期徒刑以上之罪者，為其\r\n    要件。良以累犯之人，既曾犯罪受罰，當知改悔向上，竟又\r\n    重蹈前愆，足見其刑罰感應力薄弱，基於特別預防之法理，\r\n    非加重其刑不足使其覺悟，並兼顧社會防衛之效果。職是，\r\n    應依累犯規定加重其刑者，主要在於行為人是否曾受徒刑之\r\n    執行完畢後，猶無法達到刑罰矯正之目的為要。而數罪併罰\r\n    之案件，雖應依刑法第50條、第51條規定就數罪所宣告之刑\r\n    定其應執行之刑，然此僅屬就數罪之刑，如何定其應執行者\r\n    之問題，本於數宣告刑，應有數刑罰權，此項執行方法之規\r\n    定，並不能推翻被告所犯係數罪之本質，若其中一罪之刑已\r\n    執行完畢，自不因嗣後定其執行刑而影響先前一罪已執行完\r\n    畢之事實，謂無累犯規定之適用，有最高法院104年度第6次\r\n    刑事庭會議決議可資參照，本件被告於102年間因違反槍砲\r\n    彈藥刀械管制條例案件，經臺灣臺南地方法院以102年度訴\r\n    字第1182號判決有期徒刑3月確定，於103年6月20日易科罰\r\n    金執行完畢等節，有臺灣高等法院被告前案紀錄表在卷可稽\r\n    （見本院卷第8頁），縱該執行完畢部分之刑與他案裁判之\r\n    刑，可能有得定其應執行刑之情形，惟於本件判決作成前，\r\n    未經定定，仍不影響\r\n本件累犯之認定，是被告本件寄藏犯行既為繼續犯，遭查獲而犯\r\n行終了時間發生於104年間，為於上開有期徒刑執行完畢後5年以\r\n內，故意再犯本件最重本刑為有期徒刑以上之刑之罪，為累犯，\r\n應加重其刑，合先敘明。\r\n  (三)爰以行為人之責任為基礎，審酌被告知悉槍彈均係具有高度\r\n    危險性之管制物品，使用時動輒造成死傷，竟仍非法為他人\r\n    寄藏槍彈，已對社會之秩序及安寧造成相當程度之潛在危險\r\n    ；然念及被告終能坦承犯行，犯後態度尚可，以及其犯罪之\r\n    動機、目的及手段、持有槍彈之期間及數量、可能造成之危\r\n    害及教育程度為國中畢業之智識程度等一切情狀，量處如主\r\n    文所示之刑，並就罰金刑部分諭知易服勞役之折算標準。\r\n  (四)扣案之改造手槍1支（含彈匣1個）及制式子彈7顆，經鑑定\r\n    後認均具殺傷力，業如前述，而為違禁物，不問屬於被告與\r\n    否，均應依刑法第38條第1項第1款之規定宣告沒收。至扣案\r\n    之子彈3顆，於鑑驗時皆已試射擊發而不具有子彈之完整結\r\n    構，失去其效能，堪認現已不具殺傷力，雖係為供被告犯罪\r\n    使用之物，惟該等試射子彈既係被告受人委託寄藏，要難認\r\n    確為被告所有，爰不宣告沒收，併此敘明。\r\n據上論斷，應依刑事訴訟法第299 條第1 項前段，槍砲彈藥刀械\r\n管制條例第8條第4項、第12條第4項，刑法第11條前段、第47條\r\n第1項、第55條、第42條第3項前段、第38條第1項第1款，判決如\r\n主文。\r\n本案經檢察官周盟翔到庭執行職務。\r\n中    華    民    國   105    年    4     月    15    日\r\n                  刑事庭  審判長法  官  陳順輝\r\n                                法  官  倪霈棻\r\n                                法  官  陳炫谷\r\n以上正本證明與原本無異。\r\n如不服本判決，應於收受送達後10日內向本院提出上訴書狀，並\r\n應敘述具體理由；其未敘述上訴理由者，應於上訴期間屆滿後20\r\n日內向本院補提理由書（均須按他造當事人之人數附繕本）「切\r\n勿逕送上級法院」。\r\n中    華    民    國   105    年    4     月    18    日\r\n\r\n                                書記官  莊茹茵\r\n附錄論罪科刑法條全文：\r\n槍砲彈藥刀械管制條例第8條\r\n未經許可，製造、販賣或運輸鋼筆槍、瓦斯槍、麻醉槍、獵槍、\r\n空氣槍或第4 條第1 項第1 款所定其他可發射金屬或子彈具有殺\r\n傷力之各式槍砲者，處無期徒刑或5 年以上有期徒刑，併科新臺\r\n幣1 千萬元以下罰金。\r\n未經許可，轉讓、出租或出借前項所列槍枝者，處5 年以上有期\r\n徒刑，併科新臺幣1 千萬元以下罰金。\r\n意圖供自己或他人犯罪之用，而犯前二項之罪者，處無期徒刑或\r\n7 年以上有期徒刑，併科新臺幣1 千萬元以下罰金。\r\n未經許可，持有、寄藏或意圖販賣而陳列第1 項所列槍枝者，處\r\n3 年以上10年以下有期徒刑，併科新臺幣7 百萬元以下罰金。\r\n第 1 項至第 3 項之未遂犯罰之。\r\n犯第1 項、第2 項或第4 項有關空氣槍之罪，其情節輕微者，得\r\n減輕其刑。\r\n槍砲彈藥刀械管制條例第12條\r\n未經許可，製造、販賣或運輸子彈者，處1 年以上7 年以下有期\r\n徒刑，併科新台幣500 萬元以下罰金。\r\n未經許可，轉讓、出租或出借子彈者，處 6 月以上 5 年以下有\r\n期徒刑，併科新台幣 300 萬元以下罰金。\r\n意圖供自己或他人犯罪之用，而犯前二項之罪者，處 3 年以上\r\n10 年以下有期徒刑，併科新台幣 700 萬元以下罰金。\r\n未經許可，持有、寄藏或意圖販賣而陳列子彈者，處 5 年以下\r\n有期徒刑，併科新台幣 300 萬元以下罰金。\r\n第 1 項至第 3 項之未遂犯罰之。","type":"判決","historyHash":"13d544dc4712e2247676b5056582916b","mainText":"余柏霖未經許可，寄藏可發射子彈具殺傷力之改造手槍，累犯，處有期徒刑肆年陸月，併科罰金新臺幣貳拾萬元，罰金如易服勞役，以新臺幣壹仟元折算壹日。扣案之改造手槍壹支（槍枝管制編號：○○○○○○○○○○號，含彈匣壹個）及制式子彈柒顆均沒收。","opinion":"三、論罪科刑：\n  (一)按寄藏與持有，均係將物置於自己實力支配之下，僅寄藏必先有他人之持有行為，而後始為之受寄代藏而已，故寄藏之受人委託代為保管，其保管之本身，亦屬持有，不過，此之持有係受寄之當然結果。單純之「持有」，固不包括「寄藏」，但「寄藏」之受人委託代為保管，其保管之本身所為之「持有」，既係「寄藏」之當然結果，法律上自宜僅就「寄藏」行為為包括之評價，不應另就「持有」予以論罪（最高法院74年台上字第3400號判例意旨參照）。又犯寄藏槍、彈之罪屬行為繼續之繼續犯，其寄藏伊始至查獲為止，犯罪行為均在繼續中，其違法性及可罰性亦未可終止，行為人所為寄藏犯行橫跨前案有期徒刑執行完畢之前後，既未逾五年，仍屬累犯（最高法院89年度台上字第392號刑事判決意旨參照）。\n  (二)是核被告所為，係犯槍砲彈藥刀械管制條例第8條第4項之非法寄藏可發射子彈具殺傷力之槍枝罪及同條例第12條第4項之非法持有子彈罪。又被告未經許可，無故寄藏改造手槍（含彈匣）、子彈，其寄藏之繼續，為行為之繼續，亦即一經寄藏手槍（含彈匣）、子彈，罪已成立，但其完結須繼續至持有行為終了時為止，故其寄藏改造手槍、子彈之行為，應僅各成立一罪。再按非法寄藏槍砲彈藥刀械等違禁物，於最初即同時地寄藏之情形，如客體種類相同（如同為手槍，或同為子彈者），縱令寄藏之客體有數個（如數支手槍、數顆子彈），仍為單純一罪，不發生想像競合犯之問題；若係二不相同種類之客體（如同時地收受手槍及子彈），則為一行為觸犯數罪名之想像競合犯。查被告係同時、地取得上揭具殺傷力之改造手槍及制式子彈後同時寄藏之，揆諸上揭說明，就槍枝及子彈部分，分別成立寄藏其他可發射子彈具殺傷力之槍枝罪及寄藏子彈等單純一罪，且係以一寄藏行為觸犯前開二罪，為想像競合犯，應依刑法第55條規定，從一重之非法寄藏其他可發射子彈具殺傷力之槍枝罪處斷。按刑法第47條所規定累犯之加重，以受徒刑之執行完畢，或一部之執行而赦免後，5年以內故意再犯有期徒刑以上之罪者，為其要件。良以累犯之人，既曾犯罪受罰，當知改悔向上，竟又重蹈前愆，足見其刑罰感應力薄弱，基於特別預防之法理，非加重其刑不足使其覺悟，並兼顧社會防衛之效果。職是，應依累犯規定加重其刑者，主要在於行為人是否曾受徒刑之執行完畢後，猶無法達到刑罰矯正之目的為要。而數罪併罰之案件，雖應依刑法第50條、第51條規定就數罪所宣告之刑定其應執行之刑，然此僅屬就數罪之刑，如何定其應執行者之問題，本於數宣告刑，應有數刑罰權，此項執行方法之規定，並不能推翻被告所犯係數罪之本質，若其中一罪之刑已執行完畢，自不因嗣後定其執行刑而影響先前一罪已執行完畢之事實，謂無累犯規定之適用，有最高法院104年度第6次刑事庭會議決議可資參照，本件被告於102年間因違反槍砲彈藥刀械管制條例案件，經臺灣臺南地方法院以102年度訴字第1182號判決有期徒刑3月確定，於103年6月20日易科罰金執行完畢等節，有臺灣高等法院被告前案紀錄表在卷可稽（見本院卷第8頁），縱該執行完畢部分之刑與他案裁判之刑，可能有得定其應執行刑之情形，惟於本件判決作成前，未經定定，仍不影響\n本件累犯之認定，是被告本件寄藏犯行既為繼續犯，遭查獲而犯行終了時間發生於104年間，為於上開有期徒刑執行完畢後5年以內，故意再犯本件最重本刑為有期徒刑以上之刑之罪，為累犯，應加重其刑，合先敘明。\n  (三)爰以行為人之責任為基礎，審酌被告知悉槍彈均係具有高度危險性之管制物品，使用時動輒造成死傷，竟仍非法為他人寄藏槍彈，已對社會之秩序及安寧造成相當程度之潛在危險；然念及被告終能坦承犯行，犯後態度尚可，以及其犯罪之動機、目的及手段、持有槍彈之期間及數量、可能造成之危害及教育程度為國中畢業之智識程度等一切情狀，量處如主文所示之刑，並就罰金刑部分諭知易服勞役之折算標準。\n  (四)扣案之改造手槍1支（含彈匣1個）及制式子彈7顆，經鑑定後認均具殺傷力，業如前述，而為違禁物，不問屬於被告與否，均應依刑法第38條第1項第1款之規定宣告沒收。至扣案之子彈3顆，於鑑驗時皆已試射擊發而不具有子彈之完整結構，失去其效能，堪認現已不具殺傷力，雖係為供被告犯罪使用之物，惟該等試射子彈既係被告受人委託寄藏，要難認確為被告所有，爰不宣告沒收，併此敘明。\n據上論斷，應依刑事訴訟法第299 條第1 項前段，槍砲彈藥刀械管制條例第8條第4項、第12條第4項，刑法第11條前段、第47條第1項、第55條、第42條第3項前段、第38條第1項第1款，判決如主文。\n本案經檢察官周盟翔到庭執行職務。","relatedIssues":[{"lawName":"中華民國刑法","issueRef":"11"},{"lawName":"中華民國刑法","issueRef":"38 1 1"},{"lawName":"中華民國刑法","issueRef":"38 1 1"},{"lawName":"中華民國刑法","issueRef":"42 3"},{"lawName":"中華民國刑法","issueRef":"47"},{"lawName":"中華民國刑法","issueRef":"47 1"},{"lawName":"中華民國刑法","issueRef":"50"},{"lawName":"中華民國刑法","issueRef":"51"},{"lawName":"中華民國刑法","issueRef":"55"},{"lawName":"中華民國刑法","issueRef":"55"},{"lawName":"刑事訴訟法","issueRef":"158-4"},{"lawName":"刑事訴訟法","issueRef":"159 1"},{"lawName":"刑事訴訟法","issueRef":"159-5"},{"lawName":"刑事訴訟法","issueRef":"159-5"},{"lawName":"刑事訴訟法","issueRef":"299 1"},{"lawName":"槍砲彈藥刀械管制條例","issueRef":"8"},{"lawName":"槍砲彈藥刀械管制條例","issueRef":"8 4"},{"lawName":"槍砲彈藥刀械管制條例","issueRef":"8 4"},{"lawName":"槍砲彈藥刀械管制條例","issueRef":"12"},{"lawName":"槍砲彈藥刀械管制條例","issueRef":"12 4"},{"lawName":"槍砲彈藥刀械管制條例","issueRef":"12 4"}],"party":[{"group":["plaintiff"],"title":"公訴人","value":"臺灣澎湖地方法院檢察署檢察官"},{"group":["defendant"],"title":"被告","value":"余柏霖"},{"group":["defendant","agentAdLitem","lawyer"],"title":"指定辯護人","value":"本院公設辯護人張寅煥"}]}
