{"court":"臺灣澎湖地方法院","date":"2011-08-10T00:00:00+08:00","no":"100,馬簡,155","sys":"刑事","reason":"詐欺","judgement":"臺灣澎湖地方法院刑事簡易判決　　　　100年度馬簡字第155號\r\n聲　請　人　臺灣澎湖地方法院檢察署檢察官\r\n被　　　告　李進賢\r\n上列被告因詐欺案件，經檢察官聲請以簡易判決處刑（100年度\r\n偵字第406號、第416號、第422號、第430號、第438號、第439號\r\n、第448號），本院判決如下：\r\n    主      文\r\n李進賢犯幫助詐欺取財罪，處有期徒刑肆月，如易科罰金，以新\r\n台幣壹仟元折算壹日。\r\n    事實及理由\r\n一、李進賢能預見將提款卡及取款密碼交付他人使用時，可能成\r\n    為詐騙集團詐欺取財之取款工具，竟基於幫助他人詐欺取財\r\n    之不確定故意，於民國100年4月4日前某日，在桃園地區某\r\n    處，將其申辦如附表一所示二筆帳戶之提款卡及取款密碼，\r\n    一次交付詐騙集團使用，促成詐騙集團成員自100年4月4日\r\n    起，意圖為自己不法之所有，分別於如附表二所示之時間，\r\n    撥打彭國忠、向梓維、陳英傑、杜建慧、楊傳宇、陳鴻閔、\r\n    李瑞珍等人電話，詐稱網路購物付款有誤，應至自動櫃員機\r\n    重新操作，致彭國忠等人陷於錯誤，陸續匯款至詐騙集團指\r\n    定之前述李進賢帳戶內，旋遭提領一空，相關詐騙詳情，均\r\n    如附表二所載，並經彭國忠等人報案後查明。\r\n二、前述犯罪事實，有下列證據證明：\r\n（一）被告李進賢之陳述。\r\n（二）被害人彭國忠、向梓維、陳英傑、杜建慧、楊傳宇、陳鴻\r\n      閔、李瑞珍之陳述。\r\n（三）金融機構往來紀錄。\r\n三、依刑事訴訟法第449條第1項前段，第339條第1項、第30條、\r\n    第55條、刑法第41條第1項前段，刑法施行法第1條之1，逕\r\n    以簡易判決處如主文所示之刑。\r\n中    華    民    國    100   年    8     月    10    日\r\n                  臺灣澎湖地方法院馬公簡易庭\r\n                      法  官  陳介安\r\n以上正本證明與原本無異。\r\n如不服本判決，得自收受送達之日起10日內，表明上訴理由，向\r\n本庭（澎湖縣馬公市西文里西文澳101號之11）提起上訴狀（須\r\n附繕本）。\r\n中    華    民    國    100  年    8    月    10    日\r\n                      書記官  林長義\r\n附錄本案論罪科刑法條全文：\r\n中華民國刑法第339條第1項：意圖為自己或第三人不法之所有，\r\n以詐術使人將本人或第三人之物交付者，處5年以下有期徒刑、\r\n拘役或科或併科1千元以下罰金。\r\n附表一：\r\n┌──┬─────┬────────┬────────┐\r\n│編號│帳戶持有人│帳戶所屬金融機構│帳            號│\r\n├──┼─────┼────────┼────────┤\r\n│1.  │李進賢    │國泰世華銀行桃園│000000000000000 │\r\n│    │          │分行            │                │\r\n├──┼─────┼────────┼────────┤\r\n│2.  │李進賢    │永豐銀行北高雄分│00000000000000  │\r\n│    │          │行              │                │\r\n└──┴─────┴────────┴────────┘\r\n附表二:\r\n┌───┬─────┬────┬────┬───────┬────┐\r\n│被害人│詐騙時間  │詐騙地點│詐騙之金│ 詐騙手法     │匯入帳戶│\r\n│姓名  │          │        │額      │              │        │\r\n├───┼─────┼────┼────┼───────┼────┤\r\n│彭國忠│民國100年 │台北市北│新臺幣 (│詐騙集團成員詐│被告李進│\r\n│      │4月4日13時│投區吉利│下同 )  │稱雅虎奇摩彩色│賢所有國│\r\n│      │30分      │街320巷1│27500 元│噴墨印表機賣家│泰世華商│\r\n│      │          │弄6號3樓│        │，要求彭國忠前│業銀行桃│\r\n│      │          │自宅    │        │往第一銀行北投│園分行之│\r\n│      │          │        │        │分行 ATM 匯款 │帳戶    │\r\n│      │          │        │        │支付印表機金額│        │\r\n├───┼─────┼────┼────┼───────┼────┤\r\n│向梓維│100年4月8 │高雄市鼓│40000元 │詐騙集團成員詐│被告李進│\r\n│      │日14時    │山區臨海│        │稱為雅虎奇摩  │賢所有國│\r\n│      │          │1路23號 │        │ipad2 賣家要求│泰世華商│\r\n│      │          │        │        │向梓維前往台灣│業銀行桃│\r\n│      │          │        │        │銀行鼓山分行以│園分行之│\r\n│      │          │        │        │鄰櫃方式匯款支│帳戶    │\r\n│      │          │        │        │付 ipad2 價金 │        │\r\n├───┼─────┼────┼────┼───────┼────┤\r\n│陳英傑│100年4月6 │台中市北│20600元 │詐騙集團成員詐│被告李進│\r\n│      │日15時42分│區○○路│        │稱為雅虎奇摩大│賢所有國│\r\n│      │          │4段208  │        │清郵政紅印花大│泰世華商│\r\n│      │          │-1號8樓 │        │四分郵票賣家要│業銀行桃│\r\n│      │          │自宅    │        │求向陳英傑前往│園分行之│\r\n│      │          │        │        │台中文心路聯邦│帳戶    │\r\n│      │          │        │        │銀行 ATM 匯款 │        │\r\n│      │          │        │        │支付郵票價金  │        │\r\n├───┼─────┼────┼────┼───────┼────┤\r\n│杜建慧│100年4月6 │台北市中│13000元 │詐騙集團成員詐│被告李進│\r\n│      │日21時48分│正區成都│        │稱露天拍賣網站│賢所有國│\r\n│      │          │路60號  │        │賣家要求杜建慧│泰世華商│\r\n│      │          │        │        │前往西門町上海│業銀行桃│\r\n│      │          │        │        │商業銀行ATM匯 │園分行之│\r\n│      │          │        │        │款支付LV棋盤格│帳戶    │\r\n│      │          │        │        │波士頓背包價金│        │\r\n├───┼─────┼────┼────┼───────┼────┤\r\n│楊傳宇│100年4月6 │高雄市旗│25000元 │詐騙集團成員詐│被告李進│\r\n│      │日10時37分│津區旗下│        │稱為雅虎奇摩  │賢所有世│\r\n│      │          │里海岸路│        │JURA 全自動咖 │華銀行桃│\r\n│      │          │16-1號5 │        │啡機賣家，要求│園分行帳│\r\n│      │          │樓      │        │楊傳宇前往高雄│戶      │\r\n│      │          │        │        │捷運獅甲站內聯│        │\r\n│      │          │        │        │邦銀行 ATM 匯 │        │\r\n│      │          │        │        │款支付自動咖啡│        │\r\n│      │          │        │        │機價金        │        │\r\n├───┼─────┼────┼────┼───────┼────┤\r\n│陳鴻閔│100年4月4 │台中市西│25000元 │詐騙集團成員詐│被告李進│\r\n│      │日13時    │區五權3 │        │稱為雅虎奇摩蘇│賢所有永│\r\n│      │          │街253巷4│        │菲亞鑽戒賣家要│豐銀行北│\r\n│      │          │號4樓住 │        │求陳鴻閔前往中│高雄分行│\r\n│      │          │宅      │        │華郵政五權分行│帳戶    │\r\n│      │          │        │        │ATM 匯款支付鑽│        │\r\n│      │          │        │        │戒價金        │        │\r\n├───┼─────┼────┼────┼───────┼────┤\r\n│李瑞珍│100年4月6 │新北市板│8421元  │詐騙集團成員詐│被告李進│\r\n│      │日9時1分  │橋區中山│        │稱為雅虎奇摩  │賢所有永│\r\n│      │          │路2段443│        │GUCCI 背包賣家│豐銀行北│\r\n│      │          │巷8號8樓│        │要求李瑞珍前往│高雄分行│\r\n│      │          │住宅    │        │國泰商業銀行埔│帳戶    │\r\n│      │          │        │        │墘分行 ATM 匯 │        │\r\n│      │          │        │        │款支付背包價金│        │\r\n└───┴─────┴────┴────┴───────┴────┘","type":"判決","historyHash":"","mainText":"李進賢犯幫助詐欺取財罪，處有期徒刑肆月，如易科罰金，以新台幣壹仟元折算壹日。","opinion":"","relatedIssues":[{"lawName":"中華民國刑法","issueRef":"41 1"},{"lawName":"中華民國刑法","issueRef":"339 1"},{"lawName":"中華民國刑法施行法","issueRef":"1-1"},{"lawName":"刑事訴訟法","issueRef":"30"},{"lawName":"刑事訴訟法","issueRef":"55"},{"lawName":"刑事訴訟法","issueRef":"339 1"},{"lawName":"刑事訴訟法","issueRef":"449 1"}],"party":[{"group":["plaintiff"],"title":"聲請人","value":"臺灣澎湖地方法院檢察署檢察官"},{"group":["defendant"],"title":"被告","value":"李進賢"}]}
