{"court":"臺灣澎湖地方法院","date":"2015-07-15T00:00:00+08:00","no":"104,訴,5","sys":"刑事","reason":"毒品危害防制條例","judgement":"臺灣澎湖地方法院刑事裁定　　　　　　　　104年度訴字第5號\r\n聲 請 人即\r\n選任辯護人　許龍升律師\r\n被　　　告　洪進佐\r\n上列聲請人因被告違反毒品危害防制條例案件（本院104年度\r\n訴字第5號），聲請具保停止羈押，本院裁定如下：\r\n    主  文\r\n聲請駁回。\r\n    理  由\r\n一、聲請意旨略以：被告洪進佐就其所犯運輸第三級毒品罪業已\r\n    坦承認罪，且對毒品來源及共犯均詳實交代，本件已無羈押\r\n    之必要，爰聲請具保停止羈押等語。 \r\n二、按法院對被告執行之羈押，本質上係為使訴訟程序得以順利\r\n    進行或為保全證據或為保全對被告刑罰之執行之目的，而對\r\n    被告所實施之剝奪人身自由之強制處分。而刑事被告經法官\r\n    訊問後，認為犯罪嫌疑重大，而逃亡或有事實足認為有逃亡\r\n    之虞，或有事實足認為有湮滅、偽造、變造證據或勾串共犯\r\n    或證人之虞者，或所犯為死刑、無期徒刑或最輕本刑為5年\r\n    以上有期徒刑之罪等情形之一者，非予羈押，顯難進行追訴\r\n    、審判或執行，得羈押之，為刑事訴訟法第101條第1項所明\r\n    定。故被告犯罪嫌疑是否重大、是否有前述刑事訴訟法第10\r\n    1條第1項各款情事及是否有非予羈押，顯難進行追訴、審判\r\n    或執行之必要情事等3要件，法院依卷內具體客觀事證予以\r\n    斟酌後，始決定是否有羈押之「正當性原因」及「必要性」\r\n    ，且被告有無羈押之必要，法院自得按照訴訟進行程度，就\r\n    具體個案情節予以斟酌決定（最高法院29年抗字第57號判例\r\n    意旨參照）。\r\n三、經查，被告前經本院認為犯毒品危害防制條例第4條第3項之\r\n    運輸第三級毒品罪，犯罪嫌疑重大，所犯為最輕本刑5年以\r\n    上有期徒刑之罪，有刑事訴訟法第101條第1項第1款、第3款\r\n    情形，非予羈押，顯難進行審判，於104年2月26日執行羈押\r\n    ，並自104年5月26日起延長羈押2月。而被告所犯毒品危害\r\n    防制條例第4條第3項之運輸第三級毒品罪，業經本院於104\r\n    年7月1日判處有期徒刑4年10月，足認被告涉犯運輸第三級\r\n    毒品罪嫌重大。衡以被告所犯既為重罪，並經本院為重刑之\r\n    諭知，客觀上增加被告畏罪逃亡之機會，可預期其逃匿以規\r\n    避審判程序之進行及刑罰之執行之可能性更高，而有逃亡之\r\n    虞。又本案尚未確定，為確保訴訟程序及國家刑罰權之具體\r\n    實現，仍有繼續羈押被告之必要，而無由以具保、責付或限\r\n    制住居等侵害較小之手段替代之。是聲請人聲請被告具保停\r\n    止羈押，為無理由，應予駁回。\r\n四、據上論結，應依刑事訴訟法第220條，裁定如主文。\r\n中    華    民    國   104    年    7     月    15    日\r\n                  刑事庭  審判長法  官  陳順輝\r\n                                法  官  蔡政佑\r\n                                法  官  鍾孟容\r\n\r\n以上正本證明與原本無異。\r\n如不服本裁定，應於裁定正本送達後五日內，向本院提出抗告狀\r\n。\r\n中    華    民    國   104    年    7     月    15    日\r\n\r\n                                書記官  王耀煌","type":"裁定","historyHash":"","mainText":"聲請駁回。","opinion":"三、經查，被告前經本院認為犯毒品危害防制條例第4條第3項之運輸第三級毒品罪，犯罪嫌疑重大，所犯為最輕本刑5年以上有期徒刑之罪，有刑事訴訟法第101條第1項第1款、第3款情形，非予羈押，顯難進行審判，於104年2月26日執行羈押，並自104年5月26日起延長羈押2月。而被告所犯毒品危害防制條例第4條第3項之運輸第三級毒品罪，業經本院於104年7月1日判處有期徒刑4年10月，足認被告涉犯運輸第三級毒品罪嫌重大。衡以被告所犯既為重罪，並經本院為重刑之諭知，客觀上增加被告畏罪逃亡之機會，可預期其逃匿以規避審判程序之進行及刑罰之執行之可能性更高，而有逃亡之虞。又本案尚未確定，為確保訴訟程序及國家刑罰權之具體實現，仍有繼續羈押被告之必要，而無由以具保、責付或限制住居等侵害較小之手段替代之。是聲請人聲請被告具保停止羈押，為無理由，應予駁回。\n四、據上論結，應依刑事訴訟法第220條，裁定如主文。","relatedIssues":[{"lawName":"刑事訴訟法","issueRef":"101 1"},{"lawName":"刑事訴訟法","issueRef":"101 1"},{"lawName":"刑事訴訟法","issueRef":"101 1 1"},{"lawName":"刑事訴訟法","issueRef":"101 1 3"},{"lawName":"刑事訴訟法","issueRef":"220"},{"lawName":"毒品危害防制條例","issueRef":"4 3"},{"lawName":"毒品危害防制條例","issueRef":"4 3"}],"party":[{"group":["agentAdLitem","lawyer","plaintiff","defendant"],"title":"聲請人即選任辯護人","value":"許龍升律師"},{"group":["defendant"],"title":"被告","value":"洪進佐"}]}
