{"court":"臺灣澎湖地方法院","date":"2015-11-19T00:00:00+08:00","no":"104,聲,99","sys":"刑事","reason":"聲請假釋期中交付保護管束","judgement":"臺灣澎湖地方法院刑事裁定　　　　　　　 104年度聲字第99號\r\n聲　請　人　臺灣澎湖地方法院檢察署檢察官\r\n受　刑　人　陳嬿羽\r\n上列受刑人因犯詐欺等案件，經聲請人聲請假釋期中交付保護管\r\n束（104年度執聲付字第31號），本院裁定如下：\r\n    主  文\r\n陳嬿羽假釋中付保護管束。\r\n    理  由\r\n一、聲請意旨以：受刑人陳嬿羽因犯詐欺等案件，經本院判決應\r\n    執行有期徒刑1年10月確定，發監執行後，於民國104年11月\r\n    13日核准假釋，刑期應至105年4月19日終了，依刑法第93條\r\n    第2項之規定，在假釋中應付保護管束，爰依刑事訴訟法第\r\n    481條第1項聲請裁定等語。\r\n二、按假釋出獄者，在假釋中付保護管束，刑法第93條第2項定\r\n    有明文。又刑法第93條第2項之付保護管束，由檢察官聲請\r\n    該案犯罪事實最後裁判之法院裁定之，刑事訴訟法第481條\r\n    第1項前段亦有明文。\r\n三、經查，本案受刑人因犯詐欺等案件，經本院以103年度易字\r\n    第3號判決判處應執行有期徒刑1年10月確定，現在法務部矯\r\n    正署桃園女子監獄執行中，有臺灣高等法院被告前案紀錄表\r\n    在卷可稽。茲受刑人上開徒刑之執行，業經法務部矯正署於\r\n    104年11月13日以法授矯字第00000000000號函核准假釋，其\r\n    縮短刑期後刑期終結日係105年4月19日等情，此有法務部矯\r\n    正署桃園女子監獄假釋出獄人交付保護管束名冊1份附卷為\r\n    憑，是受刑人經假釋在案，尚在所餘刑期中無訛。綜上，本\r\n    院審核卷附之上開文件後，認聲請人之聲請為正當，應予准\r\n    許。\r\n四、依刑事訴訟法第481條第1項，刑法第96條但書、第93條第2\r\n    項，裁定如主文。\r\n中    華    民    國   104    年    11    月    19    日\r\n\r\n                        刑事庭  法  官  陳炫谷 \r\n以上正本證明與原本無異。\r\n如不服本裁定，應於裁定送達後5日內向本院提出抗告狀（須附\r\n繕本）。\r\n中    華    民    國   104    年    11    月    20    日\r\n\r\n                                書記官  莊茹茵","type":"裁定","historyHash":"","mainText":"陳嬿羽假釋中付保護管束。","opinion":"三、經查，本案受刑人因犯詐欺等案件，經本院以103年度易字第3號判決判處應執行有期徒刑1年10月確定，現在法務部矯正署桃園女子監獄執行中，有臺灣高等法院被告前案紀錄表在卷可稽。茲受刑人上開徒刑之執行，業經法務部矯正署於104年11月13日以法授矯字第00000000000號函核准假釋，其縮短刑期後刑期終結日係105年4月19日等情，此有法務部矯正署桃園女子監獄假釋出獄人交付保護管束名冊1份附卷為憑，是受刑人經假釋在案，尚在所餘刑期中無訛。綜上，本院審核卷附之上開文件後，認聲請人之聲請為正當，應予准許。\n四、依刑事訴訟法第481條第1項，刑法第96條但書、第93條第2項，裁定如主文。","relatedIssues":[{"lawName":"中華民國刑法","issueRef":"93 2"},{"lawName":"中華民國刑法","issueRef":"93 2"},{"lawName":"中華民國刑法","issueRef":"93 2"},{"lawName":"中華民國刑法","issueRef":"93 2"},{"lawName":"中華民國刑法","issueRef":"96"},{"lawName":"刑事訴訟法","issueRef":"481 1"},{"lawName":"刑事訴訟法","issueRef":"481 1"},{"lawName":"刑事訴訟法","issueRef":"481 1"}],"party":[{"group":["plaintiff"],"title":"聲請人","value":"臺灣澎湖地方法院檢察署檢察官"},{"group":["defendant"],"title":"受刑人","value":"陳嬿羽"}]}
