{"court":"臺灣澎湖地方法院","date":"2016-03-29T00:00:00+08:00","no":"105,馬簡,30","sys":"刑事","reason":"傷害","judgement":"臺灣澎湖地方法院刑事簡易判決　　　　 105年度馬簡字第30號\r\n聲　請　人　臺灣澎湖地方法院檢察署檢察官\r\n被　　　告　李顏木瓜\r\n上列被告因傷害案件，經檢察官聲請以簡易判決處刑（105年度\r\n偵字第133號），本院判決如下：\r\n    主      文\r\n李顏木瓜犯傷害罪，處拘役拾日，如易科罰金，以新臺幣壹仟元\r\n折算壹日。\r\n    事實及理由\r\n一、本件犯罪事實、證據、應適用法條，除被告李顏木瓜出生於\r\n    民國20年11月24日，為已滿80歲之人，爰依刑法第18條第3\r\n    項規定，減輕其刑外，餘均引用檢察官聲請簡易判決處刑書\r\n    之記載(如附件)。\r\n二、依刑事訴訟法第449條第1項前段、第3項、第454條第2項，\r\n    刑法第277條第1項、第18條第3項、第41條第1項前段，刑法\r\n    施行法第1條之1第1項、第2項前段，逕以簡易判決處如主文\r\n    所示之刑。\r\n三、如不服本判決應於收受判決後10日內向本院提出上訴書狀，\r\n    並應敘述具體理由；其未敘述上訴理由者，應於上訴期間屆\r\n    滿後20日內向本院補提理由書（均須按他造當事人之人數附\r\n    繕本）「切勿逕送上級法院」。\r\n\r\n中    華    民    國   105    年    3     月    29    日\r\n\r\n                  臺灣澎湖地方法院馬公簡易庭\r\n\r\n                      法  官  王政揚\r\n\r\n以上正本證明與原本無異。\r\n\r\n中    華    民    國   105    年    3     月    29    日\r\n\r\n                      書記官  林德盛\r\n\r\n附錄本案論罪科刑法條全文：\r\n中華民國刑法第277條第1項：\r\n傷害人之身體或健康者，處3年以下有期徒刑、拘役或1千元以下\r\n罰金。","type":"判決","historyHash":"","mainText":"李顏木瓜犯傷害罪，處拘役拾日，如易科罰金，以新臺幣壹仟元折算壹日。","opinion":"","relatedIssues":[{"lawName":"中華民國刑法","issueRef":"18 3"},{"lawName":"中華民國刑法","issueRef":"18 3"},{"lawName":"中華民國刑法","issueRef":"41 1"},{"lawName":"中華民國刑法","issueRef":"277 1"},{"lawName":"中華民國刑法","issueRef":"277 1"},{"lawName":"中華民國刑法施行法","issueRef":"1-1 1"},{"lawName":"中華民國刑法施行法","issueRef":"1-1 2"},{"lawName":"刑事訴訟法","issueRef":"449 1"},{"lawName":"刑事訴訟法","issueRef":"449 3"},{"lawName":"刑事訴訟法","issueRef":"454 2"}],"party":[{"group":["plaintiff"],"title":"聲請人","value":"臺灣澎湖地方法院檢察署檢察官"},{"group":["defendant"],"title":"被告","value":"李顏木瓜"}]}
