{"court":"臺灣澎湖地方法院","date":"2009-07-21T00:00:00+08:00","no":"98,交聲,37","sys":"刑事","reason":"違反道路交通管理處罰條例聲明異議","judgement":"臺灣澎湖地方法院交通事件裁定　　　　　98年度交聲字第37號\r\n異　議　人　甲○○\r\n即受處分人\r\n上列受處分人因違反道路交通管理處罰條例案件，對於交通部公\r\n路總局高雄區監理所澎湖監理站中華民國98年6月4日澎監違裁字\r\n第裁84─T00000000號裁決，聲明異議，本院裁定如下：\r\n    主  文\r\n原處分關於罰鍰新臺幣伍萬柒仟元部分撤銷。\r\n其他異議駁回。\r\n    理  由\r\n一、原處分意旨略以：異議人即受處分人甲○○酒醉駕駛車牌號\r\n    碼WX－9746號自用小客車，於民國97年8月22日9時9分許，\r\n    至澎湖縣湖西鄉湖西村「湖西加油站」加油時，為警攔查並\r\n    測得其呼氣酒精濃度為每公升1.44毫克，經警製發違規通知\r\n    單，依道路交通管理處罰條例第35條第1項第1款、（第24條\r\n    第1項第2款）規定，處異議人罰鍰新臺幣（下同）57,000元\r\n    ，吊扣駕駛執照12個月，施以道安講習（罰鍰和駕駛執照限\r\n    於98年7月4日前繳納、繳送）。\r\n二、異議意旨略以：異議人酒醉駕車部分業經檢察官為緩起訴處\r\n    分並履行200小時之義務勞務執行完畢，依一罪不兩罰之法\r\n    理，請求撤銷原處分等語。\r\n三、按汽車駕駛人，駕駛汽車經測試檢定酒精濃度超過規定標準\r\n    者，處15,000元以上60,000元以下罰鍰，並當場移置保管其\r\n    車輛及吊扣其駕駛執照1年；有第35條第1項規定之情形者，\r\n    應接受道路交通安全講習，道路交通管理處罰條例第35條第\r\n    1項第1款、24條第1項第2款固分別定有明文。惟95年2月5日\r\n    正式施行之行政罰法第26條規定：「一行為同時觸犯刑事法\r\n    律及違反行政法上義務規定者，依刑事法律處罰之。但其行\r\n    為應處以其他種類行政罰或得沒入之物而未經法院宣告沒收\r\n    者，亦得裁處之。前項行為如經不起訴處分或為無罪、免訴\r\n    、不受理、不付審理之裁判確定者，得依違反行政法上義務\r\n    規定裁處之。」，該條立法理由明確揭示：「一行為同時觸\r\n    犯刑事法律及違反行政法上義務規定時，由於刑罰與行政罰\r\n    同屬對不法行為之制裁，而刑罰之懲罰作用較強，故依刑事\r\n    法律處罰，即足資警惕時，實無一事二罰再處行政罰之必要\r\n    。且刑事法律處罰，由法院依法定程序為之，較符合正當法\r\n    律程序，應予優先適用。但罰鍰以外之沒入或其他種類行政\r\n    罰，因兼具維護公共秩序之作用，為達行政目的，行政機關\r\n    仍得併予裁處，故為第一項但書規定。二前述行為如經檢察\r\n    官為不起訴處分或法院為無罪、免訴、不受理或不付審理（\r\n    少年事件）之裁判確定，行政罰之裁處即無一事二罰之疑慮\r\n    ，故第二項規定此時仍得依違反行政法上義務之規定裁處。\r\n    」亦即一行為同時造成刑罰法律與行政秩序罰規定發生競合\r\n    適用之關係時，基於「一事不二罰」之法理，經由立法程序\r\n    確立應以刑罰優先為原則，避免行為人承受過度且重複之處\r\n    罰其理益明。是以前揭行政罰法中刑事法律處罰優先且不再\r\n    處以行政秩序罰之目的，既係因為行為人已接受刑罰而足資\r\n    警惕，且已發生懲罰之作用，即無使行為人陷於雙重處罰之\r\n    不利益，則關於刑事法律處罰之範圍自應採取實質認定，凡\r\n    刑事實體法或程序法中所規定客觀上剝奪行為人生命、自由\r\n    、財產權利，主觀上亦因制裁之嚴厲性、痛苦性，其強度足\r\n    以造成心理強制而間接達成矯正教化目的之處遇手段，皆應\r\n    納入其中，而不以形式上符合刑法第32條至第34條所定主刑\r\n    及從刑種類者為限，始與前揭法律規範之意旨相符。\r\n四、經查：\r\n  (一)本件受處分人對於其上開酒醉駕車之行為並不爭執，復有澎\r\n    湖縣警察局舉發違反道路交通管理事件通知單一紙在卷可憑\r\n    ，堪可認定。惟受處分人前開酒醉駕車行為，除構成道路交\r\n    通管理處罰條例第35條第1項第1款之交通違規事由外，亦已\r\n    合於刑法第185條之3服用酒類不能安全駕駛動力交通工具而\r\n    駕駛罪之構成要件，臺灣澎湖地方法院檢察署檢察官於斟酌\r\n    受處分人之犯後態度及公共利益之維護後，認以緩起訴處分\r\n    為適當，乃於97年9月15日以97年度偵字第717號為緩起訴處\r\n    分，並於處分書中載明緩起訴期間為1年（97年10月8日至98\r\n    年10月7日），受處分人應在緩起訴處分確定後6月內，向指\r\n    定之公益團體提供200小時之義務勞務，異議人業於98年2月\r\n    25日執行完畢等情，有前揭緩起訴處分書、臺灣高等法院被\r\n    告前案紀錄表各1份在卷可參。\r\n  (二)按交通部雖曾於民國95年7 月17日以交路字第0950006986號\r\n    函釋略謂：查法務部行政罰法諮詢小組第一次會議記錄既已\r\n    明確結論略以：「緩起訴乃附帶條件的不起訴處分，亦即是\r\n    不起訴的一種」在案，當依該部上開函釋結論及行政罰法第\r\n    26 條第2 項規定辦理，是以緩起訴乃依刑事訴訟法第253條\r\n    之2第1項規定對被告所課予之負擔，係一種特殊之處遇措施\r\n    ，並非刑罰，是以本案尚無行政罰法「一事不二罰」之適用\r\n    ；另道路交通案件處理辦法第3 條規定略以：交通案件聲明\r\n    異議之處罰，違反道路交通管理處罰條例部分應依該條例處\r\n    罰，其刑事責任部分仍適用刑事法律有關規定處理；而認法\r\n    院所為不同見解裁定之個案，處罰機關當可引據上開法務部\r\n    函釋結論為處理云云。惟查，按法官依據法律獨立審判，憲\r\n    法第80條載有明文，各機關依其職掌就有關法規為釋示之行\r\n    政命令，法官於審判案件時，固可予以引用，但仍得依據法\r\n    律，表示適當之不同見解，並不受其拘束；司法行政機關所\r\n    發司法行政上之命令，如涉及審判上之法律見解，僅供法官\r\n    參考，法官於審判案件時，亦不受其拘束（司法院大法官會\r\n    議釋字第216號解釋文參照）。\r\n  (三)再按94年2月5日公布、95年2月5日施行之行政罰法第26條規\r\n    定：「一行為同時觸犯刑事法律及違反行政法上義務規定者\r\n    ，依刑事法律處罰之。但其行為應處以其他種類行政罰或得\r\n    沒入之物而未經法院宣告沒收者，亦得裁處之。前項行為如\r\n    經不起訴處分或為無罪、免訴、不受理、不付審理之裁判確\r\n    定者，得依違反行政法上義務規定裁處之。」此即所謂「一\r\n    事不二罰」原則。又被告所犯為死刑、無期徒刑或最輕本刑\r\n    三年以上有期徒刑以外之罪，檢察官參酌刑法第57條所列事\r\n    項及公共利益之維護，認以「緩起訴」為適當者，得定1年\r\n    以上3年以下之緩起訴期間為緩起訴處分，其期間自緩起訴\r\n    處分確定之日起算；又被告於緩起訴期間內，有下列情形之\r\n    一者，檢察官得依職權或依告訴人之聲請撤銷原處分，繼續\r\n    偵查或起訴：1.於期間內故意更犯有期徒刑以上刑之罪，經\r\n    檢察官提起公訴者；2.緩起訴前，因故意犯他罪，而在緩起\r\n    訴期間內受有期徒刑以上刑之宣告者；3.違背第253條之2第\r\n    1 項各款之應遵守或履行事項者；刑事訴訟法第253條之1第\r\n    1 項、第253條之3第1項分別定有明文。準此，被告經檢察\r\n    官為「緩起訴」處分者，於「緩起訴」之猶豫期間內，其最\r\n    後是否會被檢察官提起公訴，猶懸而未定，意即「緩起訴」\r\n    處分於猶豫期間內尚未具有實質之確定力，檢察官於期間內\r\n    ，可對被告繼續觀察，此時若被告顯無反省警惕之情或根本\r\n    欠缺反省警惕之能力，檢察官仍得依職權或依告訴人之聲請\r\n    ，將被告「緩起訴」處分撤銷。而行政罰法第26條第2項規\r\n    定經不起訴處分或為無罪、免訴、不受理、不付審理之裁判\r\n    「確定」者，始得依違反行政法上義務規定裁處之規定，雖\r\n    不包括「緩起訴」處分在內，然因「緩起訴」處分之最終使\r\n    被告免於刑事訴追之效果，與「不起訴」處分效果相同，以\r\n    及刑事訴訟法第256條係將不起訴處分及緩起訴處分之再議\r\n    聲請及期間予以並列，故行政罰法第26條第2項規定之「不\r\n    起訴處分」是否包括緩起訴處分情形，固非無疑，但緩起訴\r\n    處分既非不能證明行為人之犯罪事實，而與不起訴處分之情\r\n    形迥然有別，且刑事訴訟法仍非將不起訴處分與緩起訴處分\r\n    二者視為完全相同，則能否因此遽認行政罰法第26條第2項\r\n    規定之「不起訴處分」即包括緩起訴處分，猶其於緩起訴處\r\n    分課予受處分人一定之負擔時，本於「例外規定從嚴解釋」\r\n    及「對人民不利之規定應從嚴解釋」之法理，則該項規定於\r\n    解釋上是否能予以包括，即益非無疑。惟依行政罰法第26條\r\n    第2項之立法意旨，仍必須待緩起訴處分實質確定時，受處\r\n    分人才最終地確定是否能免於受刑事訴追，原處分機關始得\r\n    為行政裁罰，亦即於緩起訴期間內即猶豫期間期滿前，該緩\r\n    起訴處分既仍有被撤銷之可能，此時原處分機關若依法為行\r\n    政裁決，將使受處分人有同時遭受行政處罰及刑事訴追之危\r\n    險，顯與行政罰法第26條規定之立法意旨相違背，應認不得\r\n    為之，始符其意旨。\r\n  (四)又檢察官對被告作成緩起訴處分，並命其向公庫或公益團體\r\n    、地方自治團體支付一定之金額時，雖非由法院作成之判決\r\n    ，但因檢察官是否對被告作成緩起訴處分，及於作成緩起訴\r\n    處分時，應命被告遵守或履行何等事項，須斟酌刑法第57條\r\n    所列事項及公共利益之維護，此與法院於認定被告有罪時，\r\n    於科刑時亦須斟酌刑法第57條所列事項類似，且因檢察官命\r\n    被告向公庫或公益團體、地方自治團體支付一定之金額，亦\r\n    屬對被告財產權之剝奪，性質上與法院所科處之罰金無異，\r\n    自屬行政罰法第26條第1項所稱之「依刑事法律處罰」。同\r\n    理，如檢察官對被告為緩起訴處分時，同時命被告「向公庫\r\n    或指定之公益團體、地方自治團體支付一定之金額。」以外\r\n    之處置，如本案之命被告「向指定之公益團體、地方自治團\r\n    體或社區提供四十小時以上二百四十小時以下之義務勞務」\r\n    ，因亦剝奪被告之人身自由，自應認係與受刑事處罰無異，\r\n    否則，將因檢察官對被告作出不同處置而異其結論，自難期\r\n    公平。\r\n  (五)綜上，受處分人因駕駛汽車經測試檢定有酒精濃度超過規定\r\n    標準部分，因另犯刑法第185條之3酒醉駕車之公共危險罪，\r\n    並經臺灣澎湖地方法院檢察署檢察官為緩起訴處分確定，其\r\n    緩起訴期間於98年10月7日始屆滿，於此之前，刑事追訴程\r\n    序尚未終局終結確定，則原處分機關於98年6月4日裁處受處\r\n    分人罰鍰5萬7000元，即與行政罰法第26條第1項前段、第2\r\n    項之規定有違，受處分人就此部分聲明異議，非無理由，原\r\n    處分就此部分應予撤銷，由原處分機關視緩起訴處分之終局\r\n    執行結果，另為適法之處分。至於原處分關於吊扣駕駛執照\r\n    12 個月及施以道安講習部分，則係預防將來再犯危險之管\r\n    制罰，而有別於前揭針對已發生違規事實科處罰鍰之行政秩\r\n    序罰，屬行政罰法第26條第1項但書所稱之「其他種類行政\r\n    罰」，原處分機關仍得依道路交通管理處罰條例第24條第1\r\n    項第2款、第35條第1項第1款予以裁處，受處分人就此部分\r\n    所為異議，並無理由，應予駁回。\r\n五、據上論斷，依道路交通管理處罰條例第87條第2項，道路交\r\n    通案件處理辦法第19條、第20條，裁定如主文。\r\n中　　華　　民　　國　　98　　年　　7 　　月　　21　　日\r\n                        交通法庭法　官　陳順輝\r\n以上正本係照原本作成。\r\n如不服本裁定，應於裁定送達之翌日起5日內，向本院提出抗告\r\n狀（須附繕本）。\r\n中　　華　　民　　國　　98　　年　　7 　　月　　21　　日\r\n                 　   　　      書記官　王耀煌","type":"裁定","historyHash":"","mainText":"原處分關於罰鍰新臺幣伍萬柒仟元部分撤銷。\n其他異議駁回。","opinion":"四、經查：\n  (一)本件受處分人對於其上開酒醉駕車之行為並不爭執，復有澎湖縣警察局舉發違反道路交通管理事件通知單一紙在卷可憑，堪可認定。惟受處分人前開酒醉駕車行為，除構成道路交通管理處罰條例第35條第1項第1款之交通違規事由外，亦已合於刑法第185條之3服用酒類不能安全駕駛動力交通工具而駕駛罪之構成要件，臺灣澎湖地方法院檢察署檢察官於斟酌受處分人之犯後態度及公共利益之維護後，認以緩起訴處分為適當，乃於97年9月15日以97年度偵字第717號為緩起訴處分，並於處分書中載明緩起訴期間為1年（97年10月8日至98年10月7日），受處分人應在緩起訴處分確定後6月內，向指定之公益團體提供200小時之義務勞務，異議人業於98年2月25日執行完畢等情，有前揭緩起訴處分書、臺灣高等法院被告前案紀錄表各1份在卷可參。\n  (二)按交通部雖曾於民國95年7 月17日以交路字第0950006986號函釋略謂：查法務部行政罰法諮詢小組第一次會議記錄既已明確結論略以：「緩起訴乃附帶條件的不起訴處分，亦即是不起訴的一種」在案，當依該部上開函釋結論及行政罰法第26 條第2 項規定辦理，是以緩起訴乃依刑事訴訟法第253條之2第1項規定對被告所課予之負擔，係一種特殊之處遇措施，並非刑罰，是以本案尚無行政罰法「一事不二罰」之適用；另道路交通案件處理辦法第3 條規定略以：交通案件聲明異議之處罰，違反道路交通管理處罰條例部分應依該條例處罰，其刑事責任部分仍適用刑事法律有關規定處理；而認法院所為不同見解裁定之個案，處罰機關當可引據上開法務部函釋結論為處理云云。惟查，按法官依據法律獨立審判，憲法第80條載有明文，各機關依其職掌就有關法規為釋示之行政命令，法官於審判案件時，固可予以引用，但仍得依據法律，表示適當之不同見解，並不受其拘束；司法行政機關所發司法行政上之命令，如涉及審判上之法律見解，僅供法官參考，法官於審判案件時，亦不受其拘束（司法院大法官會議釋字第216號解釋文參照）。\n  (三)再按94年2月5日公布、95年2月5日施行之行政罰法第26條規定：「一行為同時觸犯刑事法律及違反行政法上義務規定者，依刑事法律處罰之。但其行為應處以其他種類行政罰或得沒入之物而未經法院宣告沒收者，亦得裁處之。前項行為如經不起訴處分或為無罪、免訴、不受理、不付審理之裁判確定者，得依違反行政法上義務規定裁處之。」此即所謂「一事不二罰」原則。又被告所犯為死刑、無期徒刑或最輕本刑三年以上有期徒刑以外之罪，檢察官參酌刑法第57條所列事項及公共利益之維護，認以「緩起訴」為適當者，得定1年以上3年以下之緩起訴期間為緩起訴處分，其期間自緩起訴處分確定之日起算；又被告於緩起訴期間內，有下列情形之一者，檢察官得依職權或依告訴人之聲請撤銷原處分，繼續偵查或起訴：1.於期間內故意更犯有期徒刑以上刑之罪，經檢察官提起公訴者；2.緩起訴前，因故意犯他罪，而在緩起訴期間內受有期徒刑以上刑之宣告者；3.違背第253條之2第1 項各款之應遵守或履行事項者；刑事訴訟法第253條之1第1 項、第253條之3第1項分別定有明文。準此，被告經檢察官為「緩起訴」處分者，於「緩起訴」之猶豫期間內，其最後是否會被檢察官提起公訴，猶懸而未定，意即「緩起訴」處分於猶豫期間內尚未具有實質之確定力，檢察官於期間內，可對被告繼續觀察，此時若被告顯無反省警惕之情或根本欠缺反省警惕之能力，檢察官仍得依職權或依告訴人之聲請，將被告「緩起訴」處分撤銷。而行政罰法第26條第2項規定經不起訴處分或為無罪、免訴、不受理、不付審理之裁判「確定」者，始得依違反行政法上義務規定裁處之規定，雖不包括「緩起訴」處分在內，然因「緩起訴」處分之最終使被告免於刑事訴追之效果，與「不起訴」處分效果相同，以及刑事訴訟法第256條係將不起訴處分及緩起訴處分之再議聲請及期間予以並列，故行政罰法第26條第2項規定之「不起訴處分」是否包括緩起訴處分情形，固非無疑，但緩起訴處分既非不能證明行為人之犯罪事實，而與不起訴處分之情形迥然有別，且刑事訴訟法仍非將不起訴處分與緩起訴處分二者視為完全相同，則能否因此遽認行政罰法第26條第2項規定之「不起訴處分」即包括緩起訴處分，猶其於緩起訴處分課予受處分人一定之負擔時，本於「例外規定從嚴解釋」及「對人民不利之規定應從嚴解釋」之法理，則該項規定於解釋上是否能予以包括，即益非無疑。惟依行政罰法第26條第2項之立法意旨，仍必須待緩起訴處分實質確定時，受處分人才最終地確定是否能免於受刑事訴追，原處分機關始得為行政裁罰，亦即於緩起訴期間內即猶豫期間期滿前，該緩起訴處分既仍有被撤銷之可能，此時原處分機關若依法為行政裁決，將使受處分人有同時遭受行政處罰及刑事訴追之危險，顯與行政罰法第26條規定之立法意旨相違背，應認不得為之，始符其意旨。\n  (四)又檢察官對被告作成緩起訴處分，並命其向公庫或公益團體、地方自治團體支付一定之金額時，雖非由法院作成之判決，但因檢察官是否對被告作成緩起訴處分，及於作成緩起訴處分時，應命被告遵守或履行何等事項，須斟酌刑法第57條所列事項及公共利益之維護，此與法院於認定被告有罪時，於科刑時亦須斟酌刑法第57條所列事項類似，且因檢察官命被告向公庫或公益團體、地方自治團體支付一定之金額，亦屬對被告財產權之剝奪，性質上與法院所科處之罰金無異，自屬行政罰法第26條第1項所稱之「依刑事法律處罰」。同理，如檢察官對被告為緩起訴處分時，同時命被告「向公庫或指定之公益團體、地方自治團體支付一定之金額。」以外之處置，如本案之命被告「向指定之公益團體、地方自治團體或社區提供四十小時以上二百四十小時以下之義務勞務」，因亦剝奪被告之人身自由，自應認係與受刑事處罰無異，否則，將因檢察官對被告作出不同處置而異其結論，自難期公平。\n  (五)綜上，受處分人因駕駛汽車經測試檢定有酒精濃度超過規定標準部分，因另犯刑法第185條之3酒醉駕車之公共危險罪，並經臺灣澎湖地方法院檢察署檢察官為緩起訴處分確定，其緩起訴期間於98年10月7日始屆滿，於此之前，刑事追訴程序尚未終局終結確定，則原處分機關於98年6月4日裁處受處分人罰鍰5萬7000元，即與行政罰法第26條第1項前段、第2項之規定有違，受處分人就此部分聲明異議，非無理由，原處分就此部分應予撤銷，由原處分機關視緩起訴處分之終局執行結果，另為適法之處分。至於原處分關於吊扣駕駛執照12 個月及施以道安講習部分，則係預防將來再犯危險之管制罰，而有別於前揭針對已發生違規事實科處罰鍰之行政秩序罰，屬行政罰法第26條第1項但書所稱之「其他種類行政罰」，原處分機關仍得依道路交通管理處罰條例第24條第1項第2款、第35條第1項第1款予以裁處，受處分人就此部分所為異議，並無理由，應予駁回。\n五、據上論斷，依道路交通管理處罰條例第87條第2項，道路交通案件處理辦法第19條、第20條，裁定如主文。","relatedIssues":[{"lawName":"中華民國刑法","issueRef":"32"},{"lawName":"中華民國刑法","issueRef":"33"},{"lawName":"中華民國刑法","issueRef":"34"},{"lawName":"中華民國刑法","issueRef":"57"},{"lawName":"中華民國刑法","issueRef":"57"},{"lawName":"中華民國刑法","issueRef":"57"},{"lawName":"中華民國刑法","issueRef":"185-3"},{"lawName":"中華民國刑法","issueRef":"185-3"},{"lawName":"中華民國憲法","issueRef":"80"},{"lawName":"刑事訴訟法","issueRef":"253-1 1"},{"lawName":"刑事訴訟法","issueRef":"253-2 1"},{"lawName":"刑事訴訟法","issueRef":"253-3 1"},{"lawName":"刑事訴訟法","issueRef":"256"},{"lawName":"行政罰法","issueRef":"26"},{"lawName":"行政罰法","issueRef":"26"},{"lawName":"行政罰法","issueRef":"26"},{"lawName":"行政罰法","issueRef":"26"},{"lawName":"行政罰法","issueRef":"26 1"},{"lawName":"行政罰法","issueRef":"26 1"},{"lawName":"行政罰法","issueRef":"26 1"},{"lawName":"行政罰法","issueRef":"26 2"},{"lawName":"行政罰法","issueRef":"26 2"},{"lawName":"行政罰法","issueRef":"26 2"},{"lawName":"行政罰法","issueRef":"26 2"},{"lawName":"行政罰法","issueRef":"26 2"},{"lawName":"行政罰法","issueRef":"26 2"},{"lawName":"道路交通事件處理辦法","issueRef":"3"},{"lawName":"道路交通事件處理辦法","issueRef":"19"},{"lawName":"道路交通事件處理辦法","issueRef":"20"},{"lawName":"道路交通管理處罰條例","issueRef":"24 1 2"},{"lawName":"道路交通管理處罰條例","issueRef":"24 1 2"},{"lawName":"道路交通管理處罰條例","issueRef":"35 1 1"},{"lawName":"道路交通管理處罰條例","issueRef":"35 1 1"},{"lawName":"道路交通管理處罰條例","issueRef":"35 1 1"},{"lawName":"道路交通管理處罰條例","issueRef":"35 1 1"},{"lawName":"道路交通管理處罰條例","issueRef":"87 2"}],"party":[{"group":["plaintiff"],"title":"異議人即受處分人","value":"甲○○"}]}
