{"court":"臺灣澎湖地方法院","date":"2012-05-31T00:00:00+08:00","no":"101,馬交簡,38","sys":"刑事","reason":"過失傷害","judgement":"臺灣澎湖地方法院刑事簡易判決　　　 101年度馬交簡字第38號\r\n聲　請　人　臺灣澎湖地方法院檢察署檢察官\r\n被　　　告　張秋帆\r\n上列被告因過失傷害案件，經檢察官聲請以簡易判決處刑（\r\n101年度偵字第91號），本院判決如下：\r\n    主      文\r\n張秋帆犯過失傷害罪，處拘役拾日，如易科罰金，以新臺幣壹仟\r\n元折算壹日。\r\n    事  實  及  理  由\r\n一、本件犯罪事實及證據，均引用檢察官聲請簡易判決處刑書之\r\n    記載（如附件）。\r\n二、核被告所為係犯刑法第284條第1項前段之過失傷害罪。又被\r\n    告於肇事後警員前往現場處理時在場，經警方詢問後，當場\r\n    承認為肇事人，有澎湖縣政府警察局馬公分局道路交通事故\r\n    肇事人自首情形紀錄表1紙附卷足憑（見警卷第23頁），其\r\n    對於未發覺之罪自首而接受裁判，應依刑法第62條前段規定\r\n    減輕其刑。爰審酌被告未曾因故意犯罪受有期徒刑之宣告，\r\n    有臺灣高等法院被告前案紀錄表在卷可查，素行尚佳，參以\r\n    其犯後坦承犯行、過失肇事情節、被害人所受傷勢及迄今未\r\n    與被害人達成民事和解，並參酌其智識程度為五專畢業及生\r\n    活狀況等一切情狀，量處如主文所示之刑，並諭知易科罰金\r\n    之折算標準。\r\n三、依刑事訴訟法第449條第1項前段、第454條第2項，刑法第\r\n    284 條第1項前段、第41條第1項前段、第62條，刑法施行法\r\n    第1條之1，逕以簡易判決處如主文所示之刑。\r\n四、如不服本判決應於收受判決後10日內向本院提出上訴書狀，\r\n    並應敘述具體理由；其未敘述上訴理由者，應於上訴期間屆\r\n    滿後20日內向本院補提理由書（均須按他造當事人之人數附\r\n    繕本）「切勿逕送上級法院」。\r\n中    華    民    國   101    年    5     月    31    日\r\n                  臺灣澎湖地方法院馬公簡易庭\r\n                      法  官  鍾孟容\r\n以上正本證明與原本無異。\r\n如不服本判決應於收受判決後10日內向本院提出上訴書狀，並應\r\n敘述具體理由；其未敘述上訴理由者，應於上訴期間屆滿後20日\r\n內向本院補提理由書(均須按他造當事人之人數附繕本)「切勿逕\r\n送上級法院」。\r\n                      書記官  林長義\r\n中    華    民    國   101    年    5     月    31    日\r\n附錄本案論罪科刑法條全文：\r\n中華民國刑法第284條\r\n（過失傷害罪）\r\n因過失傷害人者，處 6 月以下有期徒刑、拘役或 5 百元以下罰\r\n金，致重傷者，處 1 年以下有期徒刑、拘役或 5 百元以下罰金\r\n。","type":"判決","historyHash":"","mainText":"張秋帆犯過失傷害罪，處拘役拾日，如易科罰金，以新臺幣壹仟元折算壹日。","opinion":"","relatedIssues":[{"lawName":"中華民國刑法","issueRef":"41 1"},{"lawName":"中華民國刑法","issueRef":"62"},{"lawName":"中華民國刑法","issueRef":"62"},{"lawName":"中華民國刑法","issueRef":"284"},{"lawName":"中華民國刑法","issueRef":"284 1"},{"lawName":"中華民國刑法","issueRef":"284 1"},{"lawName":"中華民國刑法施行法","issueRef":"1-1"},{"lawName":"刑事訴訟法","issueRef":"449 1"},{"lawName":"刑事訴訟法","issueRef":"454 2"}],"party":[{"group":["plaintiff"],"title":"聲請人","value":"臺灣澎湖地方法院檢察署檢察官"},{"group":["defendant"],"title":"被告","value":"張秋帆"}]}
