{"court":"臺灣澎湖地方法院","date":"2017-07-26T00:00:00+08:00","no":"106,馬交簡,100","sys":"刑事","reason":"公共危險","judgement":"臺灣澎湖地方法院刑事簡易判決　　　106年度馬交簡字第100號\r\n聲　請　人　臺灣澎湖地方法院檢察署檢察官\r\n被　　　告　潘嘉興\r\n上列被告因公共危險案件，經檢察官聲請以簡易判決處刑（106\r\n年度速偵字第118號），本院判決如下：\r\n    主      文\r\n潘嘉興吐氣所含酒精濃度達每公升零點二五毫克以上駕駛動力交\r\n通工具，處有期徒刑貳月，如易科罰金，以新臺幣壹仟元折算壹\r\n日。\r\n    事實及理由\r\n一、本件犯罪事實、證據、應適用法條，均引用檢察官聲請簡易\r\n    判決處刑書之記載(如附件)。\r\n二、依刑事訴訟法第449條第1項前段、第3項、第454條第2項，\r\n    刑法第185條之3第1項第1款、第41條第1項前段，刑法施行\r\n    法第1條之1第1項，逕以簡易判決處如主文所示之刑。\r\n三、如不服本判決應於收受判決後10日內向本院提出上訴書狀，\r\n    並應敘述具體理由；其未敘述上訴理由者，應於上訴期間屆\r\n    滿後20日內向本院補提理由書（均須按他造當事人之人數附\r\n    繕本）「切勿逕送上級法院」。\r\n中    華    民    國   106    年    7     月    26    日\r\n                  臺灣澎湖地方法院馬公簡易庭\r\n                      法  官  王政揚\r\n以上正本證明與原本無異。\r\n中    華    民    國   106    年    7     月    26    日\r\n                      書記官  林映君\r\n附錄本案論罪科刑法條全文：\r\n刑法第185條之3：\r\n駕駛動力交通工具而有下列情形之一者，處2年以下有期徒刑，\r\n得併科20萬元以下罰金：\r\n一、吐氣所含酒精濃度達每公升0.25毫克或血液中酒精濃度達\r\n    0.05%以上。\r\n二、有前款以外之其他情事足認服用酒類或其他相類之物，致不\r\n    能安全駕駛。\r\n三、服用毒品、麻醉藥品或其他相類之物，致不能安全駕駛。\r\n因而致人於死者，處3年以上10年以下有期徒刑；致重傷者，處1\r\n年以上7年以下有期徒刑。","type":"判決","historyHash":"","mainText":"潘嘉興吐氣所含酒精濃度達每公升零點二五毫克以上駕駛動力交通工具，處有期徒刑貳月，如易科罰金，以新臺幣壹仟元折算壹日。","opinion":"","relatedIssues":[{"lawName":"中華民國刑法","issueRef":"41 1"},{"lawName":"中華民國刑法","issueRef":"185-3"},{"lawName":"中華民國刑法","issueRef":"185-3 1 1"},{"lawName":"中華民國刑法施行法","issueRef":"1-1 1"},{"lawName":"刑事訴訟法","issueRef":"449 1"},{"lawName":"刑事訴訟法","issueRef":"449 3"},{"lawName":"刑事訴訟法","issueRef":"454 2"}],"party":[{"group":["plaintiff"],"title":"聲請人","value":"臺灣澎湖地方法院檢察署檢察官"},{"group":["defendant"],"title":"被告","value":"潘嘉興"}]}
