{"court":"臺灣澎湖地方法院","date":"2010-04-22T00:00:00+08:00","no":"99,馬交簡,48","sys":"刑事","reason":"過失傷害","judgement":"臺灣澎湖地方法院刑事簡易判決　　　　99年度馬交簡字第48號\r\n聲　請　人　臺灣澎湖地方法院檢察署檢察官\r\n被　　　告　甲○○\r\n上列被告因過失傷害事件，經檢察官聲請以簡易判決處刑（99年\r\n度偵字第274號），本院判決如下：\r\n    主      文\r\n甲○○犯過失傷害罪，處有期徒刑肆月，如易科罰金，以新臺幣\r\n壹仟元折算壹日，緩刑貳年，並應向乙○○支付新臺幣壹拾萬元\r\n，給付方法：自民國九十九年五月十日起至民國一百年二月十日\r\n止，於每月十日各給付新臺幣壹萬元。\r\n    事實及理由\r\n一、本件犯罪事實及證據，均引用檢察官聲請簡易判決處刑書之\r\n    記載（如附件）。\r\n二、依刑事訴訟法第449條第1項前段、第454條第2項，刑法第\r\n    284條第1項、第41條第1項前段、第74條第1項第1款、第2項\r\n    第3款，刑法施行法第1條之1，逕以簡易判決如主文。\r\n中    華    民    國    99    年    4     月    22    日\r\n                  臺灣澎湖地方法院馬公簡易庭\r\n                      法  官  陳介安\r\n以上正本證明與原本無異。\r\n如不服本判決應於收受判決後10日內向本院提出上訴書狀，並應\r\n敘述具體理由；其未敘述上訴理由者，應於上訴期間屆滿後20日\r\n內向本院補提理由書(均須按他造當事人之人數附繕本)「切勿逕\r\n送上級法院」。\r\n中    華    民    國    99    年    4     月    22    日\r\n                      書記官  林長義\r\n附錄本案論罪科刑法條全文：\r\n中華民國刑法第284條第1項：\r\n因過失傷害人者，處6月以下有期徒刑、拘役或5百元以下罰金，\r\n致重傷者，處1年以下有期徒刑、拘役或5百元以下罰金。","type":"判決","historyHash":"","mainText":"甲○○犯過失傷害罪，處有期徒刑肆月，如易科罰金，以新臺幣壹仟元折算壹日，緩刑貳年，並應向乙○○支付新臺幣壹拾萬元，給付方法：自民國九十九年五月十日起至民國一百年二月十日止，於每月十日各給付新臺幣壹萬元。","opinion":"","relatedIssues":[{"lawName":"中華民國刑法","issueRef":"41 1"},{"lawName":"中華民國刑法","issueRef":"74 1 1"},{"lawName":"中華民國刑法","issueRef":"74 2 3"},{"lawName":"中華民國刑法","issueRef":"284 1"},{"lawName":"中華民國刑法","issueRef":"284 1"},{"lawName":"中華民國刑法施行法","issueRef":"1-1"},{"lawName":"刑事訴訟法","issueRef":"449 1"},{"lawName":"刑事訴訟法","issueRef":"454 2"}],"party":[{"group":["plaintiff"],"title":"聲請人","value":"臺灣澎湖地方法院檢察署檢察官"},{"group":["defendant"],"title":"被告","value":"甲○○"}]}
