{"court":"臺灣澎湖地方法院","date":"2014-05-02T00:00:00+08:00","no":"103,馬交簡附民,7","sys":"刑事","reason":"損害賠償","judgement":"臺灣澎湖地方法院刑事裁定　　　　103年度馬交簡附民字第7號\r\n附民原告　　孫美玲\r\n附民被告　　洪麗玲\r\n上列被告因本院103年度馬交簡字第4號過失傷害案件，經原告\r\n提起附帶民事訴訟請求損害賠償。因事件繁雜非經長久之時日不\r\n能終結其審判，應依刑事訴訟法第505條第1項、第504條第1項之\r\n規定將本件附帶民事訴訟移送本院民事庭，特此裁定。\r\n中　　華　　民　　國　　103　　年　　5　　月　　2　　 日\r\n　　　　　　　　　　臺灣澎湖地方法院馬公簡易庭\r\n　　　　　　　　　　　審判長　法　官　陳順輝\r\n　　　　　　　　　　　　　　　法　官　鍾孟容\r\n　　　　　　　　　　　　　　　法　官　陳炫谷\r\n以上正本證明與原本無異。\r\n本裁定不得抗告\r\n中　　華　　民　　國　　103　　年　　5　　月　　2　　 日\r\n　　　　　　　　　　　　　　　書記官　林德盛","type":"裁定","historyHash":"","mainText":"","opinion":"","relatedIssues":[{"lawName":"刑事訴訟法","issueRef":"504 1"},{"lawName":"刑事訴訟法","issueRef":"505 1"}],"party":[{"group":["plaintiff"],"title":"附民原告","value":"孫美玲"},{"group":["defendant"],"title":"附民被告","value":"洪麗玲"}]}
