{"court":"臺灣澎湖地方法院","date":"2008-07-30T00:00:00+08:00","no":"96,簡上,20","sys":"刑事","reason":"違反漁業法","judgement":"臺灣澎湖地方法院刑事判決　　　　　　　96年度簡上字第20號\r\n上　訴　人　臺灣澎湖地方法院檢察署檢察官\r\n被　　　告　甲○○\r\n　　　　　　乙○○\r\n上列被告因違反漁業法案件，上訴人不服本院馬公簡易庭96年度\r\n馬簡字第105號第一審判決（聲請簡易判決處刑書案號：96年度\r\n速偵字第43號），提起上訴，本院合議庭為第二審判決如下：\r\n    主    文\r\n上訴駁回。\r\n    事實及理由\r\n一、本件犯罪事實、證據及應適用之法條，除被告非法電捕魚類\r\n    之時間係「晚上」7時，應予更正外，餘均引用檢察官簡易\r\n    判決處刑書及第一審簡易判決書之記載。\r\n二、原審斟酌被告犯罪之動機、目的、手段及犯後已另謀他就，\r\n    應無再犯之虞等情，因之適用漁業法第60條第1項、第48條\r\n    第1項第3款、第68條前段、刑法第11條、第41條第1項前段\r\n    、刑法施行法第1條之1之規定，就被告非法電魚部分（關於\r\n    被告違反國家安全法部分，未據上訴，已經確定）各量處被\r\n    告拘役30日，並均分別諭知以新台幣1000元折算1日之易科\r\n    罰金折算標準，且諭知扣案電魚工具1組（含空氣壓縮機1台\r\n    及電纜線、空氣軟管連接有電槍、蛙鏡、呼吸器及潛水探照\r\n    燈等1組）沒收，並與已確定部分定其應執行刑為各拘役40\r\n    日及以新台幣1000元折算1日之易科罰金折算標準，認事用\r\n    法，均無不當，量刑亦稱妥適。上訴人上訴略以原判決就電\r\n    魚部分量刑過輕，請求撤銷原判決，為無理由，應予駁回。\r\n三、依刑事訴訟法第454條第2項、第455條之1第1項、第3項、第\r\n    373條、第368條，判決如主文。\r\n本案經檢察官丙○○到庭執行職務。\r\n中　　華　　民　　國　　97　　年　　7　月　　30　　日\r\n                  刑事庭  審判長法  官  管安露\r\n                                法  官  李宛玲\r\n                                法  官  陳順輝\r\n以上正本係照原本作成。\r\n本判決不得上訴。\r\n中　　華　　民　　國　　97　　年　　7　月　　30　　日\r\n                                書記官  王耀煌\r\n","type":"判決","historyHash":"8fc68d9ea90cc0b4fd1b356ef11b19d4","mainText":"上訴駁回。","opinion":"","relatedIssues":[{"lawName":"中華民國刑法","issueRef":"11"},{"lawName":"中華民國刑法","issueRef":"41 1"},{"lawName":"中華民國刑法施行法","issueRef":"1-1"},{"lawName":"刑事訴訟法","issueRef":"368"},{"lawName":"刑事訴訟法","issueRef":"373"},{"lawName":"刑事訴訟法","issueRef":"454 2"},{"lawName":"刑事訴訟法","issueRef":"455-1 1"},{"lawName":"刑事訴訟法","issueRef":"455-1 3"},{"lawName":"漁業法","issueRef":"48 1 3"},{"lawName":"漁業法","issueRef":"60 1"},{"lawName":"漁業法","issueRef":"68"}],"party":[{"group":["plaintiff"],"title":"上訴人","value":"臺灣澎湖地方法院檢察署檢察官"},{"group":["defendant"],"title":"被告","value":"甲○○"},{"group":["defendant"],"title":"被告","value":"乙○○"}]}
