{"court":"臺灣澎湖地方法院","date":"2013-01-08T00:00:00+08:00","no":"101,訴,45","sys":"刑事","reason":"毒品危害防制條例","judgement":"臺灣澎湖地方法院刑事裁定　　　　　　　 101年度訴字第45號\r\n公　訴　人　臺灣澎湖地方法院檢察署檢察官\r\n被　　　告　夏文盛\r\n指定辯護人\r\n本院公設辯護人　張寅煥　\r\n上列被告因毒品危害防制條例案件，本院裁定如下：\r\n    主  文\r\n本件同意由當事人進行協商程序，並由受命法官獨任進行之。\r\n    理  由\r\n一、本件被告夏文盛所犯係死刑、無期徒刑、最輕本刑為三年以\r\n    上有期徒刑以外之罪，公訴人於準備程序中聲請進行協商程\r\n    序，經法官告知協商程序之旨，並聽取公訴人、被告及辯護\r\n    人之意見後，本院同意當事人進行協商程序，不適用刑事訟\r\n    訴法第284條之1之規定，應由受命法官獨任進行協商程序。\r\n二、依刑事訴訟法第455條之2第1項，裁定如主文。\r\n中    華    民    國   102    年    1     月    8     日\r\n\r\n                  刑事庭  審判長法  官  陳順輝\r\n                                法  官  孫健智\r\n                                法  官  蔡政佑\r\n以上正本證明與原本無異。\r\n本裁定不得抗告。                   \r\n中    華    民    國   102    年    1     月    8     日\r\n\r\n                                書記官  莊茹茵","type":"裁定","historyHash":"","mainText":"本件同意由當事人進行協商程序，並由受命法官獨任進行之。","opinion":"理  由\n一、本件被告夏文盛所犯係死刑、無期徒刑、最輕本刑為三年以上有期徒刑以外之罪，公訴人於準備程序中聲請進行協商程序，經法官告知協商程序之旨，並聽取公訴人、被告及辯護人之意見後，本院同意當事人進行協商程序，不適用刑事訟訴法第284條之1之規定，應由受命法官獨任進行協商程序。\n二、依刑事訴訟法第455條之2第1項，裁定如主文。","relatedIssues":[{"lawName":"刑事訴訟法","issueRef":"455-2 1"}],"party":[{"group":["plaintiff"],"title":"公訴人","value":"臺灣澎湖地方法院檢察署檢察官"},{"group":["plaintiff","agentAdLitem","lawyer"],"title":"被告指定辯護人","value":"夏文盛"},{"group":["plaintiff","agentAdLitem","lawyer"],"title":"本院公設辯護人","value":"張寅煥"}]}
