{"court":"臺灣澎湖地方法院","date":"2008-09-10T00:00:00+08:00","no":"97,馬簡,90","sys":"刑事","reason":"違反台灣地區與大陸地區人民關係條例等","judgement":"臺灣澎湖地方法院刑事簡易判決　　　　　97年度馬簡字第90號\r\n聲　請　人　臺灣澎湖地方法院檢察署檢察官\r\n被　　　告　甲○○\r\n上列被告因違反台灣地區與大陸地區人民關係條例等案件，經檢\r\n察官聲請以簡易判決處刑（97年度偵字第593號），本院判決如\r\n下：\r\n    主      文\r\n甲○○共同犯漁業法第六十一條之違反禁止事項罪，處拘役參拾\r\n日，如易科罰金，以新臺幣壹仟元折算壹日，扣案滾輪網具壹件\r\n、漁獲拍賣所得之價金新臺幣捌佰玖拾陸元均沒收；又犯臺灣地\r\n區與大陸地區人民關係條例第八十三條第一項之非法僱用罪，處\r\n拘役貳拾日，如易科罰金，以新臺幣壹仟元折算壹日；應執行拘\r\n役肆拾日，如易科罰金，以新臺幣壹仟元折算壹日，扣案滾輪網\r\n具壹件、漁獲拍賣所得之價金新臺幣捌佰玖拾陸元均沒收。\r\n    事實及理由\r\n一、本件犯罪事實、證據、應適用法條，均引用檢察官聲請簡易\r\n    判決處刑書之記載（如附件）。\r\n二、依刑事訴訟法第449條第1項前段、第450條第1項、第454條\r\n    第2項，漁業法第61條、第68條，臺灣地區與大陸地區人民\r\n    關係條例第83條第1項，刑法第11條、第28條、第41條第1項\r\n    前段、第51條第6款，逕以簡易判決如主文。\r\n中　　華　　民　　國　　97　　年　　9 　　月　　10　　日\r\n                  臺灣澎湖地方法院馬公簡易庭\r\n                      法　官　陳介安\r\n以上正本證明與原本無異。\r\n如不服本件判決，得自收受送達之日起10日內，表明上訴理由，\r\n向本庭（澎湖縣馬公市西文里西文澳310號）提起上訴狀（須附\r\n繕本）。\r\n中　　華　　民　　國　　97　　年　　9 　　月　　10　　日\r\n                      書記官　林長義\r\n附錄本案論罪科刑法條全文：\r\n漁業法第44條第3款：\r\n主管機關為資源管理及漁業結構調整，得以公告規定左列事項：\r\n三、漁具、漁法之限制或禁止。\r\n漁業法第61條：\r\n違反主管機關依第44條第3款所為之公告事項者，處6月以下有期\r\n徒刑、拘役或科或併科新臺幣3萬元以下罰金。\r\n臺灣地區與大陸地區人民關係條例第15條第4款：\r\n下列行為不得為之：\r\n四、僱用或留用大陸地區人民在臺灣地區從事未經許可或與許可\r\n    範圍不符之工作。\r\n臺灣地區與大陸地區人民關係條例第83條第1項：\r\n違反第15條第4款或第5款規定者，處2年以下有期徒刑、拘役或\r\n科或併科新臺幣30萬元以下罰金。","type":"判決","historyHash":"","mainText":"甲○○共同犯漁業法第六十一條之違反禁止事項罪，處拘役參拾日，如易科罰金，以新臺幣壹仟元折算壹日，扣案滾輪網具壹件、漁獲拍賣所得之價金新臺幣捌佰玖拾陸元均沒收；又犯臺灣地區與大陸地區人民關係條例第八十三條第一項之非法僱用罪，處拘役貳拾日，如易科罰金，以新臺幣壹仟元折算壹日；應執行拘役肆拾日，如易科罰金，以新臺幣壹仟元折算壹日，扣案滾輪網具壹件、漁獲拍賣所得之價金新臺幣捌佰玖拾陸元均沒收。","opinion":"","relatedIssues":[{"lawName":"中華民國刑法","issueRef":"11"},{"lawName":"中華民國刑法","issueRef":"28"},{"lawName":"中華民國刑法","issueRef":"41 1"},{"lawName":"中華民國刑法","issueRef":"51 1 6"},{"lawName":"刑事訴訟法","issueRef":"449 1"},{"lawName":"刑事訴訟法","issueRef":"450 1"},{"lawName":"刑事訴訟法","issueRef":"454 2"},{"lawName":"漁業法","issueRef":"44 1 3"},{"lawName":"漁業法","issueRef":"61"},{"lawName":"漁業法","issueRef":"61"},{"lawName":"漁業法","issueRef":"61"},{"lawName":"漁業法","issueRef":"68"},{"lawName":"臺灣地區與大陸地區人民關係條例","issueRef":"15 1 4"},{"lawName":"臺灣地區與大陸地區人民關係條例","issueRef":"83 1"},{"lawName":"臺灣地區與大陸地區人民關係條例","issueRef":"83 1"},{"lawName":"臺灣地區與大陸地區人民關係條例","issueRef":"83 1"}],"party":[{"group":["plaintiff"],"title":"聲請人","value":"臺灣澎湖地方法院檢察署檢察官"},{"group":["defendant"],"title":"被告","value":"甲○○"}]}
