{"court":"臺灣澎湖地方法院","date":"2016-10-03T00:00:00+08:00","no":"105,馬簡,96","sys":"刑事","reason":"詐欺","judgement":"臺灣澎湖地方法院刑事簡易判決　　　　 105年度馬簡字第96號\r\n聲　請　人　臺灣澎湖地方法院檢察署檢察官\r\n被　　　告　陳珮瑜\r\n上列被告因詐欺案件，經檢察官聲請以簡易判決處刑（105年度\r\n偵字第396號），本院判決如下：\r\n    主      文\r\n陳珮瑜幫助犯詐欺取財罪，處有期徒刑參月，如易科罰金，以新\r\n臺幣壹仟元折算壹日。\r\n    事實及理由\r\n一、本件犯罪事實、證據、應適用法條，均引用檢察官聲請簡易\r\n    判決處刑書之記載(如附件)。\r\n二、依刑事訴訟法第449條第1項前段、第3項、第454條第2項，\r\n    刑法第30條第1項前段、第2項、第339條第1項、第55條、第\r\n    41條第1項前段，刑法施行法第1條之1第1項，逕以簡易判決\r\n    處如主文所示之刑。\r\n三、如不服本判決應於收受判決後10日內向本院提出上訴書狀，\r\n    並應敘述具體理由；其未敘述上訴理由者，應於上訴期間屆\r\n    滿後20日內向本院補提理由書（均須按他造當事人之人數附\r\n    繕本）「切勿逕送上級法院」。\r\n中    華    民    國   105    年    10    月    3     日\r\n                  臺灣澎湖地方法院馬公簡易庭\r\n                      法  官  王政揚\r\n以上正本證明與原本無異。\r\n中    華    民    國   105    年    10    月    3     日\r\n\r\n                      書記官  王耀煌\r\n\r\n附錄本案論罪科刑法條全文：\r\n中華民國刑法第339條：\r\n意圖為自己或第三人不法之所有，以詐術使人將本人或第三人之\r\n物交付者，處5年以下有期徒刑、拘役或科或併科50萬元以下罰\r\n金。\r\n以前項方法得財產上不法之利益或使第三人得之者，亦同。\r\n前二項之未遂犯罰之。","type":"判決","historyHash":"","mainText":"陳珮瑜幫助犯詐欺取財罪，處有期徒刑參月，如易科罰金，以新臺幣壹仟元折算壹日。","opinion":"","relatedIssues":[{"lawName":"中華民國刑法","issueRef":"30 1"},{"lawName":"中華民國刑法","issueRef":"30 2"},{"lawName":"中華民國刑法","issueRef":"41 1"},{"lawName":"中華民國刑法","issueRef":"55"},{"lawName":"中華民國刑法","issueRef":"339"},{"lawName":"中華民國刑法","issueRef":"339 1"},{"lawName":"中華民國刑法施行法","issueRef":"1-1 1"},{"lawName":"刑事訴訟法","issueRef":"449 1"},{"lawName":"刑事訴訟法","issueRef":"449 3"},{"lawName":"刑事訴訟法","issueRef":"454 2"}],"party":[{"group":["plaintiff"],"title":"聲請人","value":"臺灣澎湖地方法院檢察署檢察官"},{"group":["defendant"],"title":"被告","value":"陳珮瑜"}]}
