{"court":"臺灣澎湖地方法院","date":"2010-12-14T00:00:00+08:00","no":"99,馬交簡,228","sys":"刑事","reason":"公共危險","judgement":"臺灣澎湖地方法院刑事簡易判決　　　 99年度馬交簡字第228號\r\n聲　請　人　臺灣澎湖地方法院檢察署檢察官\r\n被　　　告　林重福\r\n上列被告因公共危險案件，經檢察官聲請以簡易判決處刑（99年\r\n度偵字第820號），本院判決如下：\r\n    主      文\r\n林重福服用酒類，不能安全駕駛動力交通工具而駕駛，處罰金新\r\n臺幣伍萬元，如易服勞役，以新臺幣壹仟元折算壹日。\r\n    事實及理由\r\n一、本件犯罪事實、證據、應適用法條，除證據部分關於「酒精\r\n    濃度測試單」之記載，應更正為「三軍總醫院澎湖分院血中\r\n    酒精濃度檢驗報告、酒精濃度含量換算公式」外，其餘均引\r\n    用檢察官聲請簡易判決處刑書之記載(如附件)。\r\n二、依刑事訴訟法第449條第1項前段，第454條第2項，刑法第18\r\n    5條之3、第42條第3項，逕以簡易判決處如主文所示之刑。\r\n中    華    民    國    99    年    12    月    14    日\r\n                  臺灣澎湖地方法院馬公簡易庭\r\n                      法  官  陳介安\r\n以上正本證明與原本無異。\r\n如不服本判決應於收受判決後10日內向本院提出上訴書狀，並應\r\n敘述具體理由；其未敘述上訴理由者，應於上訴期間屆滿後20日\r\n內向本院補提理由書(均須按他造當事人之人數附繕本)「切勿逕\r\n送上級法院」。\r\n中    華    民    國    99    年    12    月    14    日\r\n                      書記官  林長義\r\n附錄本案論罪科刑法條全文：\r\n刑法第185條之3：\r\n服用毒品、麻醉藥品、酒類或其他相類之物，不能安全駕駛動力\r\n交通工具而駕駛者，處1年以下有期徒刑、拘役或科或併科15萬\r\n元以下罰金。","type":"判決","historyHash":"","mainText":"林重福服用酒類，不能安全駕駛動力交通工具而駕駛，處罰金新臺幣伍萬元，如易服勞役，以新臺幣壹仟元折算壹日。","opinion":"","relatedIssues":[{"lawName":"中華民國刑法","issueRef":"42 3"},{"lawName":"中華民國刑法","issueRef":"185-3"},{"lawName":"中華民國刑法","issueRef":"185-3"},{"lawName":"刑事訴訟法","issueRef":"449 1"},{"lawName":"刑事訴訟法","issueRef":"454 2"}],"party":[{"group":["plaintiff"],"title":"聲請人","value":"臺灣澎湖地方法院檢察署檢察官"},{"group":["defendant"],"title":"被告","value":"林重福"}]}
