{"court":"臺灣澎湖地方法院","date":"2010-07-12T00:00:00+08:00","no":"99,交訴,1","sys":"刑事","reason":"過失致死","judgement":"臺灣澎湖地方法院刑事判決　　　　　　　 99年度交訴字第1號\r\n公　訴　人　臺灣澎湖地方法院檢察署檢察官\r\n被　　　告　甲○○○\r\n　　　　　　乙○○\r\n上列被告因過失致死案件，經檢察官提起公訴（98年度偵字第\r\n800號）後，檢察官聲請改依協商程序而為判決，本院判決如下\r\n：\r\n    主  文\r\n甲○○○因過失致人於死，處有期徒刑參月，如易科罰金，以新\r\n台幣壹仟元折算壹日，緩刑貳年。\r\n乙○○因過失致人於死，處有期徒刑陸月，如易科罰金，以新台\r\n幣壹仟元折算壹日，緩刑貳年。\r\n    事實及理由\r\n一、本件犯罪事實、證據及應適用之法條，除被告乙○○渉犯過\r\n    失傷害罪嫌部分，業經告訴人甲○○○於本院準備程序中當\r\n    庭撤回告訴，因公訴人認此部分與被告乙○○另犯之過失致\r\n    死罪，有想像競合犯之裁判上一罪關係，爰不另為公訴不受\r\n    理之諭知外，餘均引用起訴書之記載（如附件）。\r\n二、本件經檢察官與被告於審判外達成協商之合意且被告已認罪\r\n    ，其合意內容係被告願各受如主文所示之刑。經查，上開協\r\n    商合意並無刑事訴訟法第455條之4第1項所列情形之一，檢\r\n    察官聲請改依協商程序而為判決，本院爰不經言詞辯論，於\r\n    協商合意範圍內為協商判決。\r\n三、依刑事訴訟法第284條之1、第455條之4第2項，刑法第276條\r\n    第1項、第41條第1項前段、第74條第1項第1款，刑法施行法\r\n    第1條之1，判決如主文。\r\n四、本判決除有刑事訴訟法第455條之4第1項第1款、第2款、第4\r\n    款、第6款、第7款所定情形之一，或違反同條第2項規定者\r\n    外，不得上訴。\r\n中    華    民    國    99    年    7     月    12    日\r\n                        刑事庭  法  官  陳順輝\r\n以上正本證明與原本無異。\r\n本判決除有刑事訴訟法第455條之4第1項第1款、第2款、第4款、\r\n第6款、第7款所定情形之一，或違反同條第2款規定者外，不得\r\n上訴。\r\n如有得上訴之情形，應於收受判決後10日內向本院提出上訴書狀\r\n，並應敘述具體理由；其未敘述上訴理由者，應於上訴期間屆滿\r\n後20日內向本院補提理由書（均須按他造當事人之人數附繕本）\r\n「切勿逕送上級法院」。\r\n中    華    民    國    99    年    7     月    12    日\r\n                                書記官  王耀煌","type":"判決","historyHash":"","mainText":"甲○○○因過失致人於死，處有期徒刑參月，如易科罰金，以新台幣壹仟元折算壹日，緩刑貳年。\n乙○○因過失致人於死，處有期徒刑陸月，如易科罰金，以新台幣壹仟元折算壹日，緩刑貳年。","opinion":"二、本件經檢察官與被告於審判外達成協商之合意且被告已認罪，其合意內容係被告願各受如主文所示之刑。經查，上開協商合意並無刑事訴訟法第455條之4第1項所列情形之一，檢察官聲請改依協商程序而為判決，本院爰不經言詞辯論，於協商合意範圍內為協商判決。\n三、依刑事訴訟法第284條之1、第455條之4第2項，刑法第276條第1項、第41條第1項前段、第74條第1項第1款，刑法施行法第1條之1，判決如主文。\n四、本判決除有刑事訴訟法第455條之4第1項第1款、第2款、第4款、第6款、第7款所定情形之一，或違反同條第2項規定者外，不得上訴。","relatedIssues":[{"lawName":"中華民國刑法","issueRef":"41 1"},{"lawName":"中華民國刑法","issueRef":"74 1 1"},{"lawName":"中華民國刑法","issueRef":"276 1"},{"lawName":"中華民國刑法施行法","issueRef":"1-1"},{"lawName":"刑事訴訟法","issueRef":"284-1"},{"lawName":"刑事訴訟法","issueRef":"455-4 1"},{"lawName":"刑事訴訟法","issueRef":"455-4 1 1"},{"lawName":"刑事訴訟法","issueRef":"455-4 1 1"},{"lawName":"刑事訴訟法","issueRef":"455-4 1 2"},{"lawName":"刑事訴訟法","issueRef":"455-4 1 2"},{"lawName":"刑事訴訟法","issueRef":"455-4 1 2"},{"lawName":"刑事訴訟法","issueRef":"455-4 1 4"},{"lawName":"刑事訴訟法","issueRef":"455-4 1 4"},{"lawName":"刑事訴訟法","issueRef":"455-4 1 6"},{"lawName":"刑事訴訟法","issueRef":"455-4 1 6"},{"lawName":"刑事訴訟法","issueRef":"455-4 1 7"},{"lawName":"刑事訴訟法","issueRef":"455-4 1 7"},{"lawName":"刑事訴訟法","issueRef":"455-4 2"},{"lawName":"刑事訴訟法","issueRef":"455-4 2"}],"party":[{"group":["plaintiff"],"title":"公訴人","value":"臺灣澎湖地方法院檢察署檢察官"},{"group":["defendant"],"title":"被告","value":"甲○○○"},{"group":["defendant"],"title":"被告","value":"乙○○"}]}
