{"court":"臺灣澎湖地方法院","date":"2014-02-26T00:00:00+08:00","no":"102,訴,51","sys":"刑事","reason":"毒品危害防制條例","judgement":"臺灣澎湖地方法院刑事裁定　　　　　　　 102年度訴字第51號\r\n公　訴　人　臺灣澎湖地方法院檢察署檢察官\r\n被　　　告　洪○○\r\n選任辯護人　劉家宏律師\r\n上列被告因毒品危害防制條例案件，經檢察官提起公訴（102 年度\r\n偵字第513號、第648號），本院裁定如下：\r\n    主  文\r\n洪○○自民國壹佰零參年參月貳日起延長羈押貳月。\r\n    理  由\r\n被告洪○○因毒品危害防制條例案件，經本院認有刑事訴訟法第\r\n101 條第1 項第1 款、第3 款之情形而有羈押必要，於民國102 \r\n年12月2 日執行羈押在案。茲本院於103 年2 月25日訊問被告洪\r\n柏徑後，認上開羈押原因依然存在，仍有繼續羈押之必要，應自\r\n103 年3 月2 日起延長羈押2 月。爰依刑事訴訟法第108 條第1 \r\n項，裁定如主文。\r\n中    華    民    國    103    年    2    月    26    日\r\n                  刑事庭  審判長法  官  陳順輝\r\n                                法  官  鍾孟容\r\n                                法  官  蔡政佑\r\n以上正本證明與原本無異。\r\n如不服本裁定，應於裁定送達之翌日起5日內，向本院提出抗告\r\n狀（須附繕本）。\r\n中    華    民    國    103    年    2    月    26    日\r\n\r\n                                書記官  莊茹茵","type":"裁定","historyHash":"f7f2fd9cc73f9732da4aaaa63d445987","mainText":"洪○○自民國壹佰零參年參月貳日起延長羈押貳月。","opinion":"理  由\n被告洪○○因毒品危害防制條例案件，經本院認有刑事訴訟法第101 條第1 項第1 款、第3 款之情形而有羈押必要，於民國102 年12月2 日執行羈押在案。茲本院於103 年2 月25日訊問被告洪柏徑後，認上開羈押原因依然存在，仍有繼續羈押之必要，應自103 年3 月2 日起延長羈押2 月。爰依刑事訴訟法第108 條第1 項，裁定如主文。","relatedIssues":[{"lawName":"刑事訴訟法","issueRef":"101 1 1"},{"lawName":"刑事訴訟法","issueRef":"101 1 3"},{"lawName":"刑事訴訟法","issueRef":"108 1"}],"party":[{"group":["plaintiff"],"title":"公訴人","value":"臺灣澎湖地方法院檢察署檢察官"},{"group":["defendant"],"title":"被告","value":"洪○○"},{"group":["defendant","agentAdLitem","lawyer"],"title":"選任辯護人","value":"劉家宏律師"}]}
