{"court":"臺灣澎湖地方法院","date":"2017-11-07T00:00:00+08:00","no":"106,馬簡,119","sys":"刑事","reason":"妨害公務等","judgement":"臺灣澎湖地方法院刑事簡易判決　　　　106年度馬簡字第119號\r\n聲　請　人　臺灣澎湖地方法院檢察署檢察官\r\n被　　　告　莊國顯\r\n上列被告因妨害公務案件，經檢察官聲請以簡易判決處刑（106\r\n年度偵字第379號），本院判決如下：\r\n    主      文\r\n許明志犯妨害公務執行罪，處拘役參拾日，如易科罰金，以新臺\r\n幣壹仟元折算壹日。\r\n    事實及理由\r\n一、本件犯罪事實、證據、應適用法條，均引用檢察官聲請簡易\r\n    判決處刑書之記載(如附件)：\r\n二、本件被告莊國顯持以妨害公務之廢棄舊機車殼，雖為被告所\r\n    有並供本件犯罪所用之物，惟未扣案，本院衡酌該舊機車殼\r\n    並非違禁物，為避免日後為執行沒收或追徵價額而過度耗費\r\n    司法資源，爰不予宣告沒收，附此敘明。\r\n三、依刑事訴訟法第449條第1項前段、第3項、第454條第2項，\r\n    刑法135條第1項、第305條、第55條、第41條第1項前段，刑\r\n    法施行法第1條之1第1項、第2項前段，逕以簡易判決處如主\r\n    文所示之刑。\r\n四、本判決係依刑事訴訟法第451條之1之請求所為之科刑判決，\r\n    依同法第455條之1第2項之規定，不得上訴。\r\n中    華    民    國   106    年    11    月    7     日\r\n                  臺灣澎湖地方法院馬公簡易庭\r\n                      法  官  王政揚\r\n以上正本證明與原本無異。\r\n中    華    民    國   106    年    11    月    7     日\r\n                      書記官  林映君\r\n附錄本案論罪科刑法條全文：\r\n中華民國刑法第135條第1項：\r\n對於公務員依法執行職務時，施強暴脅迫者，處3年以下有期徒\r\n刑、拘役或3百元以下罰金。\r\n中華民國刑法第305條：\r\n以加害生命、身體、自由、名譽、財產之事，恐嚇他人致生危害\r\n於安全者，處2年以下有期徒刑、拘役或3百元以下罰金。","type":"判決","historyHash":"","mainText":"許明志犯妨害公務執行罪，處拘役參拾日，如易科罰金，以新臺幣壹仟元折算壹日。","opinion":"","relatedIssues":[{"lawName":"中華民國刑法","issueRef":"41 1"},{"lawName":"中華民國刑法","issueRef":"55"},{"lawName":"中華民國刑法","issueRef":"135 1"},{"lawName":"中華民國刑法","issueRef":"135 1"},{"lawName":"中華民國刑法","issueRef":"305"},{"lawName":"中華民國刑法","issueRef":"305"},{"lawName":"中華民國刑法施行法","issueRef":"1-1 1"},{"lawName":"中華民國刑法施行法","issueRef":"1-1 2"},{"lawName":"刑事訴訟法","issueRef":"449 1"},{"lawName":"刑事訴訟法","issueRef":"449 3"},{"lawName":"刑事訴訟法","issueRef":"451-1"},{"lawName":"刑事訴訟法","issueRef":"454 2"},{"lawName":"刑事訴訟法","issueRef":"455-1 2"}],"party":[{"group":["plaintiff"],"title":"聲請人","value":"臺灣澎湖地方法院檢察署檢察官"},{"group":["defendant"],"title":"被告","value":"莊國顯"}]}
