{"court":"臺灣澎湖地方法院","date":"2013-02-20T00:00:00+08:00","no":"101,馬簡,184","sys":"刑事","reason":"詐欺","judgement":"臺灣澎湖地方法院刑事簡易判決　　　　101年度馬簡字第184號\r\n聲　請　人　臺灣澎湖地方法院檢察署檢察官\r\n被　　　告　王月眉　女　28歲（民國00年00月00日生）\r\n上列被告因詐欺案件，經檢察官聲請以簡易判決處刑（101年度\r\n偵字第649號），本院判決如下：\r\n    主      文\r\n王月眉犯詐欺取財罪，處拘役拾日，如易科罰金，以新臺幣壹仟\r\n元折算壹日。\r\n    事實及理由\r\n一、本件犯罪事實、證據、應適用法條，均引用檢察官聲請簡易\r\n    判決處刑書之記載（如附件）。\r\n二、爰審酌被告未曾有犯罪科刑紀錄，有臺灣高等法院被告前案\r\n    紀錄表1紙附卷可稽，素行尚佳。惟被告未念及告訴人鄭Ｏ\r\n    Ｏ係其同學之母，竟為圖私利而佯稱欲出租房屋與告訴人，\r\n    以詐取錢財，且犯後未能坦承全部犯行，迄今未與告訴人達\r\n    成民事和解及賠償告訴人損失，犯後態度不佳，兼衡其犯罪\r\n    動機、手段、智識程度為高職畢業、犯罪所得為新臺幣1千\r\n    元，尚非甚鉅等一切情狀，爰量處如主文所示之刑，並諭知\r\n    易科罰金之折算標準，望被告經此科刑教訓，日後能律己言\r\n    行，勿再觸犯法律。\r\n三、依刑事訴訟法第449條第1項前段、第454條第2項，刑法第\r\n    339條第1項、第41條第1項前段，刑法施行法第1條之1，逕\r\n    以簡易判決處如主文所示之刑。\r\n四、如不服本判決應於收受判決後10日內向本院提出上訴書狀，\r\n    並應敘述具體理由；其未敘述上訴理由者，應於上訴期間屆\r\n    滿後20日內向本院補提理由書(均須按他造當事人之人數附\r\n    繕本)「切勿逕送上級法院」。\r\n\r\n中    華    民    國  102    年    2    月     20     日\r\n\r\n                  臺灣澎湖地方法院馬公簡易庭\r\n\r\n                      法  官  鍾孟容\r\n\r\n以上正本證明與原本無異。\r\n\r\n中    華    民    國  102    年    2    月     20     日\r\n\r\n                      書記官  呂日治\r\n\r\n附錄本案論罪科刑法條全文：\r\n中華民國刑法第339條第1項：\r\n意圖為自己或第三人不法之所有，以詐術使人將本人或第三人之\r\n物交付者，處5年以下有期徒刑、拘役或科或併科1千元以下罰金\r\n。","type":"判決","historyHash":"","mainText":"王月眉犯詐欺取財罪，處拘役拾日，如易科罰金，以新臺幣壹仟元折算壹日。","opinion":"","relatedIssues":[{"lawName":"中華民國刑法","issueRef":"41 1"},{"lawName":"中華民國刑法","issueRef":"339 1"},{"lawName":"中華民國刑法","issueRef":"339 1"},{"lawName":"中華民國刑法施行法","issueRef":"1-1"},{"lawName":"刑事訴訟法","issueRef":"449 1"},{"lawName":"刑事訴訟法","issueRef":"454 2"}],"party":[{"group":["plaintiff"],"title":"聲請人","value":"臺灣澎湖地方法院檢察署檢察官"},{"group":["defendant"],"title":"被告","value":"王月眉"}]}
