{"court":"臺灣澎湖地方法院","date":"2009-04-30T00:00:00+08:00","no":"98,訴,7","sys":"刑事","reason":"偽造文書等","judgement":"臺灣澎湖地方法院刑事裁定　　　　　　　　 98年度訴字第7號\r\n公訴人　 臺灣澎湖地方法院檢察署檢察官\r\n被　告　 甲○○○\r\n上列被告因偽造文書等案件，本院裁定如下：\r\n    主  文\r\n本件由受命法官獨任進行簡式審判程序。\r\n    理  由\r\n一、本件被告甲○○○所犯係死刑、無期徒刑、最輕本刑為3年\r\n    以上有期徒刑以外之罪，其於準備程序中就被訴事實為有罪\r\n    之陳述，經法官告知簡式審判程序之旨，並聽取公訴人、被\r\n    告之意見後，本院認為適宜由受命法官獨任進行簡式審判程\r\n    序。\r\n二、依刑事訴訟法第273條之1第1項，裁定如主文。\r\n中　　華　　民　　國　　98　　年　　4 　　月　　30　　日\r\n　　　　　　　　　刑事庭  審判長法　官　管安露\r\n                                法  官  李宛玲\r\n                                法  官  陳順輝\r\n以上正本係照原本作成。\r\n本裁定不得抗告。\r\n中　　華　　民　　國　　98　　年　　4 　　月　　30　　日\r\n　　　　　　　　　              書記官　王耀煌","type":"裁定","historyHash":"","mainText":"本件由受命法官獨任進行簡式審判程序。","opinion":"理  由\n一、本件被告甲○○○所犯係死刑、無期徒刑、最輕本刑為3年以上有期徒刑以外之罪，其於準備程序中就被訴事實為有罪之陳述，經法官告知簡式審判程序之旨，並聽取公訴人、被告之意見後，本院認為適宜由受命法官獨任進行簡式審判程序。\n二、依刑事訴訟法第273條之1第1項，裁定如主文。","relatedIssues":[{"lawName":"刑事訴訟法","issueRef":"273-1 1"}],"party":[{"group":["plaintiff"],"title":"公訴人","value":"臺灣澎湖地方法院檢察署檢察官"},{"group":["defendant"],"title":"被告","value":"甲○○○"}]}
