{"court":"臺灣澎湖地方法院","date":"2016-01-19T00:00:00+08:00","no":"104,軍訴,1","sys":"刑事","reason":"妨害性自主罪","judgement":"臺灣澎湖地方法院刑事判決　　　　　　　104年度軍訴字第1號\r\n公　訴　人　臺灣澎湖地方法院檢察署檢察官\r\n被　　　告　朱畇菲（原名朱○志）\r\n選任辯護人　張清雄律師\r\n　　　　　　廖傑驊律師\r\n上列被告因妨害性自主罪案件，經檢察官提起公訴（103年度偵\r\n字第321號），本院判決如下：\r\n    主  文\r\n乙○○無罪。\r\n    理  由\r\n一、公訴意旨略以：被告乙○○係現役軍人，前於民國100年12\r\n    月間某日，利用自身在陸軍澎湖防衛指揮部反裝甲連（下稱\r\n    澎防部反裝甲連）擔任上士副排長之職務，趁該連下士即代\r\n    號Ｃ1之成年女子（下稱甲○，真實姓名年籍均詳卷）甫下\r\n    部隊不知如何拒絕長官不當邀約之機會，假藉談論公事為由\r\n    ，要求甲○於該日22時之後至副排長寢室內聊天，被告隨即\r\n    取出紅酒及威士忌酒邀甲○一同飲用，酒酣耳熱之後，於同\r\n    日近24時許，被告見甲○已有意離去，竟基於強制性交之犯\r\n    意，強將甲○拉回床邊，甲○問被告是否喝醉了，被告回答\r\n    ：「沒有」，並欲強吻甲○，甲○即推被告並反抗，告訴被\r\n    告：「不可以這樣。」被告即將甲○推倒並壓制在床上，旋\r\n    以單手摀住甲○嘴巴使其無法發聲求救，另一手試圖脫下甲\r\n    ○所著運動長褲，甲○不從並拉住褲子，被告即以違反甲○\r\n    意願之強暴方式，強行脫下甲○之運動褲及內褲，發現甲○\r\n    墊衛生棉後，則對甲○說：「妳月經來，妳男朋友沒試過闖\r\n    紅燈？很刺激喔！」並迅速脫下自身所穿短褲及內褲，不顧\r\n    甲○仍在生理期間，強以其陰莖插入甲○之陰道內抽動2、3\r\n    分鐘後始將陰莖抽出甲○陰道而於體外射精，期間甲○抵抗\r\n    無效並哭泣，被告乃以此方式強制性交得逞。而被告得逞後\r\n    即進入該寢室廁所內，甲○乃起身穿回褲子，此際，被告又\r\n    過來抓住甲○之手，並囑咐甲○千萬不能跟任何人講，在甲\r\n    ○點頭應允後，被告始鬆手讓甲○離去。因認被告所為，係\r\n    犯刑法第221條第1項之強制性交罪嫌云云。\r\n二、按犯罪事實應依證據認定之，無證據不得認定犯罪事實；又\r\n    不能證明被告犯罪者，應諭知無罪之判決；刑事訴訟法第15\r\n    4條第2項、第301條第1項分別定有明文。檢察官對於起訴之\r\n    犯罪事實，應負提出證據及說服之實質舉證責任。倘其所提\r\n    出之證據，不足為被告有罪之積極證明，或其指出證明之方\r\n    法，無從說服法院以形成被告有罪之心證者，基於無罪推定\r\n    之原則，自應為被告無罪判決之諭知（最高法院92年台上字\r\n    第128號判例意旨可為參照)。又告訴人之告訴，係以使被告\r\n    受刑事訴追為目的，其陳述是否與事實相符，仍應調查其他\r\n    證據以資審認，亦即須有補強證據以資擔保其陳述之真實性\r\n    ，使不至僅以告訴人之陳述，作為有罪判決之唯一證據。而\r\n    所謂補強證據，則指除該陳述本身之外，其他足以證明犯罪\r\n    事實確具有相當程度真實性之證據而言，且該必要之補強證\r\n    據，須與構成犯罪事實具有關聯性之證據，非僅增強告訴人\r\n    指訴內容之憑信性，是告訴人前後供述是否相符、指述是否\r\n    堅決、有無誣攀他人之可能，其與被告間之交往背景、有無\r\n    重大恩怨糾葛等情，僅足作為判斷告訴人供述是否有瑕疵之\r\n    參考，因仍屬告訴人陳述之範疇，尚不足資為其所述犯罪事\r\n    實之補強證據（最高法院100年度台上字第4968號判決意旨\r\n    參照）。\r\n三、本件公訴人認被告涉犯上開罪嫌，無非係以：(1)被告之供\r\n    述、(2)告訴人甲○於警、偵訊時之指訴、(3)證人即告訴人\r\n    甲○前男友己○○、證人即告訴人甲○同連學姊丁○○之證\r\n    述、(4)高雄市立凱旋醫院104年2月5日高市凱醫成字第0000\r\n    0000000號函暨精神鑑定書等件，為其主要論據。\r\n四、訊據被告堅決否認有何強制性交之犯行，辯稱：案發時雙方\r\n    確實有性交，惟係告訴人甲○自願與其發生關係，當時兩人\r\n    係處於曖昧情形，且發生性關係後，還是有繼續講電話、傳\r\n    簡訊等語。\r\n五、本院查：\r\n  (一)告訴人甲○自100年6月17日軍校畢業並分發至澎防部反裝甲\r\n    連，再歷經分科訓後，同年11月1日又回澎防部反裝甲連服\r\n    役，擔任下士輪型車輛修護士；被告於93年至澎防部反裝甲\r\n    連服役，100年12月間係上士且擔任該連副排長等情，業據\r\n    告訴人甲○、被告、證人丁○○於偵訊、本院審理中陳述明\r\n    確，並有該2人之兵籍資料附卷可稽（見偵卷第11、17頁、\r\n    本院卷第88至89、115、121頁反面、警卷第24頁正反面）。\r\n    則告訴人甲○與被告於100年12月間之本案發生前即已相識\r\n    之事實，應屬明確，可以認定。\r\n  (二)其次，告訴人甲○於案發前即曾與連上學姐等人一同進入過\r\n    被告寢室飲酒、聊天且其等間互動良好，甚且告訴人甲○與\r\n    被告間互有曖昧等情，亦有告訴人甲○於103年4月25日以電\r\n    腦繕打之報告書，其上載明：「11月1日結訓返回部隊，對\r\n    連上的運作都還在熟悉中，平常都跟著學姐(丁○○-4支部\r\n    、高○瑩75群網傳連、許○誼-退伍)學習，並適應連上作息\r\n    ，學姐們跟朱○志【即被告】上士（時任副排長）的感情都\r\n    很好，有一次跟著學姐到朱士營內寢室一起喝紅酒，我以為\r\n    部隊的生活模式就是這樣。」在卷可考（見警卷第19頁），\r\n    並與證人丁○○於本院審理時具結證稱：「（問：請求提示\r\n    澎防部電話調查記錄，103年5月4日10時，你於電話紀錄表\r\n    中說，甲○曾向我說，朱士和她有曖昧，有無說過這句話？\r\n    ）有。」「（問：你在離開連上前，有跟被害人【即甲○】\r\n    一起去被告的辦公室找他聊天、吃飯嗎？）有，但不是單獨\r\n    。」「（問：會喝酒嗎？）他們會喝酒。」「（問：他們是\r\n    誰？）其他人。」「（問：被告和被害人會喝酒嗎？）會。\r\n    」「（問：被告和被害人喝酒都喝到什麼程度？）都喝紅酒\r\n    ，喝一杯至兩杯左右。」「（問：案發前他們大約喝過幾次\r\n    ？）大約有兩次以上。」等語符合（見本院卷第122頁反面\r\n    至第124頁），是此部分事實，亦屬明確，併堪認定。\r\n  (三)關於告訴人甲○就被告如何對其為強制性交之過程，歷次警\r\n    詢、偵查及本院審理時之證述情節，有如下述：\r\n  1.甲○於103年4月25日以電腦繕打之報告書指稱：「發生時間\r\n    約為100年12月底某日晚上2130時，我還在連辦室作業，那\r\n    天學姊們和另一位副排長（胡○○-退伍）都休假，朱士用\r\n    手機連絡我是否還在連上？是否要找他拿體育用品的目錄？\r\n    約2145時我要離開連上回女官寢時，我去敲排副的辦公室外\r\n    門，他從內寢走出到辦公室，說目錄在內寢的桌上，叫我直\r\n    接進去拿，我進去時他也跟著走進去，接著就拿張小板凳叫\r\n    我坐一下，他坐在一張辦公椅上，說我下部隊一個多月了，\r\n    都沒有好好認識我，要跟我聊個天，問我是否適應連上生活\r\n    作息，有沒有遇到什麼問題之類的。他問了一些連上的事情\r\n    ，問我對業務是否習慣？聊到一半，朱士從內務櫃裡拿出一\r\n    瓶不到1/3的紅酒，說這是上次和我們喝剩的，要我把它喝\r\n    掉，接著又拿出一瓶威士忌，說那是他要喝的，我就乖乖地\r\n    聽他的話，邊喝邊聊把酒喝掉，之後我就看到朱士臉紅紅的\r\n    ，我問他是不是醉了？他說沒有，又拿了一張板凳坐在我的\r\n    旁邊，然後他就越講話越靠近我，我嚇到了就起身說很晚了\r\n    ，我要回去女官寢了，他就把我拉住，並被朱士推到床上，\r\n    他開始親我對我上下其手，我那時很害怕，一直說：『不要\r\n    這樣，我有男朋友了！而且你還是個有老婆小孩的人！』他\r\n    之後開始全身壓在我身上，並用手摀住我的嘴，叫我不准出\r\n    聲，我努力掙脫卻沒有辦法推開他，我也嚇到哭了，也真的\r\n    被嚇傻了，他把我的體育褲及內褲用力拉下，看到我月經來\r\n    墊的衛生棉，還說：『妳那個來喔？！妳男朋友難道都沒有\r\n    闖紅燈過嗎？很刺激喔！』，然後他就以生殖器侵入我的身\r\n    體，約2-3分鐘後結束，我馬上穿回褲子要跑走，他就緊摟\r\n    著我的腰，一直不停地說這件事情絕對不能告訴任何人，叫\r\n    我一定要保密，連學姊都不可以說，若說出去要對我不利，\r\n    我當下只想快速離開他寢室，就對他說好，他才讓我離開，\r\n    回到女寢後大約2300時了，我很害怕！」云云（見警卷第19\r\n    至20頁）。\r\n  2.甲○於103年5月14日警詢時陳稱：「事情發生在100年12月\r\n    ，當天晚上於2100時至連辦室作業，朱○志要求我作業完到\r\n    副排長辦公室拿美津濃運動用品的DM，我於2145時到士官長\r\n    寢室，後來他叫我到內寢拿DM，然後他跟我說裡面有一瓶上\r\n    次留下來不到1/3的紅酒，趕快把它喝掉，然後就拿了另一\r\n    罐威士忌說他也要陪我一起喝，又拿一個小板凳叫我坐下，\r\n    要求和我聊天。大約聊到11點多我跟他說：明天還要點名，\r\n    我要先回去了。他就把我拉住，並且用手把我拉到床上，開\r\n    始親我對我上下其手，我那時很害怕的哭了一直跟他說不要\r\n    這樣。他之後用手堵住我的嘴，叫我不准發出聲音，我努力\r\n    掙脫卻沒有辦法把他推開，他把我的褲子及內褲用力拉下，\r\n    然後他就以生殖器侵入我的身體，結束後一直和我說這件事\r\n    不要告訴任何人，叫我一定要保密，連學姐都不可以說」云\r\n    云（見警卷第12至13頁）。\r\n  3.甲○於103年6月25日偵查中具結證稱：「（問：朱○志何時\r\n    何地對你性侵害？）在100年12月時在他的副排長室，我剛\r\n    下部隊一個多月。我11月1日到連上報到，3大主官都找我約\r\n    談，朱○志會揹值星官，剛好在12月時，那時我在辦公室辦\r\n    公，他走進來，我向他要運動用品的目錄，他就說等我辦完\r\n    公去找他拿，我就在晚上9點50分辦完公後，去敲他辦公室\r\n    的門，他就叫我進去辦公室，他說目錄在他的寢室桌上，要\r\n    我自己進去拿。於是我進去後，他也跟我一起進來，他說，\r\n    我下部隊一個多月了，他都沒認識我，約談我，他揹值星官\r\n    所以要認識我，約談我，他想要跟我做個簡單的約談。他就\r\n    拿一張小板凳要我坐在他旁邊，他就跟我聊軍校生活，在連\r\n    上是否適應，不久之後，他就從內務櫃拿出一瓶紅酒，酒剩\r\n    不到1/3，他說這瓶紅酒是我剛到部隊上時，是我們之前與\r\n    學姐到他房間一起喝剩下的，所以他要我把它喝完。他又從\r\n    櫃子拿出一瓶威士忌，他說這是他要喝的，我們邊喝酒邊聊\r\n    天，大概接近12點時，我告訴他，我要回寢室睡覺，我起身\r\n    ，他拉住我的手說，等一下，他還沒跟我聊完，他就用力拉\r\n    著我到他的床上，他就很靠近我跟我說話，我問他是否喝醉\r\n    了，他說沒有，但是他的臉很紅，他說他喝一杯酒臉就會紅\r\n    ，他就開始摟著我的腰，要強吻我，我就推他，我說，不可\r\n    以這樣，我被他嚇到，他當時還是坐在我旁邊，轉身就把我\r\n    壓在床上，也摀著我的嘴，他說不要跟任何人講，也不要發\r\n    出聲音，連學姐也不能講，他就用另一隻手脫我的褲子，我\r\n    拉著褲子，他還是硬脫，我當時穿著運動長褲，他很快就把\r\n    我的長褲及內褲一起脫下來（甲○眼眶泛紅，開始哭泣），\r\n    他也把他的短褲及內褲脫掉，當時他一隻手還是摀著我的嘴\r\n    ，那時我一直哭，他就將他的陽具插入我的陰道內，抽送持\r\n    續2-3分鐘，我一直哭，他起來好像在外面射精，我看到他\r\n    拿衛生紙，衝到寢室廁所，他脫我褲子時，他看到我有墊衛\r\n    生棉，他說，你月經來，你男朋友沒試過闖紅燈？很刺激喔\r\n    ，他講完才開始侵入我的身體」云云（見偵卷第11至12頁）\r\n    。\r\n  4. 甲○於103年10月16日偵查中至高雄市立凱旋醫院接受精神\r\n     鑑定時自陳：案發當日夜間12點多，依被告要求前往被告\r\n     寢室拿取採購目錄，被告拿出約3分之1紅酒，要求其飲用\r\n     ，被告另拿一瓶酒飲用，雙方皆於飲酒情況下聊天，後因\r\n     其表示隔日要早點名要求返回寢室，被告拉住其手並將其\r\n     壓至寢室床上，並摀住其嘴，其有嘗試推開但不行，當時\r\n     雙方皆穿運動服，被告脫其褲子，被告有看到其使用衛生\r\n     棉，仍插入性侵得逞。當下其覺得害怕，被告得逞後自行\r\n     去洗澡，其自行將褲子穿上，要離開寢室時，被告欄住其\r\n     並告知不可將該事告訴他人，其返回寢室沖澡後回到寢室\r\n     一直哭，無法入睡，直至早點名，失眠情況持續數天，很\r\n     害怕一直躲避被告。事發後被告多次邀約前往旅館或係其\r\n     與學姐外出時，被告會要求一同前往。當時很害怕，約2週\r\n     後向輔導長表示遭被告騷擾，但未說性侵，要求輔導長協\r\n     助將2人休假錯開至102年因其將調職，認遭被告刁難且被\r\n     告頻要求其協助被告業務，其覺得遭被告找麻煩，故向同\r\n     寢室學姐丁○○表示遭被告性侵，被告之後多次詢問其是\r\n     否有向他人透露，並表示遭丁○○質問。其遭性侵後沒有\r\n     主動向他人表達，哭泣也會選沒人地方，也不會主動向家\r\n     人說，想說只要躲著被告保持安全距離就可以云云（見偵\r\n     卷第71至73頁）。\r\n   5.甲○於105年1月5日本院審理時具結證稱：「一開始大概晚\r\n     上9點45分，我在連上辦公室加班，他來找我，說要找我聊\r\n     聊，請我等一下進去他辦公室，我一進去，被告就跟我說\r\n     ：『你到部隊，我不瞭解你，我是連上重要幹部』，他說\r\n     要瞭解我，所以找我約談。我進到被告的辦公室後，他就\r\n     叫我去他的寢室，並拿一張小板凳讓我坐，然後就開始跟\r\n     我聊天，並聊到說我有沒有男朋友等，我回答有。過了差\r\n     不多半個小時，被告就拿出一瓶約剩下1/3的紅酒，並對我\r\n     說：『這是你的，要把它喝完』。他自己又從另一個櫃子\r\n     拿出另一瓶威士忌，又說：『這是我要喝的』。我當時跟\r\n     他說時間很晚了，我要回去睡覺，他說沒有關係，剛好那\r\n     天學姐都不在連上，跟他住同一房間的副排長也返台休假\r\n     ，他房間旁邊的辦公室也沒有人，被告就叫我要把酒喝完\r\n     。我看他臉很紅，我就告訴他，你是不是喝醉了，被告就\r\n     越坐越靠近我，當他靠近我時，我就站起來，我站起來後\r\n     ，他就把我的手拉到他的床上，並把我拉著坐在他的腿上\r\n     ，我就用手推他，但他愈來越靠近我，接著被告就親我的\r\n     嘴唇，我跟他說你不可以這樣，我一直重複跟他說你已經\r\n     有老婆、小孩，我也有男友，我當時很害怕，不知道為何\r\n     會這樣。被告就開始把我的身體壓到床上，把我的嘴巴摀\r\n     住，並叫我不准叫。被告一手摀住我的嘴巴，另一隻手就\r\n     一直脫我的褲子，他用身體壓住我的身體，把我的一隻手\r\n     壓在我的身體下，我一直求他，拜託他不要，被告把我褲\r\n     子脫到一半後，有看到我墊衛生棉，有看到我月經來了，\r\n     被告還很興奮的說：『你月經來喔，你男朋友都沒有試過\r\n     闖紅燈嗎？』（證人甲○哭泣）我當時嚇到，不敢反抗，\r\n     也被嚇到哭了，被告就把陰莖插入我的體內。差不多過了\r\n     幾分鐘，被告就突然跳起來衝往廁所，我也不知道有沒有\r\n     留在我的體內。被告一走出廁所，我馬上站起身，把褲子\r\n     穿上要衝出房間，我要衝出去的時候，被告拉住我的手，\r\n     警告我說不准跟任何人講，丁○○也是，他還跟我說他沒\r\n     有辦法給我什麼，我就點頭然後離開。我之後回到我自己\r\n     的房間，蹲在浴室內大哭，當時大約晚上11點半快12點」\r\n     云云。（見本院卷第115頁正反面）。\r\n  (四)雖告訴人甲○就歷次陳述內容大致雷同，然查：營區內禁止\r\n    飲酒、應避免就寢時間進入異性使用之寢室等節，有卷附官\r\n    兵生活營規暨女性官士兵生活管理規定可參（見本院卷第69\r\n    頁反面至73頁），且告訴人甲○明知上開規範，亦經告訴人\r\n    甲○於本院審理時到庭清楚證稱：「（問：在軍營內飲酒有\r\n    無處罰規定？）有，什麼處罰我不清楚，可能會被記過或勒\r\n    令退伍。」等語；「連上規定10點以後就要在自己的房間內\r\n    」等語明確（見本院卷第116頁反面、118頁反面）。再觀之\r\n    告訴人甲○於本院審理中證述：「（問：本案發生之前有進\r\n    去過被告的寢室嗎？）有跟學姐進去過被告的辦公室，沒有\r\n    進去過寢室。」「（問：哪一個學姐？你去過幾次？是白天\r\n    還是晚上？進去以後做什麼事？）我跟丁○○、高○瑩，進\r\n    去大概2、3次，白天晚上都有，有時候進去吃外面買進來的\r\n    東西，或是聊天，聊手錶、雜誌，都沒有喝酒。」「（問：\r\n    之前進去被告辦公室都沒有喝酒，案發時候，被告拿酒叫你\r\n    把它喝完，你的反應是什麼？）因為被告開口就說是學姐之\r\n    前沒喝完的，我的反應就是喔，我沒有什麼太大的反應我就\r\n    喝了，因為軍校教我們的就是要服從。」「（問：你確定你\r\n    剛剛所述，和學姐到被告辦公室只有聊天、吃東西，沒有喝\r\n    過酒嗎？）確定。」「（問：為什麼你在報告書中說，你有\r\n    一次跟著學姐到朱士營內寢室一起喝紅酒，我以為部隊的生\r\n    活就是這樣？）因為他們喝過好幾次，地方換來換去，有時\r\n    候連長也會跟著喝。」等語（見本院卷第118頁正反面）。\r\n    由上以觀，告訴人甲○就是否於案發前進入過被告寢室、是\r\n    否與被告前有共飲紅酒乙事，於本院所為之證述內容不僅與\r\n    其於103年4月25日提出之報告書所陳內容不相符合外，更與\r\n    證人丁○○於本院審理中之證述內容相悖（見上述五(二)），\r\n    並再經本院追問後，竟又顧左右而言他並虛稱：因為他們喝\r\n    過好幾次，地方換來換去，有時候連長也會跟著喝等語。則\r\n    告訴人甲○顯就無視營規而恣意進入被告寢室並一再飲酒乙\r\n    事，有所迴避，其指訴被告所為強制性交犯嫌，顯非無深究\r\n    之餘地。\r\n  (五)再細譯上開告訴人甲○之歷次指訴，其中敘及其進入並停留\r\n    於被告寢室之時間點（即晚間9時45分至11、12時許），且\r\n    又係在僅有2人同處，而其他人都休假未歸之情況下，竟將\r\n    被告給與其之一瓶約剩下1/3紅酒飲用殆盡等語，則甲○不\r\n    僅甘冒違反規定遭到處罰之風險，更有違一般異性友人之相\r\n    處模式。另告訴人甲○自陳案發時之男友為己○○，顯非無\r\n    交往異性之經驗，豈不知被告向其靠近所為何事，而僅止於\r\n    一再告知並提醒被告有妻小、自己亦有男友云云，卻不立即\r\n    大聲呼救並離開現場之理，是告訴人甲○上開指訴顯有違一\r\n    般經驗法則，甚有可疑。\r\n  (六)至告訴人甲○雖復稱：其係因畏懼被告會對其不利，故未將\r\n    遭性侵乙事全部向他人吐露實情，僅有於這件事發生後約2\r\n    、3個禮拜，其私下找輔導長，說遭被告言語騷擾，輔導長\r\n    有跟其說，會幫忙處理，把其與被告2人之休假錯開；再來\r\n    應該是於101年1月告知當時男友己○○，地點係在其苗栗家\r\n    ，告訴己○○其長官叫其喝酒，有發生不好的事，己○○問\r\n    其到那裡，其說都有，己○○又問其是誰，其沒有說就是被\r\n    告，會告訴己○○說是別的單位連長，係因己○○當下很氣\r\n    憤，而己○○家之前有黑道背景，其會害怕己○○個性衝動\r\n    ，會直接找被告算帳；最後告訴丁○○學姐，大約是事發後\r\n    隔一年在女生的寢室，只有其與學姊兩個人的時候，其一開\r\n    始說，不知道該不該講這件事，就是排副對其做了不好的事\r\n    ，其就把上開事實跟丁○○說，丁○○當時很生氣，就罵被\r\n    告髒話，並說被告已經有老婆、小孩了，為何會這樣做，丁\r\n    ○○還說之前被告在連上時，也有摟她、想要親她云云（見\r\n    本院卷第116頁反面至117頁）。惟查：\r\n  1.證人即告訴人甲○之前男友己○○於偵查中具結證稱：於10\r\n    1年1月左右某日中午，甲○在位於苗栗火車站的家告訴其，\r\n    之前在某外膳宿的晚上，甲○到某部隊一個某連長的寢室喝\r\n    酒聊天，在聊連上有人追求甲○，應該如何解決，聊了一段\r\n    時間，某連長越坐越靠近甲○，甲○有迴避動作，並要離開\r\n    ，卻被拉回床上，性侵得逞。原本是要申訴，直接檢舉，甲\r\n    ○叫其不要，且不告訴其誰是加害人。甲○說會自己處理好\r\n    這件事，後來其就沒有再過問這件事等語（見偵卷第27至28\r\n    頁）；嗣於本院審理時到庭具結證稱：「（問：什麼情況下\r\n    ，被害人跟你說被性侵的事？）我也不知道發生什麼事，當\r\n    時我在工作，被害人休假，她就打來跟我說某位長官要對他\r\n    不利，因為她講話迂迴，我一直逼問她，她才跟我說。」「\r\n    （問：被害人為何要阻止你去申訴或報警？）因為她擔心連\r\n    上的人知道。」等語（見本院卷第121頁）。\r\n  2.證人即告訴人甲○同連學姊丁○○於本院審理時到庭明確具\r\n    結證述：「問：（被害人有沒有告訴你他被被告性侵害或性\r\n    騷擾？）曾經跟我說被告有要抱她。」「問：（被害人說她\r\n    是在寢室你們兩個人的時候跟你說，是她記錯還是你講錯？\r\n    ）被害人記錯了，他沒有在寢室跟我說。」「問：（請詳述\r\n    被害人如何跟你說？）當天早上我們約在馬公市，先聊一些\r\n    連上的事情，被害人才慢慢的說，有件事情讓她很害怕，我\r\n    問她什麼事，被害人才說被告有要抱她的事，神情很害怕，\r\n    我問她有沒有跟連上的長官反應，她說她會反應這件事，之\r\n    後事隔一陣子，我有打電話問她這件事處理的怎麼樣，她有\r\n    說已經有處理了。」「問：（據被害人陳述，她向你敘述被\r\n    告對她性侵，你有向被害人表示被告也曾經要摟你、親你，\r\n    後來你把他推開，叫他滾，有這件事嗎？）被害人沒有告訴\r\n    我她被性侵。我也沒有告訴過被害人被告曾經要摟我等事情\r\n    。」等語（見本院卷第122至123頁）。\r\n  3.證人即案發時擔任澎防部反裝甲連輔導長庚○○於本院審理\r\n    時到庭明白具結證述：「（問：被害人什麼時候向你報告？\r\n    ）101年3月或4月，詳細時間不記得。」「（問：被害人說\r\n    這件事大約發生在100年12月，她是事發後2、3個星期向你\r\n    反應，是否你記錯時間？）我認為是被害人記錯時間。」「\r\n    （問：被害人如何跟你反應？）她到我辦公室，跟我說她最\r\n    近有遇到一些困擾不知道怎麼辦，我問她是哪方面的困擾，\r\n    一開始被害人就有點要講不講，後來我問她是生活上、工作\r\n    上還是感情上，她說是感情上的事情，就跟我反應說被告對\r\n    她有追求的舉動，令她感到困擾，加上被告又是她的長官，\r\n    她不知要怎麼辦，我問她有什麼需要處理的，她說休假不想\r\n    和被告排在一起，我當下立即回覆這件事我會幫她處理，在\r\n    休假的方面，島休的時間可以盡量幫他們錯開，這樣就不會\r\n    碰到被告。」「（問：當時被害人是告知你被告想要追求她\r\n    ，所以她不堪其擾。其所用的字眼你確定是追求嗎？是。」\r\n    「（問：就你感覺，被害人是很煩惱還是很害怕？）煩惱。\r\n    」「（問：提示本院調取之被告與被害人休假表，顯示有部\r\n    分休假時間還是重疊，確定有將二人休假完全錯開？）被害\r\n    人跟我反應是3、4月間，所以1、2月間有部分重疊之情形。\r\n    」「（問：但就資料來看，3、4月後重疊的日數還是有2至6\r\n    天之多，何以如此？」人力上有困難。」「（問：島休沒有\r\n    完全錯開，被害人有無再次反應要求要將島休再分開？）我\r\n    調職之前，被害人都沒有再來找我跟我說有感情上的問題。\r\n    」等語（見本院卷第126頁至127頁反面）。\r\n  4.觀之證人庚○○證稱甲○向其告知受有感情困擾之時間點係\r\n    101年3、4月間、甲○係因煩惱被告之追求方要求錯開島休\r\n    等語，則甲○告知之時間點核屬係甲○前男友己○○知悉後\r\n    方為之，可知甲○應係為擺脫被告之追求以免陷入三角戀情\r\n    之糾葛才向輔導長要求將2人島休分離，即屬可能。而證人\r\n    丁○○又堅決否認聽聞甲○向其訴說被告有性侵甲○乙事，\r\n    經核與甲○所述不相適合，則甲○所為之上開指訴，是否真\r\n    實，確屬顯有疑義。又證人丁○○雖稱甲○告知被告欲抱甲\r\n    ○時，神情很害怕等語，惟由證人庚○○、丁○○聽聞甲○\r\n    所述之時間點分別以觀，實難遽認甲○表現害怕神情之原由\r\n    ，係與所稱遭被告性侵乙事有所關連。衡情甲○亦有可能係\r\n    因嗣後與被告之感情糾葛或其他情事而心生害怕，恐難以此\r\n    推論被告有性侵甲○之事實。另證人己○○所述情節之對象\r\n    並非直指被告外，更與甲○指述係被告虛稱欲了解其，並假\r\n    藉談論公事為由進而性侵得逞乙節不符，亦不能遽採為不利\r\n    於被告之認定。\r\n  (七)公訴意旨雖以高雄市立凱旋醫院之精神鑑定書為據，認定被\r\n    告有性侵告訴人甲○之事實云云。惟查：\r\n  1.觀之卷附高雄市立凱旋醫院之精神鑑定書內容，其上載明：\r\n    「（八）精神科就醫史：（甲○自）103年事件遭舉發後因\r\n    睡眠問題於澎湖醫院門診兩次，因安眠藥導致隔天無法起床\r\n    ，未持續服用藥物；陸、鑑定結論：案主（即甲○）受到性\r\n    騷擾後至今已有兩年多時間，依據鑑定時所做相關檢查即案\r\n    主回顧地陳述會談，當時受創傷後，心情明顯受到影響，不\r\n    時有落淚情況，情緒亦變的比較易怒，創傷事件仍一再的闖\r\n    入（事件剛剛發生那幾個月，天天做惡夢，自己一個人的時\r\n    候就會想到那件事。想到會哭；盡量讓自己有事做，不要空\r\n    閒，不然又想到那件事），事後也出現逃避行為（躲避加害\r\n    人，遠離加害地點），盡量讓自己有事做，不要空閒，避免\r\n    去想起這件事等，也出現「創傷相關的負向認知及情緒」，\r\n    如覺自己髒、不喜歡男性、不喜歡出門...這樣不用去看到\r\n    不喜歡的人事物。另外也變的更易怒，睡眠更不好。故綜合\r\n    以上所述，案主案發後幾個月所呈現之症狀，已達「創傷後\r\n    壓力症候群」的診斷，目前已經緩和，但是仍有症狀等語（\r\n    見偵卷第70、76頁）。就上開鑑定結論係記載「性騷擾」，\r\n    且又係僅以甲○所陳，遽為推斷其有創傷後壓力症候群；另\r\n    上開鑑定書於鑑定結論前業經載明：「另外，案主填答方式\r\n    將症狀嚴重化，故上述症狀表現型態不一定可反應其狀態，\r\n    需保守解釋」等語（見偵卷第75頁）。再就鑑定時點已與案\r\n    發時間相距2、3年之久，期間甲○是否尚有其他因素而致心\r\n    靈受創，亦不可查知，則僅以上開鑑定結論遽謂甲○確有遭\r\n    受被告性侵之事實，似嫌速斷。又倘甲○確實於案發後之數\r\n    個月期間確有呈現創傷性症候群之症狀，何以當時未求助心\r\n    理諮商或前往精神門診求助？而係在103年甲○舉發被告對\r\n    其為性侵後方至澎湖醫院門診2次，則不僅甲○之行為動機\r\n    已有可疑外，再就甲○之填答方式將症狀嚴重化等情觀之，\r\n    堪認甲○是否因遭被告性侵致有創傷性症候群之症狀等，即\r\n    屬可疑。\r\n  2.況且甲○又於距案發後8、9月之101年8月15、16日，傳送「\r\n    明天我可以偷騎車去嗎？明早還會有採買車嗎？？就說我坐\r\n    公車的就好」（101年8月15日23時57分）、「找我打0000-0\r\n    00000」（101年8月16日00時29分）之簡訊內容（見本院卷\r\n    第111頁）與被告，由上開簡訊內容以觀，甲○竟將自身持\r\n    用之行動電話門號告知被告乙節，足見甲○並無躲避被告之\r\n    事實。更有甚者，甲○又於101年11月17日之案發後與同連\r\n    友人、被告一同外出餐聚，席間更因酒醉而癱倒等情，亦有\r\n    卷附之照片12張可證（見本院卷第30至31頁反面），雖甲○\r\n    於本院審理中陳稱：因其在101年11月1日升中士，上開餐宴\r\n    係由其與另2人一起作東，邀連上所有志願役士官兵一起去\r\n    ，當天連長也有去；餐宴中有喝酒等語（見本院卷第117頁\r\n    反面）。然依常情，倘甲○曾因飲酒後遭性侵乙事為真，應\r\n    會對於日後飲用酒類之場合，更謹慎看待並刻意迴避被告以\r\n    免再次發生遭到侵害，豈有再度與被告同席並飲用酒類甚至\r\n    飲至泥醉狀態之理？再佐以證人即澎防部反裝甲連輔導長戊\r\n    ○○於本院審理時具結證稱：「問：（103年4月間，被告及\r\n    被害人間有無發生衝突？）那時被害人有弄一份移交清冊，\r\n    內容是關於國有財產，要移交給被告，後來被告認為移交清\r\n    冊內容有誤，被告當時不願簽名蓋章等語（見本院卷第124\r\n    頁反面）；參以甲○於警詢時陳稱：「（問：朱○志是如何\r\n    在業務上刁難妳？）在朱○志未接國有財產業務時，都是我\r\n    在接這個業務。但是後來連長要求朱○志來和我學，他就百\r\n    般刁難我，後來我到澎防部招募時，他就在連上說我壞話。\r\n    現在我看到他都會發抖，想到他對我做的那件事情。」（見\r\n    警卷第15頁）、於本院審理時自陳：後來被告當士官長，管\r\n    所有的士官，而其是士官，103年5月因當時其離開連上到另\r\n    一個營區協助招募工作，與被告沒有業務上的關係，被告一\r\n    直跟連上的幹部說其工作不做，跑去別的單位這麼爽等語，\r\n    足認甲○因業務上關係而與被告於103年間有所嫌隙乙情，\r\n    應係真實。而甲○雖復於本院審理中證述：其受不了，就告\r\n    訴媽媽這件事情，媽媽跟姐姐說，姐姐才電話向國防部提出\r\n    申訴云云。然經本院檢視澎防部案件調查報告，其上明確載\r\n    明：「案情摘要：本署反裝甲連（駐地：尖山營區）中士【\r\n    即甲○】（時為下士）於103年4月25日至本室陳訴」等語（\r\n    見警卷第17頁），並有卷附憲兵隊檢舉人密封袋內資料可考\r\n    （見偵卷第101頁），本件確係由告訴人甲○自任檢舉人無\r\n    誤，則甲○之指訴動機，實顯非單純。\r\n  3.又查實務上之性侵害被害人，於遭受性侵害後固可能發生焦\r\n    慮、憂鬱及憤怒等創傷後壓力症候群，而被害人若出現遭受\r\n    性侵害後所產生之「創傷後壓力症候群」症狀，雖足以印證\r\n    確有遭受性侵害之重大可能性存在，惟不同之被害人對於程\r\n    度不一之侵害所產生之身心反應與症狀嚴重度並非相同，實\r\n    無法以是否出現創傷後壓力疾患而據以推論是否遭受性侵，\r\n    亦即有無創傷後壓力症候群與是否遭受性侵害，其間並無必\r\n    然關聯存在，仍應參酌其他相關事證據以判斷，而本案告訴\r\n    人甲○之指訴動機又既非單純，且又係間隔案發後2、3年方\r\n    為本件精神鑑定，是本院就該鑑定意見無法採為認定被告確\r\n    有性侵犯行之補強證據。\r\n  (八)告訴人甲○雖曾於偵訊時接受測謊，惟檢視該測謊報告，其\r\n    上明白載明：「說明：三、本案告訴人測謊問卷中計有『妳\r\n    說朱○志對妳性行為時妳有哭泣、抵抗，有沒有說謊？』及\r\n    『妳說朱○志對妳性行為有摀住妳的嘴巴，有沒有說謊？』\r\n    二涉案問題。...故本局判定對於前述二涉案問題之回答為\r\n    『無法研判』」，有卷附法務部調查局104年3月16日調科參\r\n    字第00000000000號函可稽（見偵卷第81頁正反面），就此\r\n    部分仍舊無從資為告訴人甲○前開有瑕疵指訴之補強證據。\r\n  (九)至公訴意旨又以本案雙方都承認事發時告訴人甲○有男朋友\r\n    ，被告已結婚生子，而甲○剛下部隊，於此情況下，甲○豈\r\n    有自願的與被告發生性行為之理，況甲○當時月經來，更無\r\n    自願與他人發生性行為之理；案發後又向男朋友及輔導長傾\r\n    訴部分的事實，並請求輔導長錯開休假。如是兩情相悅，豈\r\n    有請求輔導長把休假錯開之理，而據以推論被告涉犯公訴意\r\n    旨所載之性侵犯嫌云云。但查：\r\n  1.公訴人以甲○有男朋友，被告已結婚生子，而甲○剛下部隊\r\n    ，故無可能自願為性行為之可能，認被告有為強制性交犯嫌\r\n    乙情，已屬率斷。實則甲○早於100年6月17日分發至澎防部\r\n    反裝甲連，且其與被告2人互動良好，且案發前甲○即曾進\r\n    入被告寢室而早有曖昧之情，業如前述。\r\n  2.就甲○案發當時是否正值月事期間乙情，此部分僅有甲○之\r\n    單方指訴，並無其他證據足資佐證，自不得據此推論被告涉\r\n    犯性侵犯行。\r\n  3.證人庚○○於本院明白具結證述：甲○係因感情困惱方要求\r\n    其錯開島休等語，亦業如前述。\r\n六、綜上所述，告訴人甲○之證述內容非但悖於事理常情，且亦\r\n    與其他證人所述相悖，復無其他證據可資佐證補強，其證詞\r\n    自難盡信。因公訴人所提出之證據及卷內訴訟資料，均難認\r\n    定被告有於起訴書所指之時間、地點，對甲○實施強制性交\r\n    之犯行，公訴人所引資為認定被告涉有上開犯行之證據，均\r\n    尚未達於通常一般人均不致有所懷疑，而得確信其有罪之程\r\n    度，此外，本院復查無其他積極證據證明被告確有公訴人所\r\n    指上開犯行，揆諸首開說明，應認不能證明被告犯罪，而為\r\n    被告無罪之諭知。\r\n據上論斷，應依刑事訴訟法第301條第1項，判決如主文。\r\n本案經檢察官丙○○到庭執行職務。\r\n中    華    民    國   105    年    1     月    19    日\r\n                  刑事庭  審判長法  官  陳順輝  \r\n                                法  官  陳炫谷\r\n                                法  官  倪霈棻\r\n以上正本證明與原本無異。\r\n如不服本判決應於收受判決後10日內向本院提出上訴書狀，並應\r\n敘述具體理由；其未敘述上訴理由者，應於上訴期間屆滿後20日\r\n內向本院補提理由書(均須按他造當事人之人數附繕本)「切勿逕\r\n送上級法院」。\r\n中    華    民    國   105    年    1     月    20    日\r\n\r\n                                書記官  王耀煌","type":"判決","historyHash":"b20dde5a6b96fb7b4efbd21d350307bc","mainText":"乙○○無罪。","opinion":"五、本院查：\n  (一)告訴人甲○自100年6月17日軍校畢業並分發至澎防部反裝甲連，再歷經分科訓後，同年11月1日又回澎防部反裝甲連服役，擔任下士輪型車輛修護士；被告於93年至澎防部反裝甲連服役，100年12月間係上士且擔任該連副排長等情，業據告訴人甲○、被告、證人丁○○於偵訊、本院審理中陳述明確，並有該2人之兵籍資料附卷可稽（見偵卷第11、17頁、本院卷第88至89、115、121頁反面、警卷第24頁正反面）。\n    則告訴人甲○與被告於100年12月間之本案發生前即已相識之事實，應屬明確，可以認定。\n  (二)其次，告訴人甲○於案發前即曾與連上學姐等人一同進入過被告寢室飲酒、聊天且其等間互動良好，甚且告訴人甲○與被告間互有曖昧等情，亦有告訴人甲○於103年4月25日以電腦繕打之報告書，其上載明：「11月1日結訓返回部隊，對連上的運作都還在熟悉中，平常都跟著學姐(丁○○-4支部、高○瑩75群網傳連、許○誼-退伍)學習，並適應連上作息，學姐們跟朱○志【即被告】上士（時任副排長）的感情都很好，有一次跟著學姐到朱士營內寢室一起喝紅酒，我以為部隊的生活模式就是這樣。」在卷可考（見警卷第19頁），並與證人丁○○於本院審理時具結證稱：「（問：請求提示澎防部電話調查記錄，103年5月4日10時，你於電話紀錄表中說，甲○曾向我說，朱士和她有曖昧，有無說過這句話？）有。」「（問：你在離開連上前，有跟被害人【即甲○】一起去被告的辦公室找他聊天、吃飯嗎？）有，但不是單獨。」「（問：會喝酒嗎？）他們會喝酒。」「（問：他們是誰？）其他人。」「（問：被告和被害人會喝酒嗎？）會。」「（問：被告和被害人喝酒都喝到什麼程度？）都喝紅酒，喝一杯至兩杯左右。」「（問：案發前他們大約喝過幾次？）大約有兩次以上。」等語符合（見本院卷第122頁反面至第124頁），是此部分事實，亦屬明確，併堪認定。\n  (三)關於告訴人甲○就被告如何對其為強制性交之過程，歷次警詢、偵查及本院審理時之證述情節，有如下述：\n  1.甲○於103年4月25日以電腦繕打之報告書指稱：「發生時間約為100年12月底某日晚上2130時，我還在連辦室作業，那天學姊們和另一位副排長（胡○○-退伍）都休假，朱士用手機連絡我是否還在連上？是否要找他拿體育用品的目錄？約2145時我要離開連上回女官寢時，我去敲排副的辦公室外門，他從內寢走出到辦公室，說目錄在內寢的桌上，叫我直接進去拿，我進去時他也跟著走進去，接著就拿張小板凳叫我坐一下，他坐在一張辦公椅上，說我下部隊一個多月了，都沒有好好認識我，要跟我聊個天，問我是否適應連上生活作息，有沒有遇到什麼問題之類的。他問了一些連上的事情，問我對業務是否習慣？聊到一半，朱士從內務櫃裡拿出一瓶不到1/3的紅酒，說這是上次和我們喝剩的，要我把它喝掉，接著又拿出一瓶威士忌，說那是他要喝的，我就乖乖地聽他的話，邊喝邊聊把酒喝掉，之後我就看到朱士臉紅紅的，我問他是不是醉了？他說沒有，又拿了一張板凳坐在我的旁邊，然後他就越講話越靠近我，我嚇到了就起身說很晚了，我要回去女官寢了，他就把我拉住，並被朱士推到床上，他開始親我對我上下其手，我那時很害怕，一直說：『不要這樣，我有男朋友了！而且你還是個有老婆小孩的人！』他之後開始全身壓在我身上，並用手摀住我的嘴，叫我不准出聲，我努力掙脫卻沒有辦法推開他，我也嚇到哭了，也真的被嚇傻了，他把我的體育褲及內褲用力拉下，看到我月經來墊的衛生棉，還說：『妳那個來喔？！妳男朋友難道都沒有闖紅燈過嗎？很刺激喔！』，然後他就以生殖器侵入我的身體，約2-3分鐘後結束，我馬上穿回褲子要跑走，他就緊摟著我的腰，一直不停地說這件事情絕對不能告訴任何人，叫我一定要保密，連學姊都不可以說，若說出去要對我不利，我當下只想快速離開他寢室，就對他說好，他才讓我離開，回到女寢後大約2300時了，我很害怕！」云云（見警卷第19至20頁）。\n  2.甲○於103年5月14日警詢時陳稱：「事情發生在100年12月，當天晚上於2100時至連辦室作業，朱○志要求我作業完到副排長辦公室拿美津濃運動用品的DM，我於2145時到士官長寢室，後來他叫我到內寢拿DM，然後他跟我說裡面有一瓶上次留下來不到1/3的紅酒，趕快把它喝掉，然後就拿了另一罐威士忌說他也要陪我一起喝，又拿一個小板凳叫我坐下，要求和我聊天。大約聊到11點多我跟他說：明天還要點名，我要先回去了。他就把我拉住，並且用手把我拉到床上，開始親我對我上下其手，我那時很害怕的哭了一直跟他說不要這樣。他之後用手堵住我的嘴，叫我不准發出聲音，我努力掙脫卻沒有辦法把他推開，他把我的褲子及內褲用力拉下，然後他就以生殖器侵入我的身體，結束後一直和我說這件事不要告訴任何人，叫我一定要保密，連學姐都不可以說」云云（見警卷第12至13頁）。\n  3.甲○於103年6月25日偵查中具結證稱：「（問：朱○志何時何地對你性侵害？）在100年12月時在他的副排長室，我剛下部隊一個多月。我11月1日到連上報到，3大主官都找我約談，朱○志會揹值星官，剛好在12月時，那時我在辦公室辦公，他走進來，我向他要運動用品的目錄，他就說等我辦完公去找他拿，我就在晚上9點50分辦完公後，去敲他辦公室的門，他就叫我進去辦公室，他說目錄在他的寢室桌上，要我自己進去拿。於是我進去後，他也跟我一起進來，他說，我下部隊一個多月了，他都沒認識我，約談我，他揹值星官所以要認識我，約談我，他想要跟我做個簡單的約談。他就拿一張小板凳要我坐在他旁邊，他就跟我聊軍校生活，在連上是否適應，不久之後，他就從內務櫃拿出一瓶紅酒，酒剩不到1/3，他說這瓶紅酒是我剛到部隊上時，是我們之前與學姐到他房間一起喝剩下的，所以他要我把它喝完。他又從櫃子拿出一瓶威士忌，他說這是他要喝的，我們邊喝酒邊聊天，大概接近12點時，我告訴他，我要回寢室睡覺，我起身，他拉住我的手說，等一下，他還沒跟我聊完，他就用力拉著我到他的床上，他就很靠近我跟我說話，我問他是否喝醉了，他說沒有，但是他的臉很紅，他說他喝一杯酒臉就會紅，他就開始摟著我的腰，要強吻我，我就推他，我說，不可以這樣，我被他嚇到，他當時還是坐在我旁邊，轉身就把我壓在床上，也摀著我的嘴，他說不要跟任何人講，也不要發出聲音，連學姐也不能講，他就用另一隻手脫我的褲子，我拉著褲子，他還是硬脫，我當時穿著運動長褲，他很快就把我的長褲及內褲一起脫下來（甲○眼眶泛紅，開始哭泣），他也把他的短褲及內褲脫掉，當時他一隻手還是摀著我的嘴，那時我一直哭，他就將他的陽具插入我的陰道內，抽送持續2-3分鐘，我一直哭，他起來好像在外面射精，我看到他拿衛生紙，衝到寢室廁所，他脫我褲子時，他看到我有墊衛生棉，他說，你月經來，你男朋友沒試過闖紅燈？很刺激喔，他講完才開始侵入我的身體」云云（見偵卷第11至12頁）。\n  4. 甲○於103年10月16日偵查中至高雄市立凱旋醫院接受精神鑑定時自陳：案發當日夜間12點多，依被告要求前往被告寢室拿取採購目錄，被告拿出約3分之1紅酒，要求其飲用，被告另拿一瓶酒飲用，雙方皆於飲酒情況下聊天，後因其表示隔日要早點名要求返回寢室，被告拉住其手並將其壓至寢室床上，並摀住其嘴，其有嘗試推開但不行，當時雙方皆穿運動服，被告脫其褲子，被告有看到其使用衛生棉，仍插入性侵得逞。當下其覺得害怕，被告得逞後自行去洗澡，其自行將褲子穿上，要離開寢室時，被告欄住其並告知不可將該事告訴他人，其返回寢室沖澡後回到寢室一直哭，無法入睡，直至早點名，失眠情況持續數天，很害怕一直躲避被告。事發後被告多次邀約前往旅館或係其與學姐外出時，被告會要求一同前往。當時很害怕，約2週後向輔導長表示遭被告騷擾，但未說性侵，要求輔導長協助將2人休假錯開至102年因其將調職，認遭被告刁難且被告頻要求其協助被告業務，其覺得遭被告找麻煩，故向同寢室學姐丁○○表示遭被告性侵，被告之後多次詢問其是否有向他人透露，並表示遭丁○○質問。其遭性侵後沒有主動向他人表達，哭泣也會選沒人地方，也不會主動向家人說，想說只要躲著被告保持安全距離就可以云云（見偵卷第71至73頁）。\n   5.甲○於105年1月5日本院審理時具結證稱：「一開始大概晚上9點45分，我在連上辦公室加班，他來找我，說要找我聊聊，請我等一下進去他辦公室，我一進去，被告就跟我說：『你到部隊，我不瞭解你，我是連上重要幹部』，他說要瞭解我，所以找我約談。我進到被告的辦公室後，他就叫我去他的寢室，並拿一張小板凳讓我坐，然後就開始跟我聊天，並聊到說我有沒有男朋友等，我回答有。過了差不多半個小時，被告就拿出一瓶約剩下1/3的紅酒，並對我說：『這是你的，要把它喝完』。他自己又從另一個櫃子拿出另一瓶威士忌，又說：『這是我要喝的』。我當時跟他說時間很晚了，我要回去睡覺，他說沒有關係，剛好那天學姐都不在連上，跟他住同一房間的副排長也返台休假，他房間旁邊的辦公室也沒有人，被告就叫我要把酒喝完。我看他臉很紅，我就告訴他，你是不是喝醉了，被告就越坐越靠近我，當他靠近我時，我就站起來，我站起來後，他就把我的手拉到他的床上，並把我拉著坐在他的腿上，我就用手推他，但他愈來越靠近我，接著被告就親我的嘴唇，我跟他說你不可以這樣，我一直重複跟他說你已經有老婆、小孩，我也有男友，我當時很害怕，不知道為何會這樣。被告就開始把我的身體壓到床上，把我的嘴巴摀住，並叫我不准叫。被告一手摀住我的嘴巴，另一隻手就一直脫我的褲子，他用身體壓住我的身體，把我的一隻手壓在我的身體下，我一直求他，拜託他不要，被告把我褲子脫到一半後，有看到我墊衛生棉，有看到我月經來了，被告還很興奮的說：『你月經來喔，你男朋友都沒有試過闖紅燈嗎？』（證人甲○哭泣）我當時嚇到，不敢反抗，也被嚇到哭了，被告就把陰莖插入我的體內。差不多過了幾分鐘，被告就突然跳起來衝往廁所，我也不知道有沒有留在我的體內。被告一走出廁所，我馬上站起身，把褲子穿上要衝出房間，我要衝出去的時候，被告拉住我的手，警告我說不准跟任何人講，丁○○也是，他還跟我說他沒有辦法給我什麼，我就點頭然後離開。我之後回到我自己的房間，蹲在浴室內大哭，當時大約晚上11點半快12點」云云。（見本院卷第115頁正反面）。\n  (四)雖告訴人甲○就歷次陳述內容大致雷同，然查：營區內禁止飲酒、應避免就寢時間進入異性使用之寢室等節，有卷附官兵生活營規暨女性官士兵生活管理規定可參（見本院卷第69頁反面至73頁），且告訴人甲○明知上開規範，亦經告訴人甲○於本院審理時到庭清楚證稱：「（問：在軍營內飲酒有無處罰規定？）有，什麼處罰我不清楚，可能會被記過或勒令退伍。」等語；「連上規定10點以後就要在自己的房間內」等語明確（見本院卷第116頁反面、118頁反面）。再觀之告訴人甲○於本院審理中證述：「（問：本案發生之前有進去過被告的寢室嗎？）有跟學姐進去過被告的辦公室，沒有進去過寢室。」「（問：哪一個學姐？你去過幾次？是白天還是晚上？進去以後做什麼事？）我跟丁○○、高○瑩，進去大概2、3次，白天晚上都有，有時候進去吃外面買進來的東西，或是聊天，聊手錶、雜誌，都沒有喝酒。」「（問：之前進去被告辦公室都沒有喝酒，案發時候，被告拿酒叫你把它喝完，你的反應是什麼？）因為被告開口就說是學姐之前沒喝完的，我的反應就是喔，我沒有什麼太大的反應我就喝了，因為軍校教我們的就是要服從。」「（問：你確定你剛剛所述，和學姐到被告辦公室只有聊天、吃東西，沒有喝過酒嗎？）確定。」「（問：為什麼你在報告書中說，你有一次跟著學姐到朱士營內寢室一起喝紅酒，我以為部隊的生活就是這樣？）因為他們喝過好幾次，地方換來換去，有時候連長也會跟著喝。」等語（見本院卷第118頁正反面）。\n    由上以觀，告訴人甲○就是否於案發前進入過被告寢室、是否與被告前有共飲紅酒乙事，於本院所為之證述內容不僅與其於103年4月25日提出之報告書所陳內容不相符合外，更與證人丁○○於本院審理中之證述內容相悖（見上述五(二)），並再經本院追問後，竟又顧左右而言他並虛稱：因為他們喝過好幾次，地方換來換去，有時候連長也會跟著喝等語。則告訴人甲○顯就無視營規而恣意進入被告寢室並一再飲酒乙事，有所迴避，其指訴被告所為強制性交犯嫌，顯非無深究之餘地。\n  (五)再細譯上開告訴人甲○之歷次指訴，其中敘及其進入並停留於被告寢室之時間點（即晚間9時45分至11、12時許），且又係在僅有2人同處，而其他人都休假未歸之情況下，竟將被告給與其之一瓶約剩下1/3紅酒飲用殆盡等語，則甲○不僅甘冒違反規定遭到處罰之風險，更有違一般異性友人之相處模式。另告訴人甲○自陳案發時之男友為己○○，顯非無交往異性之經驗，豈不知被告向其靠近所為何事，而僅止於一再告知並提醒被告有妻小、自己亦有男友云云，卻不立即大聲呼救並離開現場之理，是告訴人甲○上開指訴顯有違一般經驗法則，甚有可疑。\n  (六)至告訴人甲○雖復稱：其係因畏懼被告會對其不利，故未將遭性侵乙事全部向他人吐露實情，僅有於這件事發生後約2、3個禮拜，其私下找輔導長，說遭被告言語騷擾，輔導長有跟其說，會幫忙處理，把其與被告2人之休假錯開；再來應該是於101年1月告知當時男友己○○，地點係在其苗栗家，告訴己○○其長官叫其喝酒，有發生不好的事，己○○問其到那裡，其說都有，己○○又問其是誰，其沒有說就是被告，會告訴己○○說是別的單位連長，係因己○○當下很氣憤，而己○○家之前有黑道背景，其會害怕己○○個性衝動，會直接找被告算帳；最後告訴丁○○學姐，大約是事發後隔一年在女生的寢室，只有其與學姊兩個人的時候，其一開始說，不知道該不該講這件事，就是排副對其做了不好的事，其就把上開事實跟丁○○說，丁○○當時很生氣，就罵被告髒話，並說被告已經有老婆、小孩了，為何會這樣做，丁○○還說之前被告在連上時，也有摟她、想要親她云云（見本院卷第116頁反面至117頁）。惟查：\n  1.證人即告訴人甲○之前男友己○○於偵查中具結證稱：於10 1年1月左右某日中午，甲○在位於苗栗火車站的家告訴其，之前在某外膳宿的晚上，甲○到某部隊一個某連長的寢室喝酒聊天，在聊連上有人追求甲○，應該如何解決，聊了一段時間，某連長越坐越靠近甲○，甲○有迴避動作，並要離開，卻被拉回床上，性侵得逞。原本是要申訴，直接檢舉，甲○叫其不要，且不告訴其誰是加害人。甲○說會自己處理好這件事，後來其就沒有再過問這件事等語（見偵卷第27至28頁）；嗣於本院審理時到庭具結證稱：「（問：什麼情況下，被害人跟你說被性侵的事？）我也不知道發生什麼事，當時我在工作，被害人休假，她就打來跟我說某位長官要對他不利，因為她講話迂迴，我一直逼問她，她才跟我說。」「（問：被害人為何要阻止你去申訴或報警？）因為她擔心連上的人知道。」等語（見本院卷第121頁）。\n  2.證人即告訴人甲○同連學姊丁○○於本院審理時到庭明確具結證述：「問：（被害人有沒有告訴你他被被告性侵害或性騷擾？）曾經跟我說被告有要抱她。」「問：（被害人說她是在寢室你們兩個人的時候跟你說，是她記錯還是你講錯？）被害人記錯了，他沒有在寢室跟我說。」「問：（請詳述被害人如何跟你說？）當天早上我們約在馬公市，先聊一些連上的事情，被害人才慢慢的說，有件事情讓她很害怕，我問她什麼事，被害人才說被告有要抱她的事，神情很害怕，我問她有沒有跟連上的長官反應，她說她會反應這件事，之後事隔一陣子，我有打電話問她這件事處理的怎麼樣，她有說已經有處理了。」「問：（據被害人陳述，她向你敘述被告對她性侵，你有向被害人表示被告也曾經要摟你、親你，後來你把他推開，叫他滾，有這件事嗎？）被害人沒有告訴我她被性侵。我也沒有告訴過被害人被告曾經要摟我等事情。」等語（見本院卷第122至123頁）。\n  3.證人即案發時擔任澎防部反裝甲連輔導長庚○○於本院審理時到庭明白具結證述：「（問：被害人什麼時候向你報告？）101年3月或4月，詳細時間不記得。」「（問：被害人說這件事大約發生在100年12月，她是事發後2、3個星期向你反應，是否你記錯時間？）我認為是被害人記錯時間。」「（問：被害人如何跟你反應？）她到我辦公室，跟我說她最近有遇到一些困擾不知道怎麼辦，我問她是哪方面的困擾，一開始被害人就有點要講不講，後來我問她是生活上、工作上還是感情上，她說是感情上的事情，就跟我反應說被告對她有追求的舉動，令她感到困擾，加上被告又是她的長官，她不知要怎麼辦，我問她有什麼需要處理的，她說休假不想和被告排在一起，我當下立即回覆這件事我會幫她處理，在休假的方面，島休的時間可以盡量幫他們錯開，這樣就不會碰到被告。」「（問：當時被害人是告知你被告想要追求她，所以她不堪其擾。其所用的字眼你確定是追求嗎？是。」「（問：就你感覺，被害人是很煩惱還是很害怕？）煩惱。」「（問：提示本院調取之被告與被害人休假表，顯示有部分休假時間還是重疊，確定有將二人休假完全錯開？）被害人跟我反應是3、4月間，所以1、2月間有部分重疊之情形。」「（問：但就資料來看，3、4月後重疊的日數還是有2至6天之多，何以如此？」人力上有困難。」「（問：島休沒有完全錯開，被害人有無再次反應要求要將島休再分開？）我調職之前，被害人都沒有再來找我跟我說有感情上的問題。」等語（見本院卷第126頁至127頁反面）。\n  4.觀之證人庚○○證稱甲○向其告知受有感情困擾之時間點係101年3、4月間、甲○係因煩惱被告之追求方要求錯開島休等語，則甲○告知之時間點核屬係甲○前男友己○○知悉後方為之，可知甲○應係為擺脫被告之追求以免陷入三角戀情之糾葛才向輔導長要求將2人島休分離，即屬可能。而證人丁○○又堅決否認聽聞甲○向其訴說被告有性侵甲○乙事，經核與甲○所述不相適合，則甲○所為之上開指訴，是否真實，確屬顯有疑義。又證人丁○○雖稱甲○告知被告欲抱甲○時，神情很害怕等語，惟由證人庚○○、丁○○聽聞甲○所述之時間點分別以觀，實難遽認甲○表現害怕神情之原由，係與所稱遭被告性侵乙事有所關連。衡情甲○亦有可能係因嗣後與被告之感情糾葛或其他情事而心生害怕，恐難以此推論被告有性侵甲○之事實。另證人己○○所述情節之對象並非直指被告外，更與甲○指述係被告虛稱欲了解其，並假藉談論公事為由進而性侵得逞乙節不符，亦不能遽採為不利於被告之認定。\n  (七)公訴意旨雖以高雄市立凱旋醫院之精神鑑定書為據，認定被告有性侵告訴人甲○之事實云云。惟查：\n  1.觀之卷附高雄市立凱旋醫院之精神鑑定書內容，其上載明：「（八）精神科就醫史：（甲○自）103年事件遭舉發後因睡眠問題於澎湖醫院門診兩次，因安眠藥導致隔天無法起床，未持續服用藥物；陸、鑑定結論：案主（即甲○）受到性騷擾後至今已有兩年多時間，依據鑑定時所做相關檢查即案主回顧地陳述會談，當時受創傷後，心情明顯受到影響，不時有落淚情況，情緒亦變的比較易怒，創傷事件仍一再的闖入（事件剛剛發生那幾個月，天天做惡夢，自己一個人的時候就會想到那件事。想到會哭；盡量讓自己有事做，不要空閒，不然又想到那件事），事後也出現逃避行為（躲避加害人，遠離加害地點），盡量讓自己有事做，不要空閒，避免去想起這件事等，也出現「創傷相關的負向認知及情緒」，如覺自己髒、不喜歡男性、不喜歡出門...這樣不用去看到不喜歡的人事物。另外也變的更易怒，睡眠更不好。故綜合以上所述，案主案發後幾個月所呈現之症狀，已達「創傷後壓力症候群」的診斷，目前已經緩和，但是仍有症狀等語（見偵卷第70、76頁）。就上開鑑定結論係記載「性騷擾」，且又係僅以甲○所陳，遽為推斷其有創傷後壓力症候群；另上開鑑定書於鑑定結論前業經載明：「另外，案主填答方式將症狀嚴重化，故上述症狀表現型態不一定可反應其狀態，需保守解釋」等語（見偵卷第75頁）。再就鑑定時點已與案發時間相距2、3年之久，期間甲○是否尚有其他因素而致心靈受創，亦不可查知，則僅以上開鑑定結論遽謂甲○確有遭受被告性侵之事實，似嫌速斷。又倘甲○確實於案發後之數個月期間確有呈現創傷性症候群之症狀，何以當時未求助心理諮商或前往精神門診求助？而係在103年甲○舉發被告對其為性侵後方至澎湖醫院門診2次，則不僅甲○之行為動機已有可疑外，再就甲○之填答方式將症狀嚴重化等情觀之，堪認甲○是否因遭被告性侵致有創傷性症候群之症狀等，即屬可疑。\n  2.況且甲○又於距案發後8、9月之101年8月15、16日，傳送「明天我可以偷騎車去嗎？明早還會有採買車嗎？？就說我坐公車的就好」（101年8月15日23時57分）、「找我打0000-0 00000」（101年8月16日00時29分）之簡訊內容（見本院卷第111頁）與被告，由上開簡訊內容以觀，甲○竟將自身持用之行動電話門號告知被告乙節，足見甲○並無躲避被告之事實。更有甚者，甲○又於101年11月17日之案發後與同連友人、被告一同外出餐聚，席間更因酒醉而癱倒等情，亦有卷附之照片12張可證（見本院卷第30至31頁反面），雖甲○於本院審理中陳稱：因其在101年11月1日升中士，上開餐宴係由其與另2人一起作東，邀連上所有志願役士官兵一起去，當天連長也有去；餐宴中有喝酒等語（見本院卷第117頁反面）。然依常情，倘甲○曾因飲酒後遭性侵乙事為真，應會對於日後飲用酒類之場合，更謹慎看待並刻意迴避被告以免再次發生遭到侵害，豈有再度與被告同席並飲用酒類甚至飲至泥醉狀態之理？再佐以證人即澎防部反裝甲連輔導長戊○○於本院審理時具結證稱：「問：（103年4月間，被告及被害人間有無發生衝突？）那時被害人有弄一份移交清冊，內容是關於國有財產，要移交給被告，後來被告認為移交清冊內容有誤，被告當時不願簽名蓋章等語（見本院卷第124頁反面）；參以甲○於警詢時陳稱：「（問：朱○志是如何在業務上刁難妳？）在朱○志未接國有財產業務時，都是我在接這個業務。但是後來連長要求朱○志來和我學，他就百般刁難我，後來我到澎防部招募時，他就在連上說我壞話。\n    現在我看到他都會發抖，想到他對我做的那件事情。」（見警卷第15頁）、於本院審理時自陳：後來被告當士官長，管所有的士官，而其是士官，103年5月因當時其離開連上到另一個營區協助招募工作，與被告沒有業務上的關係，被告一直跟連上的幹部說其工作不做，跑去別的單位這麼爽等語，足認甲○因業務上關係而與被告於103年間有所嫌隙乙情，應係真實。而甲○雖復於本院審理中證述：其受不了，就告訴媽媽這件事情，媽媽跟姐姐說，姐姐才電話向國防部提出申訴云云。然經本院檢視澎防部案件調查報告，其上明確載明：「案情摘要：本署反裝甲連（駐地：尖山營區）中士【即甲○】（時為下士）於103年4月25日至本室陳訴」等語（見警卷第17頁），並有卷附憲兵隊檢舉人密封袋內資料可考（見偵卷第101頁），本件確係由告訴人甲○自任檢舉人無誤，則甲○之指訴動機，實顯非單純。\n  3.又查實務上之性侵害被害人，於遭受性侵害後固可能發生焦慮、憂鬱及憤怒等創傷後壓力症候群，而被害人若出現遭受性侵害後所產生之「創傷後壓力症候群」症狀，雖足以印證確有遭受性侵害之重大可能性存在，惟不同之被害人對於程度不一之侵害所產生之身心反應與症狀嚴重度並非相同，實無法以是否出現創傷後壓力疾患而據以推論是否遭受性侵，亦即有無創傷後壓力症候群與是否遭受性侵害，其間並無必然關聯存在，仍應參酌其他相關事證據以判斷，而本案告訴人甲○之指訴動機又既非單純，且又係間隔案發後2、3年方為本件精神鑑定，是本院就該鑑定意見無法採為認定被告確有性侵犯行之補強證據。\n  (八)告訴人甲○雖曾於偵訊時接受測謊，惟檢視該測謊報告，其上明白載明：「說明：三、本案告訴人測謊問卷中計有『妳說朱○志對妳性行為時妳有哭泣、抵抗，有沒有說謊？』及『妳說朱○志對妳性行為有摀住妳的嘴巴，有沒有說謊？』二涉案問題。...故本局判定對於前述二涉案問題之回答為『無法研判』」，有卷附法務部調查局104年3月16日調科參字第00000000000號函可稽（見偵卷第81頁正反面），就此部分仍舊無從資為告訴人甲○前開有瑕疵指訴之補強證據。\n  (九)至公訴意旨又以本案雙方都承認事發時告訴人甲○有男朋友，被告已結婚生子，而甲○剛下部隊，於此情況下，甲○豈有自願的與被告發生性行為之理，況甲○當時月經來，更無自願與他人發生性行為之理；案發後又向男朋友及輔導長傾訴部分的事實，並請求輔導長錯開休假。如是兩情相悅，豈有請求輔導長把休假錯開之理，而據以推論被告涉犯公訴意旨所載之性侵犯嫌云云。但查：\n  1.公訴人以甲○有男朋友，被告已結婚生子，而甲○剛下部隊，故無可能自願為性行為之可能，認被告有為強制性交犯嫌乙情，已屬率斷。實則甲○早於100年6月17日分發至澎防部反裝甲連，且其與被告2人互動良好，且案發前甲○即曾進入被告寢室而早有曖昧之情，業如前述。\n  2.就甲○案發當時是否正值月事期間乙情，此部分僅有甲○之單方指訴，並無其他證據足資佐證，自不得據此推論被告涉犯性侵犯行。\n  3.證人庚○○於本院明白具結證述：甲○係因感情困惱方要求其錯開島休等語，亦業如前述。\n六、綜上所述，告訴人甲○之證述內容非但悖於事理常情，且亦與其他證人所述相悖，復無其他證據可資佐證補強，其證詞自難盡信。因公訴人所提出之證據及卷內訴訟資料，均難認定被告有於起訴書所指之時間、地點，對甲○實施強制性交之犯行，公訴人所引資為認定被告涉有上開犯行之證據，均尚未達於通常一般人均不致有所懷疑，而得確信其有罪之程度，此外，本院復查無其他積極證據證明被告確有公訴人所指上開犯行，揆諸首開說明，應認不能證明被告犯罪，而為被告無罪之諭知。\n據上論斷，應依刑事訴訟法第301條第1項，判決如主文。\n本案經檢察官丙○○到庭執行職務。","relatedIssues":[{"lawName":"中華民國刑法","issueRef":"221 1"},{"lawName":"刑事訴訟法","issueRef":"154 2"},{"lawName":"刑事訴訟法","issueRef":"301 1"},{"lawName":"刑事訴訟法","issueRef":"301 1"}],"party":[{"group":["plaintiff"],"title":"公訴人","value":"臺灣澎湖地方法院檢察署檢察官"},{"group":["defendant"],"title":"被告","value":"朱畇菲"},{"group":["defendant","agentAdLitem","lawyer"],"title":"選任辯護人","value":"張清雄律師"},{"group":["defendant","agentAdLitem","lawyer"],"title":"選任辯護人","value":"廖傑驊律師"}]}
