{"court":"臺灣澎湖地方法院","date":"2011-08-17T00:00:00+08:00","no":"100,馬簡,147","sys":"刑事","reason":"竊盜","judgement":"臺灣澎湖地方法院刑事簡易判決　　　　100年度馬簡字第147號\r\n聲　請　人　臺灣澎湖地方法院檢察署檢察官\r\n被　　　告　蔡輝煌\r\n上列被告因竊盜案件，經檢察官聲請以簡易判決處刑（100年度\r\n偵字第427號）本院判決如下：\r\n    主      文\r\n蔡輝煌犯航空站竊盜罪，處有期徒刑陸月，如易科罰金，以新臺\r\n幣壹仟元折算壹日，緩刑貳年。\r\n    事實及理由\r\n一、蔡輝煌於民國100年6月14日下午1時30分許，在澎湖縣湖西\r\n    鄉馬公航空站之到站出口處等候友人抵達時，因見陳詩怡所\r\n    有MOTOROLA牌手機放置在該處座椅上，疏未看管，蔡輝煌竟\r\n    意圖為自己不法之所有，竊取該手機，並藏匿在其所有停放\r\n    於停車場之車牌號碼KQ5-358號機車置物箱內，經警循線查\r\n    獲。\r\n二、前述犯罪事實，有下列證據證明：\r\n（一）被告蔡輝煌之自白。\r\n（二）被害人陳詩怡之陳述。\r\n（三）扣押筆錄、贓物認領保管單。\r\n（四）現場照片。\r\n三、核被告所為，係犯刑法第321條第1項第6款之航空站竊盜罪\r\n    。檢察官以刑法第320條第1項之普通竊盜罪聲請簡易判決處\r\n    刑，應由本院告知被告後變更法條予以論處。考量被告並無\r\n    前科，有台灣高等法院被告前案紀錄表可查，此次因一時失\r\n    律，致有竊盜犯行，竊取之物品價值不高，事後坦白承認，\r\n    態度良好，因而量處如主文所示之刑，並諭知易科罰金折算\r\n    標準後宣告緩刑。\r\n四、依刑事訴訟法第449條第1項前段、第300條，刑法第321條第\r\n    1項第6款、第41條第1項前段、第74條第1項第1款，刑法施\r\n    行法第1條之1，逕以簡易判決如主文。\r\n中    華    民    國  100    年    8    月    17      日\r\n                  臺灣澎湖地方法院馬公簡易庭\r\n                      法  官  陳介安\r\n以上正本證明與原本無異。\r\n如不服本判決應於收受判決後10日內向本院提出上訴書狀，並應\r\n敘述具體理由；其未敘述上訴理由者，應於上訴期間屆滿後20日\r\n內向本院補提理由書(均須按他造當事人之人數附繕本)「切勿逕\r\n送上級法院」。\r\n中    華    民    國  100    年    8    月    3    日\r\n                      書記官  林長義\r\n附錄本案論罪科刑法條全文：\r\n刑法第321條第1項第6款︰","type":"判決","historyHash":"","mainText":"蔡輝煌犯航空站竊盜罪，處有期徒刑陸月，如易科罰金，以新臺幣壹仟元折算壹日，緩刑貳年。","opinion":"","relatedIssues":[{"lawName":"中華民國刑法","issueRef":"41 1"},{"lawName":"中華民國刑法","issueRef":"74 1 1"},{"lawName":"中華民國刑法","issueRef":"320 1"},{"lawName":"中華民國刑法","issueRef":"321 1 6"},{"lawName":"中華民國刑法","issueRef":"321 1 6"},{"lawName":"中華民國刑法","issueRef":"321 1 6"},{"lawName":"中華民國刑法施行法","issueRef":"1-1"},{"lawName":"刑事訴訟法","issueRef":"300"},{"lawName":"刑事訴訟法","issueRef":"449 1"}],"party":[{"group":["plaintiff"],"title":"聲請人","value":"臺灣澎湖地方法院檢察署檢察官"},{"group":["defendant"],"title":"被告","value":"蔡輝煌"}]}
