{"court":"臺灣澎湖地方法院","date":"2009-07-07T00:00:00+08:00","no":"98,馬交簡,100","sys":"刑事","reason":"公共危險","judgement":"臺灣澎湖地方法院刑事簡易判決　　　 98年度馬交簡字第100號\r\n聲　請　人　台灣澎湖地方法院檢察署檢察官\r\n被　　　告　甲○○\r\n上列被告因公共危險案件，經檢察官聲請以簡易判決處刑（98年\r\n度速偵字第61號），本院判決如下：\r\n    主      文\r\n甲○○服用酒類，不能安全駕駛動力交通工具而駕駛，累犯，處\r\n有期徒刑參月，如易科罰金，以新臺幣壹仟元折算壹日。\r\n    事實及理由\r\n一、本件犯罪事實、證據、應適用法條，除被告前因妨害自由、\r\n    毀損等案件經本院判處有期徒刑各7月、3月之案號分別為94\r\n    年度易字第17號、94年度易字第9號，應予補充及更正外，\r\n    其餘均引用檢察官聲請簡易判決處刑書之記載 (如附件)。\r\n二、依刑事訴訟法第449條第1項前段、第454條第2項，刑法第\r\n    185條之3、第47條第1項、第41條第1項前段，刑法施行法第\r\n    1 條之1，逕以簡易判決處如主文所示之刑。\r\n中　　華　　民　　國　　98　　年　　7 　　月　　7 　　日\r\n                  臺灣澎湖地方法院馬公簡易庭\r\n                      法　官　陳介安\r\n以上正本證明與原本無異。\r\n如不服本件判決，得自收受送達之日起10日內，表明上訴理由，\r\n向本庭（澎湖縣馬公市西文里西文澳310號）提起上訴狀（須附\r\n繕本）。\r\n中　　華　　民　　國　　98　　年　　7 　　月　　7 　　日\r\n                      書記官　林長義\r\n論罪法條：\r\n刑法第185條之3：\r\n服用毒品、麻醉藥品、酒類或其他相類之物，不能安全駕駛動力\r\n交通工具而駕駛者，處一年以下有期徒刑、拘役或科或併科15萬\r\n元以下罰金。","type":"判決","historyHash":"","mainText":"甲○○服用酒類，不能安全駕駛動力交通工具而駕駛，累犯，處有期徒刑參月，如易科罰金，以新臺幣壹仟元折算壹日。","opinion":"","relatedIssues":[{"lawName":"中華民國刑法","issueRef":"41 1"},{"lawName":"中華民國刑法","issueRef":"47 1"},{"lawName":"中華民國刑法","issueRef":"185-3"},{"lawName":"中華民國刑法","issueRef":"185-3"},{"lawName":"中華民國刑法施行法","issueRef":"1-1"},{"lawName":"刑事訴訟法","issueRef":"449 1"},{"lawName":"刑事訴訟法","issueRef":"454 2"}],"party":[{"group":["plaintiff"],"title":"聲請人","value":"台灣澎湖地方法院檢察署檢察官"},{"group":["defendant"],"title":"被告","value":"甲○○"}]}
