{"court":"臺灣澎湖地方法院","date":"2013-04-10T00:00:00+08:00","no":"102,易,11","sys":"刑事","reason":"妨害自由","judgement":"臺灣澎湖地方法院刑事判決　　　　　　　 102年度易字第11號\r\n公　訴　人　臺灣澎湖地方法院檢察署檢察官\r\n被　　　告　呂袁誠\r\n　　　　　　鍾采琳\r\n上列被告因妨害自由案件，經檢察官提起公訴（101年度偵字第\r\n385號），本院判決如下：\r\n    主  文\r\n本件公訴不受理。\r\n    理  由\r\n一、公訴意旨略以：被告呂袁誠因懷疑告訴人朱思靜在外散發內\r\n    容不實之文宣誹謗其名譽，竟與被告鍾采琳共同基於無故侵\r\n    入住宅之犯意聯絡，於民國101年5月10日6時許，未經址設\r\n    澎湖縣馬公市○○路00○0號翡翠大樓住戶之同意，趁有人\r\n    自該棟大樓出入之際，共同無故侵入該大樓內，並上至該大\r\n    樓5樓處欲尋告訴人，因認被告涉犯刑法第306條第1項無故\r\n    侵入住居罪等語。\r\n二、告訴乃論之罪，告訴人於第一審辯論終結前得撤回其告訴；\r\n    又告訴經撤回者，應諭知不受理之判決，刑事訴訟法第238\r\n    條第1項、第303條第3款分別定有明文。\r\n三、本件告訴人朱思靜告訴被告呂袁誠、鍾采琳無故侵入住居罪\r\n    案件，公訴人認被告2人係觸犯刑法第306條第1項無故侵入\r\n    住居罪嫌，依同法第308條第1項之規定須告訴乃論。茲因被\r\n    告2人已與告訴人和解，告訴人亦具狀撤回告訴，有刑事撤\r\n    回告訴狀1份在卷可稽，依上開說明，爰不經言詞辯論，逕\r\n    為諭知不受理判決。\r\n四、據上論斷，應依刑事訴訟法第284條之1、第303條第3款、第\r\n    307條，判決如主文。\r\n中    華    民    國   102    年    4     月     10   日\r\n                  刑事庭  審判長法  官  陳順輝\r\n                                法  官  蔡政佑\r\n                                法  官  孫健智\r\n以上正本證明與原本無異。\r\n檢察官如不服本判決應於收受判決後10日內向本院提出上訴書，\r\n並應敘述具體理由。\r\n中    華    民    國   102    年    4     月    10    日\r\n                                書記官  劉竹苞","type":"判決","historyHash":"","mainText":"本件公訴不受理。","opinion":"理  由\n一、公訴意旨略以：被告呂袁誠因懷疑告訴人朱思靜在外散發內容不實之文宣誹謗其名譽，竟與被告鍾采琳共同基於無故侵入住宅之犯意聯絡，於民國101年5月10日6時許，未經址設澎湖縣馬公市○○路00○0號翡翠大樓住戶之同意，趁有人自該棟大樓出入之際，共同無故侵入該大樓內，並上至該大樓5樓處欲尋告訴人，因認被告涉犯刑法第306條第1項無故侵入住居罪等語。\n二、告訴乃論之罪，告訴人於第一審辯論終結前得撤回其告訴；又告訴經撤回者，應諭知不受理之判決，刑事訴訟法第238條第1項、第303條第3款分別定有明文。\n三、本件告訴人朱思靜告訴被告呂袁誠、鍾采琳無故侵入住居罪案件，公訴人認被告2人係觸犯刑法第306條第1項無故侵入住居罪嫌，依同法第308條第1項之規定須告訴乃論。茲因被告2人已與告訴人和解，告訴人亦具狀撤回告訴，有刑事撤回告訴狀1份在卷可稽，依上開說明，爰不經言詞辯論，逕為諭知不受理判決。\n四、據上論斷，應依刑事訴訟法第284條之1、第303條第3款、第307條，判決如主文。","relatedIssues":[{"lawName":"中華民國刑法","issueRef":"306 1"},{"lawName":"中華民國刑法","issueRef":"306 1"},{"lawName":"中華民國刑法","issueRef":"308 1"},{"lawName":"刑事訴訟法","issueRef":"238 1"},{"lawName":"刑事訴訟法","issueRef":"284-1"},{"lawName":"刑事訴訟法","issueRef":"303 1 3"},{"lawName":"刑事訴訟法","issueRef":"303 1 3"},{"lawName":"刑事訴訟法","issueRef":"307"}],"party":[{"group":["plaintiff"],"title":"公訴人","value":"臺灣澎湖地方法院檢察署檢察官"},{"group":["defendant"],"title":"被告","value":"呂袁誠"},{"group":["defendant"],"title":"被告","value":"鍾采琳"}]}
