{"court":"臺灣澎湖地方法院","date":"2018-10-29T00:00:00+08:00","no":"107,易,37","sys":"刑事","reason":"詐欺","judgement":"臺灣澎湖地方法院刑事裁定　　　　　　　 107年度易字第37號\r\n公　訴　人　臺灣澎湖地方檢察署檢察官\r\n被　　　告　歐建民\r\n上列被告因詐欺案件，本院裁定如下：\r\n    主  文\r\n本件由受命法官獨任進行簡式審判程序。\r\n    理  由\r\n一、本件被告歐建民所犯係死刑、無期徒刑、最輕本刑為三年以\r\n    上有期徒刑以外之罪，其於準備程序中就被訴事實為有罪之\r\n    陳述，經法官告知簡式審判程序之旨，並聽取公訴人、被告\r\n    之意見後，本院認為適宜由受命法官獨任進行簡式審判程序\r\n    。\r\n二、依刑事訴訟法第273條之1第1項，裁定如主文。\r\n中    華    民    國   107    年    10    月    29    日\r\n                  刑事庭  審判長法  官  李淑惠\r\n                                法  官  王政揚\r\n                                法  官  吳宏榮\r\n以上正本證明與原本無異。\r\n本裁定不得抗告。\r\n中    華    民    國   107    年    10    月    29    日\r\n                                書記官  莊心羽","type":"裁定","historyHash":"5d1580fdebf01cb528ffd236","mainText":"本件由受命法官獨任進行簡式審判程序。","opinion":"理  由\n一、本件被告歐建民所犯係死刑、無期徒刑、最輕本刑為三年以上有期徒刑以外之罪，其於準備程序中就被訴事實為有罪之陳述，經法官告知簡式審判程序之旨，並聽取公訴人、被告之意見後，本院認為適宜由受命法官獨任進行簡式審判程序。\n二、依刑事訴訟法第273條之1第1項，裁定如主文。","relatedIssues":[{"lawName":"刑事訴訟法","issueRef":"273-1 1"}],"party":[{"group":["plaintiff"],"title":"公訴人","value":"臺灣澎湖地方檢察署檢察官"},{"group":["defendant"],"title":"被告","value":"歐建民"}]}
