{"court":"臺灣澎湖地方法院","date":"2011-12-29T00:00:00+08:00","no":"100,馬簡,249","sys":"刑事","reason":"賭博","judgement":"臺灣澎湖地方法院刑事簡易判決　　　　100年度馬簡字第249號\r\n被　　　告　李仁賢\r\n上列被告因賭博案件，經檢察官聲請以簡易判決處刑（100年度\r\n偵字第732號）本院判決如下：\r\n    主      文\r\n李仁賢在公眾得出入之場所賭博財物，處罰金新臺幣壹萬元，如\r\n易服勞役，以新臺幣壹仟元折算壹日。扣案筆記型電腦壹台、小\r\n本桌上型日曆壹本均沒收。\r\n    事實及理由\r\n一、本件扣案筆記型電腦1台、小本桌上型日曆1本（內載簽賭紀\r\n    錄）為被告李仁賢所有，且供本件賭博犯行所用之物，業據\r\n    被告供承在卷（澎警刑字第1001213605號卷第2至4頁），均\r\n    應依刑法第38條第1項第2款之規定沒收；扣案便條紙1張，\r\n    因無證據證明為被告所有，爰不予宣告沒收。其餘犯罪事實\r\n    、證據、應適用法條，均引用檢察官聲請簡易判決處刑書之\r\n    記載（如附件）。\r\n二、依刑事訴訟法第449條第1項前段、第450條第1項、第454條\r\n    第2項，刑法第266條第1項前段、第42條第3項、第38條第1\r\n    項第2款，刑法施行法第1條之1，逕以簡易判決處如主文所\r\n    示之刑。\r\n三、如不服本判決應於收受判決後10日內向本院提出上訴書狀，\r\n    並應敘述具體理由；其未敘述上訴理由者，應於上訴期間屆\r\n    滿後20日內向本院補提理由書（均須按他造當事人之人數附\r\n    繕本）「切勿逕送上級法院」。\r\n中    華    民    國   100    年    12    月    29    日\r\n                  臺灣澎湖地方法院馬公簡易庭\r\n                      法  官  鍾孟容\r\n以上正本證明與原本無異。\r\n中    華    民    國   100    年    12    月    29    日\r\n                      書記官  林長義\r\n附錄本案所犯法條全文：\r\n中華民國刑法第266條：\r\n在公共場所或公眾得出入之場所賭博財物者，處1千元以下罰金\r\n。但以供人暫時娛樂之物為賭者，不在此限。\r\n當場賭博之器具與在賭檯或兌換籌碼處之財物，不問屬於犯人與\r\n否，沒收之。","type":"判決","historyHash":"","mainText":"李仁賢在公眾得出入之場所賭博財物，處罰金新臺幣壹萬元，如易服勞役，以新臺幣壹仟元折算壹日。扣案筆記型電腦壹台、小本桌上型日曆壹本均沒收。","opinion":"","relatedIssues":[{"lawName":"中華民國刑法","issueRef":"38 1 2"},{"lawName":"中華民國刑法","issueRef":"38 1 2"},{"lawName":"中華民國刑法","issueRef":"42 3"},{"lawName":"中華民國刑法","issueRef":"266"},{"lawName":"中華民國刑法","issueRef":"266 1"},{"lawName":"中華民國刑法施行法","issueRef":"1-1"},{"lawName":"刑事訴訟法","issueRef":"449 1"},{"lawName":"刑事訴訟法","issueRef":"450 1"},{"lawName":"刑事訴訟法","issueRef":"454 2"}],"party":[{"group":["defendant"],"title":"被告","value":"李仁賢"}]}
