{"court":"臺灣澎湖地方法院","date":"2015-12-28T00:00:00+08:00","no":"104,聲,90","sys":"刑事","reason":"宣告沒收","judgement":"臺灣澎湖地方法院刑事裁定　　　　　　　 104年度聲字第90號\r\n聲　請　人　臺灣澎湖地方法院檢察署檢察官\r\n被　　　告　許彥婷\r\n上列聲請人因被告違反商標法案件（103年度偵字第570號），聲\r\n請單獨宣告沒收（104年度執聲字第48號），本院裁定如下：\r\n    主  文\r\n扣案仿冒「adidas」商標之服飾拾件，均沒收之。\r\n    理  由\r\n一、聲請意旨略以：被告許彥婷因違反商標法案件，經臺灣澎湖\r\n    地方法院檢察署檢察官以103年度偵字第570號為緩起訴處分\r\n    確定，緩起訴處分期間1年，自民國103年10月21日起至104\r\n    年10月20日緩起訴期間屆滿。扣案被告所有之仿冒「adidas\r\n    」商標之運動衣褲共5套（上衣5件、褲子5件），爰依刑事\r\n    訴訟法第259條之1、商標法第98條規定聲請宣告單獨沒收等\r\n    語。\r\n二、按檢察官依刑事訴訟法第253條或第253條之1 為不起訴或緩\r\n    起訴之處分者，對供犯罪所用、供犯罪預備或因犯罪所得之\r\n    物，以屬於被告者為限，得單獨聲請法院宣告沒收，刑事訴\r\n    訟法第259條之1固有明文。惟按，違禁物或專科沒收之物得\r\n    單獨宣告沒收；侵害商標權、證明標章權或團體商標權之物\r\n    品或文書，不問屬於犯人與否，沒收之，刑法第40條第2 項\r\n    、商標法第98條分別定有明文。而商標法第98條、刑法第40\r\n    條第2 項規定，係採義務沒收主義，應優先於採職權沒收主\r\n    義之刑法第38條第1項第2款而適用（最高法院79年台上字第\r\n    5137號判例意旨參照）。\r\n三、經查，本件被告所犯違反商標法案件，業經臺灣澎湖地方法\r\n    院檢察署檢察官以103年度偵字第570號為緩起訴處分確定等\r\n    情，有上開緩起訴處分書及臺灣高等法院被告前案紀錄表等\r\n    件在卷可稽。又扣案仿冒「adidas」商標之動衣褲共5套（\r\n    上衣5件、褲子5件），為侵害德商阿迪達斯公司商標權之物\r\n    品，業據被告於偵訊中供承在卷（見偵卷第14頁），並有鑑\r\n    定人唐朝智慧財產有限公司出具之鑑定報告書、經濟部智慧\r\n    財產局商標資料檢索服務（見警卷第6頁至第10頁）等存卷\r\n    可考，揆諸前揭說明，本件聲請核屬有據，應予准許。\r\n四、另檢察官依法為不起訴或緩起訴處分確定後，若本得基於違\r\n    禁物或專科沒收物之相關規定聲請法院單獨宣告沒收，卻誤\r\n    引（未援引各該相關規定）或贅引（已援引各該相關規定）\r\n    刑事訴訟法第259條之1作為聲請依據時，因該等物品本即屬\r\n    應宣告沒收且得單獨聲請法院宣告沒收之物，法院此時仍得\r\n    裁定宣告沒收（銷燬）之，並自行援引適當之規定，不受檢\r\n    察官聲請書所載法條之限制（臺灣高等法院暨所屬法院98年\r\n    法律座談會刑事類提案第39號研討結果參照）。本件檢察官\r\n    聲請宣告沒收上開扣案物，然贅引刑事訴訟法第259條之1作\r\n    為聲請依據，依上開說明，法院不受檢察官聲請書所載法條\r\n    之限制，自應由本院逕予更正援引刑法第40條第2 項之規定\r\n    ，附此敘明。\r\n五、依刑事訴訟法第220條，刑法第40條第2項，商標法第98條，\r\n    裁定如主文。\r\n中    華    民    國   104    年    12    月    28    日\r\n\r\n                        刑事庭  法  官  陳炫谷 \r\n以上正本證明與原本無異。\r\n如不服本裁定，應於裁定送達之翌日起5日內向本院提出抗告狀\r\n（須附繕本）。\r\n中    華    民    國   104    年    12    月    28    日\r\n\r\n                                書記官  莊茹茵","type":"裁定","historyHash":"","mainText":"扣案仿冒「adidas」商標之服飾拾件，均沒收之。","opinion":"三、經查，本件被告所犯違反商標法案件，業經臺灣澎湖地方法院檢察署檢察官以103年度偵字第570號為緩起訴處分確定等情，有上開緩起訴處分書及臺灣高等法院被告前案紀錄表等件在卷可稽。又扣案仿冒「adidas」商標之動衣褲共5套（上衣5件、褲子5件），為侵害德商阿迪達斯公司商標權之物品，業據被告於偵訊中供承在卷（見偵卷第14頁），並有鑑定人唐朝智慧財產有限公司出具之鑑定報告書、經濟部智慧財產局商標資料檢索服務（見警卷第6頁至第10頁）等存卷可考，揆諸前揭說明，本件聲請核屬有據，應予准許。\n四、另檢察官依法為不起訴或緩起訴處分確定後，若本得基於違禁物或專科沒收物之相關規定聲請法院單獨宣告沒收，卻誤引（未援引各該相關規定）或贅引（已援引各該相關規定）刑事訴訟法第259條之1作為聲請依據時，因該等物品本即屬應宣告沒收且得單獨聲請法院宣告沒收之物，法院此時仍得裁定宣告沒收（銷燬）之，並自行援引適當之規定，不受檢察官聲請書所載法條之限制（臺灣高等法院暨所屬法院98年法律座談會刑事類提案第39號研討結果參照）。本件檢察官聲請宣告沒收上開扣案物，然贅引刑事訴訟法第259條之1作為聲請依據，依上開說明，法院不受檢察官聲請書所載法條之限制，自應由本院逕予更正援引刑法第40條第2 項之規定，附此敘明。\n五、依刑事訴訟法第220條，刑法第40條第2項，商標法第98條，裁定如主文。","relatedIssues":[{"lawName":"中華民國刑法","issueRef":"38 1 2"},{"lawName":"中華民國刑法","issueRef":"40 2"},{"lawName":"中華民國刑法","issueRef":"40 2"},{"lawName":"中華民國刑法","issueRef":"40 2"},{"lawName":"中華民國刑法","issueRef":"40 2"},{"lawName":"刑事訴訟法","issueRef":"220"},{"lawName":"刑事訴訟法","issueRef":"253"},{"lawName":"刑事訴訟法","issueRef":"253-1"},{"lawName":"刑事訴訟法","issueRef":"259-1"},{"lawName":"刑事訴訟法","issueRef":"259-1"},{"lawName":"刑事訴訟法","issueRef":"259-1"},{"lawName":"刑事訴訟法","issueRef":"259-1"},{"lawName":"商標法","issueRef":"98"},{"lawName":"商標法","issueRef":"98"},{"lawName":"商標法","issueRef":"98"},{"lawName":"商標法","issueRef":"98"}],"party":[{"group":["plaintiff"],"title":"聲請人","value":"臺灣澎湖地方法院檢察署檢察官"},{"group":["defendant"],"title":"被告","value":"許彥婷"}]}
