{"court":"臺灣澎湖地方法院","date":"2011-10-06T00:00:00+08:00","no":"100,馬簡,204","sys":"刑事","reason":"竊盜","judgement":"臺灣澎湖地方法院刑事簡易判決　　　　100年度馬簡字第204號\r\n被　　　告　楊宏聲\r\n上列被告因竊盜案件，經檢察官聲請以簡易判決處刑（100年度\r\n偵字第546號）本院判決如下：\r\n    主      文\r\n楊宏聲竊盜，共肆罪，各處有期徒刑貳月，如易科罰金，均以新\r\n臺幣壹仟元折算壹日；應執行有期徒刑陸月，如易科罰金，以新\r\n臺幣壹仟元折算壹日。\r\n    事實及理由\r\n一、本件犯罪事實、證據、應適用法條，均引用檢察官聲請簡易\r\n    判決處刑書之記載（如附件）。\r\n二、依刑事訴訟法第449條第1項前段、第454條第2項，刑法第\r\n    320條第1項、第41條第1項前段、第51條第5款，刑法施行法\r\n    第1條之1，逕以簡易判決如主文。\r\n三、如不服本簡易判決，得於簡易判決送達之日起10日內，以書\r\n    狀敘述理由，向本庭提起上訴（須附繕本）。\r\n中    華    民    國   100    年    10    月    6     日\r\n                  臺灣澎湖地方法院馬公簡易庭\r\n                      法  官  鍾孟容\r\n以上正本證明與原本無異。\r\n如不服本判決應於收受判決後10日內向本院提出上訴書狀，並應\r\n敘述具體理由；其未敘述上訴理由者，應於上訴期間屆滿後20日\r\n內向本院補提理由書(均須按他造當事人之人數附繕本)「切勿逕\r\n送上級法院」。\r\n中    華    民    國   100    年    10    月    6     日\r\n                      書記官  林長義\r\n附錄本案論罪科刑法條全文：\r\n刑法第320條第1項︰\r\n意圖為自己或第3人不法之所有，而竊取他人之動產者，為竊盜\r\n罪，處5年以下有期徒刑、拘役或科500元以下罰金。","type":"判決","historyHash":"","mainText":"楊宏聲竊盜，共肆罪，各處有期徒刑貳月，如易科罰金，均以新臺幣壹仟元折算壹日；應執行有期徒刑陸月，如易科罰金，以新臺幣壹仟元折算壹日。","opinion":"","relatedIssues":[{"lawName":"中華民國刑法","issueRef":"41 1"},{"lawName":"中華民國刑法","issueRef":"51 1 5"},{"lawName":"中華民國刑法","issueRef":"320 1"},{"lawName":"中華民國刑法","issueRef":"320 1"},{"lawName":"中華民國刑法施行法","issueRef":"1-1"},{"lawName":"刑事訴訟法","issueRef":"449 1"},{"lawName":"刑事訴訟法","issueRef":"454 2"}],"party":[{"group":["defendant"],"title":"被告","value":"楊宏聲"}]}
