{"court":"臺灣澎湖地方法院","date":"2011-11-07T00:00:00+08:00","no":"100,馬簡,228","sys":"刑事","reason":"違反毒品危害防制條例","judgement":"臺灣澎湖地方法院刑事簡易判決　　　　100年度馬簡字第228號\r\n被　　　告　陳月女\r\n上列被告因違反毒品危害防制條例案件，經檢察官聲請以簡易判\r\n決處刑（100年度毒偵字第112號）本院判決如下：\r\n    主      文\r\n陳月女施用第二級毒品，處有期徒刑參月，如易科罰金，以新臺\r\n幣壹仟元折算壹日。\r\n    事實及理由\r\n一、本件犯罪事實、證據、應適用法條，均引用檢察官聲請簡易\r\n    判決處刑書之記載（如附件）。\r\n二、依刑事訴訟法第449條第1項前段、第454條第2項，毒品危害\r\n    防制條例第10條第2項，刑法第11條前段、第41條第1項前段\r\n    ，逕以簡易判決處如主文所示之刑。\r\n三、如不服本判決應於收受判決後10日內向本院提出上訴書狀，\r\n    並應敘述具體理由；其未敘述上訴理由者，應於上訴期間屆\r\n    滿後20 日內向本院補提理由書(均須按他造當事人之人數附\r\n    繕本)「切勿逕送上級法院」。\r\n中    華    民    國   100    年    11    月    7     日\r\n                  臺灣澎湖地方法院馬公簡易庭\r\n                      法  官  鍾孟容\r\n以上正本證明與原本無異。\r\n中    華    民    國   100    年    11    月    9     日\r\n                      書記官  林德盛\r\n附錄本案論罪科刑法條全文：\r\n毒品危害防制條例第10條第2項：\r\n施用第二級毒品者，處3年以下有期徒刑。","type":"判決","historyHash":"","mainText":"陳月女施用第二級毒品，處有期徒刑參月，如易科罰金，以新臺幣壹仟元折算壹日。","opinion":"","relatedIssues":[{"lawName":"中華民國刑法","issueRef":"11"},{"lawName":"中華民國刑法","issueRef":"41 1"},{"lawName":"刑事訴訟法","issueRef":"449 1"},{"lawName":"刑事訴訟法","issueRef":"454 2"},{"lawName":"毒品危害防制條例","issueRef":"10 2"},{"lawName":"毒品危害防制條例","issueRef":"10 2"}],"party":[{"group":["defendant"],"title":"被告","value":"陳月女"}]}
