{"court":"臺灣澎湖地方法院","date":"2008-07-17T00:00:00+08:00","no":"97,交易,13","sys":"刑事","reason":"過失傷害","judgement":"臺灣澎湖地方法院刑事判決　　　　　　　97年度交易字第13號\r\n公　訴　人　台灣澎湖地方法院檢察署檢察官\r\n被　　　告　乙○○\r\n　　　　　　甲○○\r\n上列被告因過失傷害案件，經檢察官聲請簡易判決處刑（96年度\r\n調偵字第1、2、3號），本院改依通常程序審理，判決如下：\r\n    主      文\r\n本件公訴不受理。\r\n    理      由\r\n一、公訴意旨如聲請簡易判決處刑書所載 （如附件） 。\r\n二、按告訴乃論之罪，告訴人於第一審辯論終結前得撤回其告訴\r\n    ，又告訴經撤回者，應諭知不受理之判決，刑事訴訟法第\r\n    238條第1項、第303條第3款分別定有明文。\r\n三、查本件告訴人乙○○、甲○○及項淑芬告訴被告甲○○、乙\r\n    ○○過失傷害案件，簡易判決處刑書認被告係觸犯刑法第\r\n    284條第1項前段之過失傷害罪嫌，依同法第287條前段之規\r\n    定，須告訴乃論。茲據告訴人撤回告訴，有訊問筆錄可稽，\r\n    依照首開說明，本件爰不經言詞辯論，逕為諭知不受理之判\r\n    決。\r\n四、據上論斷，應依刑事訴訟法第303條第3款、第307條判決如\r\n    主文。\r\n中　　華　　民　　國　　97　　年　　 7　　月　　17　　日\r\n　　　　　　　　　　　  刑事庭  法　官　管安露\r\n以上正本證明與原本無異 。\r\n如不服本判決，應於判決送達後10日內，向本院提出上訴狀（須\r\n附繕本）。\r\n中　　華　　民　　國　　97　　年　　 7　　月　　17　　日\r\n　　　　　　　　　　　　　　　　書記官　林德盛\r\n","type":"判決","historyHash":"","mainText":"本件公訴不受理。","opinion":"二、按告訴乃論之罪，告訴人於第一審辯論終結前得撤回其告訴，又告訴經撤回者，應諭知不受理之判決，刑事訴訟法第238條第1項、第303條第3款分別定有明文。\n三、查本件告訴人乙○○、甲○○及項淑芬告訴被告甲○○、乙○○過失傷害案件，簡易判決處刑書認被告係觸犯刑法第284條第1項前段之過失傷害罪嫌，依同法第287條前段之規定，須告訴乃論。茲據告訴人撤回告訴，有訊問筆錄可稽，依照首開說明，本件爰不經言詞辯論，逕為諭知不受理之判決。\n四、據上論斷，應依刑事訴訟法第303條第3款、第307條判決如主文。","relatedIssues":[{"lawName":"中華民國刑法","issueRef":"284 1"},{"lawName":"中華民國刑法","issueRef":"287"},{"lawName":"刑事訴訟法","issueRef":"238 1"},{"lawName":"刑事訴訟法","issueRef":"303 1 3"},{"lawName":"刑事訴訟法","issueRef":"303 1 3"},{"lawName":"刑事訴訟法","issueRef":"307"}],"party":[{"group":["plaintiff"],"title":"公訴人","value":"台灣澎湖地方法院檢察署檢察官"},{"group":["defendant"],"title":"被告","value":"乙○○"},{"group":["defendant"],"title":"被告","value":"甲○○"}]}
