{"court":"臺灣澎湖地方法院","date":"2008-03-27T00:00:00+08:00","no":"96,交附民,4","sys":"刑事","reason":"損害賠償","judgement":"臺灣澎湖地方法院刑事裁定　　　　　　 96年度交附民字第4號\r\n原　　　告　丁○○\r\n　　　　　　戊○○○\r\n　　　　 　 乙○○\r\n　　　　　　甲○○\r\n兼 上 二人　丙○○\r\n法定代理人\r\n上　一　人\r\n訴訟代理人　馬陳棠律師\r\n共　　　同\r\n訴訟代理人　馬在勤律師\r\n被　　　告　己○○\r\n訴訟代理人　林石猛律師\r\n　　　　　　黃致穎律師\r\n上列被告因損害賠償案件，前經辯論終結，茲因尚有應行調查之\r\n處，應再開本件辯論，並定於民國97年4月22日上午10時15分在\r\n本院第三法庭審理，特此裁定。\r\n中　　華　　民　　國　　97　　年　　3 　　月　　27　　日\r\n　　　　　　　　　　　　刑事庭　法　官　李宛玲\r\n以上正本證明與原本無異。\r\n本裁定不得抗告。\r\n中　　華　　民　　國　　97　　年　　3 　　月　　27　　日\r\n　　　　　　　　　　　　　　　　書記官　莊茹茵","type":"裁定","historyHash":"0f803e8039e999d2487c97d25f74329d","mainText":"","opinion":"","relatedIssues":[],"party":[{"group":["plaintiff"],"title":"原告","value":"丁○○"},{"group":["plaintiff"],"title":"原告","value":"戊○○○"},{"group":["plaintiff"],"title":"原告","value":"乙○○"},{"group":["plaintiff"],"title":"原告","value":"甲○○"},{"group":["plaintiff"],"title":"原告兼上二人法定代理人","value":"丙○○"},{"group":["plaintiff","agentAdLitem","lawyer"],"title":"上一人訴訟代理人","value":"馬陳棠律師"},{"group":["plaintiff","agentAdLitem","lawyer"],"title":"共同訴訟代理人","value":"馬在勤律師"},{"group":["defendant"],"title":"被告","value":"己○○"},{"group":["defendant","agentAdLitem","lawyer"],"title":"訴訟代理人","value":"林石猛律師"},{"group":["defendant","agentAdLitem","lawyer"],"title":"訴訟代理人","value":"黃致穎律師"}]}
