{"court":"臺灣澎湖地方法院","date":"2010-08-27T00:00:00+08:00","no":"99,馬簡,149","sys":"刑事","reason":"賭博","judgement":"臺灣澎湖地方法院刑事簡易判決　　　　 99年度馬簡字第149號\r\n聲　請　人　臺灣澎湖地方法院檢察署檢察官\r\n被　　　告　乙○○○\r\n被　　　告　甲○○\r\n上列被告因賭博案件，經檢察官聲請以簡易判決處刑（99年度偵\r\n字第573號），本院判決如下：\r\n    主      文\r\n乙○○○、甲○○共同意圖營利，聚眾賭博，各處有期徒刑參月\r\n，如易科罰金，均以新臺幣壹仟元折算壹日。\r\n    事實及理由\r\n一、本件犯罪事實、證據、應適用法條，均引用檢察官聲請簡易\r\n    判決處刑書之記載（如附件）。\r\n二、依刑事訴訟法第449條第1項前段、第454條第2項，刑法第28\r\n    條、第268條、第55條、第41條第1項前段，刑法施行法第1\r\n    條之1，逕以簡易判決處如主文所示之刑。\r\n中    華    民    國    99    年    8     月    27    日\r\n                  臺灣澎湖地方法院馬公簡易庭\r\n                      法  官  陳介安\r\n以上正本證明與原本無異。\r\n如不服本判決應於收受判決後10日內向本院提出上訴書狀，並應\r\n敘述具體理由；其未敘述上訴理由者，應於上訴期間屆滿後20日\r\n內向本院補提理由書(均須按他造當事人之人數附繕本)「切勿逕\r\n送上級法院」。\r\n中    華    民    國    99    年    8     月    27    日\r\n                      書記官  林長義\r\n附錄本案所犯法條全文：\r\n刑法第268條：\r\n意圖營利，供給賭博場所或聚眾賭博者，處3年以下有期徒刑，\r\n得併科3,000元以下罰金。","type":"判決","historyHash":"a42b81199e678178084a6572cd7c76a3","mainText":"乙○○○、甲○○共同意圖營利，聚眾賭博，各處有期徒刑參月，如易科罰金，均以新臺幣壹仟元折算壹日。","opinion":"","relatedIssues":[{"lawName":"中華民國刑法","issueRef":"28"},{"lawName":"中華民國刑法","issueRef":"41 1"},{"lawName":"中華民國刑法","issueRef":"55"},{"lawName":"中華民國刑法","issueRef":"268"},{"lawName":"中華民國刑法","issueRef":"268"},{"lawName":"中華民國刑法施行法","issueRef":"1-1"},{"lawName":"刑事訴訟法","issueRef":"449 1"},{"lawName":"刑事訴訟法","issueRef":"454 2"}],"party":[{"group":["plaintiff"],"title":"聲請人","value":"臺灣澎湖地方法院檢察署檢察官"},{"group":["defendant"],"title":"被告","value":"乙○○○"},{"group":["defendant"],"title":"被告","value":"甲○○"}]}
