{"court":"臺灣澎湖地方法院","date":"2016-10-31T00:00:00+08:00","no":"105,聲,59","sys":"刑事","reason":"聲請假釋期中交付保護管束","judgement":"臺灣澎湖地方法院刑事裁定　　　　　　　 105年度聲字第59號\r\n聲　請　人　臺灣澎湖地方法院檢察署檢察官\r\n受　刑　人　林煜珅\r\n上列受刑人因違反毒品危害防制條例等案件，經聲請人聲請假釋\r\n期中交付保護管束（105年度執聲付字第9號），本院裁定如下：\r\n    主  文\r\n林煜珅假釋中付保護管束。\r\n    理  由\r\n一、聲請意旨以：受刑人林煜珅因違反毒品危害防制條例等案件\r\n    ，經國防部南部地方軍事法院（聲請人誤載為本院）判決應\r\n    執行有期徒刑6年確定，發監執行後，於民國105年10月14日\r\n    核准假釋，刑期應至106年11月26日終了，依刑法第93條第2\r\n    項之規定，在假釋中應付保護管束，爰依刑事訴訟法第481\r\n    條第1項聲請裁定等語。\r\n二、按假釋出獄者，在假釋中付保護管束，刑法第93條第2項定\r\n    有明文。又刑法第93條第2項之付保護管束，由檢察官聲請\r\n    該案犯罪事實最後裁判之法院裁定之，刑事訴訟法第481條\r\n    第1項前段亦有明文。\r\n三、經查，本案受刑人因違反毒品危害防制條例等案件，經國防\r\n    部南部地方軍事法院以101年度訴字第72號判決判處應執行\r\n    有期徒刑6年確定，現在法務部矯正署臺南監獄臺南分監執\r\n    行中，有臺灣高等法院被告前案紀錄表在卷可稽。茲受刑人\r\n    上開徒刑之執行，業經法務部於105年10月14日以法授矯字\r\n    第10501781420號函核准假釋，刑期終結日期原為107年1月3\r\n    日，依行刑累進處遇條例縮刑日數為38日，無外役監縮短刑\r\n    期日數，縮短刑期後刑期終結日期為106年11月26日等情，\r\n    有法務部矯正署臺南監獄臺南分監假釋出獄人交付保護管束\r\n    名冊1紙附卷可查，是受刑人經假釋在案，尚在所餘刑期中\r\n    無訛。經本院審核有關文件，本院為上開案件之犯罪事實最\r\n    後裁判之法院，認聲請為正當，爰依法裁定受刑人假釋中付\r\n    保護管束。\r\n四、依刑事訴訟法第481條第1項，刑法第96條但書、第93條第2\r\n    項，裁定如主文。\r\n中    華    民    國   105    年    10    月    31    日\r\n                        刑事庭  法  官  倪霈棻\r\n\r\n以上正本證明與原本無異。\r\n如不服本裁定，應於裁定正本送達之翌日起5日內，向本院提出\r\n抗告狀（須附繕本）。\r\n\r\n中    華    民    國   105    年    10    月    31    日\r\n                                書記官  胡湘筠","type":"裁定","historyHash":"","mainText":"林煜珅假釋中付保護管束。","opinion":"三、經查，本案受刑人因違反毒品危害防制條例等案件，經國防部南部地方軍事法院以101年度訴字第72號判決判處應執行有期徒刑6年確定，現在法務部矯正署臺南監獄臺南分監執行中，有臺灣高等法院被告前案紀錄表在卷可稽。茲受刑人上開徒刑之執行，業經法務部於105年10月14日以法授矯字第10501781420號函核准假釋，刑期終結日期原為107年1月3日，依行刑累進處遇條例縮刑日數為38日，無外役監縮短刑期日數，縮短刑期後刑期終結日期為106年11月26日等情，有法務部矯正署臺南監獄臺南分監假釋出獄人交付保護管束名冊1紙附卷可查，是受刑人經假釋在案，尚在所餘刑期中無訛。經本院審核有關文件，本院為上開案件之犯罪事實最後裁判之法院，認聲請為正當，爰依法裁定受刑人假釋中付保護管束。\n四、依刑事訴訟法第481條第1項，刑法第96條但書、第93條第2項，裁定如主文。","relatedIssues":[{"lawName":"中華民國刑法","issueRef":"93 2"},{"lawName":"中華民國刑法","issueRef":"93 2"},{"lawName":"中華民國刑法","issueRef":"93 2"},{"lawName":"中華民國刑法","issueRef":"93 2"},{"lawName":"中華民國刑法","issueRef":"96"},{"lawName":"刑事訴訟法","issueRef":"481 1"},{"lawName":"刑事訴訟法","issueRef":"481 1"},{"lawName":"刑事訴訟法","issueRef":"481 1"}],"party":[{"group":["plaintiff"],"title":"聲請人","value":"臺灣澎湖地方法院檢察署檢察官"},{"group":["defendant"],"title":"受刑人","value":"林煜珅"}]}
