{"court":"臺灣澎湖地方法院","date":"2018-10-24T00:00:00+08:00","no":"107,智易,1","sys":"刑事","reason":"違反著作權法","judgement":"臺灣澎湖地方法院刑事判決　　　　　　　107年度智易字第1號\r\n公　訴　人　臺灣澎湖地方檢察署檢察官\r\n被　　　告　翁婉鋅\r\n上列被告因違反著作權法案件，經檢察官聲請簡易判決處刑（\r\n107 年度偵字第385 號），本院受理後（107 年度馬簡字第141\r\n號），認不宜逕以簡易判決處刑，改依通常程序審理，判決如下\r\n：\r\n    主  文\r\n本件公訴不受理。\r\n    理  由\r\n一、聲請簡易判決處刑意旨略以：被告翁婉鋅明知告訴人全球威\r\n    誠國際開發股份有限公司所拍攝之「○○點心麵」照片，係\r\n    告訴人享有著作財產權之攝影著作，未得告訴人之同意或授\r\n    權，不得擅自重製及公開傳輸，詎其竟意圖銷售，基於侵害\r\n    他人著作財產權之犯意，未經告訴人之同意或授權，於民國\r\n    106年8月間某日時許，在其位於臺北市○○區○○街00號8\r\n    樓B3住處，以電腦及相關設備連結網際網路，使用Google搜\r\n    尋引擎找到前揭圖檔後，即逕予下載、重製，復隨即刊登在\r\n    其PChome個人賣場「○○的專區」網頁上，以此方式侵害告\r\n    訴人之著作財產權。嗣告訴人經理林哲寬上網瀏覽發覺而查\r\n    獲上情。因認被告涉犯著作權法第91條第1項、第92條之擅\r\n    自以重製、公開傳輸之方法侵害他人之著作財產權罪嫌等語\r\n    。\r\n二、按告訴乃論之罪，告訴人於第一審辯論終結前，得撤回其告\r\n    訴，又告訴經撤回者，應諭知不受理之判決，刑事訴訟法第\r\n    238條第1 項、第303 條第3 款分別定有明文。\r\n三、本件被告因違反著作權法案件，經檢察官向本院聲請以簡易\r\n    判決處刑，認被告係犯著作權法第91條第1 項及第92條罪嫌\r\n    ，依同法第100 條前段之規定，均須告訴乃論。茲因被告與\r\n    告訴人成立調解並給付告訴人新臺幣3 萬元，告訴人撤回告\r\n    訴，此有本院調解筆錄及聲請撤回告訴狀（見107 年度馬簡\r\n    字第141 號卷第51、59至61頁）附卷可稽，揆諸前揭規定，\r\n    本件爰不經言詞辯論，逕為不受理之判決。\r\n四、依刑事訴訟法第452條、第303條第3款、第307條，判決如主\r\n    文。\r\n本案經檢察官陳建佑聲請以簡易判決處刑。\r\n中    華    民    國   107    年    10    月    24    日\r\n                  刑事庭  審判長法  官  呂明燕\r\n                                法  官  吳宏榮\r\n                                法  官  陳立祥\r\n\r\n以上正本證明與原本無異。\r\n如不服本判決應於收受判決後10日內向本院提出上訴書狀，並應\r\n敘述具體理由；其未敘述上訴理由者，應於上訴期間屆滿後20日\r\n內向本院補提理由書(均須按他造當事人之人數附繕本)「切勿逕\r\n送上級法院」。\r\n\r\n中    華    民    國   107    年    10    月    24    日\r\n                                書記官  胡湘筠","type":"判決","historyHash":"5d1580fdebf01cb528ffd29e","mainText":"本件公訴不受理。","opinion":"二、按告訴乃論之罪，告訴人於第一審辯論終結前，得撤回其告訴，又告訴經撤回者，應諭知不受理之判決，刑事訴訟法第238條第1 項、第303 條第3 款分別定有明文。\n三、本件被告因違反著作權法案件，經檢察官向本院聲請以簡易判決處刑，認被告係犯著作權法第91條第1 項及第92條罪嫌，依同法第100 條前段之規定，均須告訴乃論。茲因被告與告訴人成立調解並給付告訴人新臺幣3 萬元，告訴人撤回告訴，此有本院調解筆錄及聲請撤回告訴狀（見107 年度馬簡字第141 號卷第51、59至61頁）附卷可稽，揆諸前揭規定，本件爰不經言詞辯論，逕為不受理之判決。\n四、依刑事訴訟法第452條、第303條第3款、第307條，判決如主文。\n本案經檢察官陳建佑聲請以簡易判決處刑。","relatedIssues":[{"lawName":"刑事訴訟法","issueRef":"238 1"},{"lawName":"刑事訴訟法","issueRef":"303 1 3"},{"lawName":"刑事訴訟法","issueRef":"303 1 3"},{"lawName":"刑事訴訟法","issueRef":"307"},{"lawName":"刑事訴訟法","issueRef":"452"},{"lawName":"著作權法","issueRef":"91 1"},{"lawName":"著作權法","issueRef":"91 1"},{"lawName":"著作權法","issueRef":"92"},{"lawName":"著作權法","issueRef":"92"},{"lawName":"著作權法","issueRef":"100"}],"party":[{"group":["plaintiff"],"title":"公訴人","value":"臺灣澎湖地方檢察署檢察官"},{"group":["defendant"],"title":"被告","value":"翁婉鋅"}]}
