{"court":"臺灣澎湖地方法院","date":"2015-01-06T00:00:00+08:00","no":"103,毒聲,32","sys":"刑事","reason":"聲請強制戒治","judgement":"臺灣澎湖地方法院刑事裁定　　　　　　 103年度毒聲字第32號\r\n聲　請　人　臺灣澎湖地方法院檢察署檢察官\r\n被　　　告　蔡以杰\r\n上列被告因違反毒品危害防制條例案件，經檢察官聲請送強制戒\r\n治（103年度聲戒字第2號），本院裁定如下：\r\n    主  文\r\n蔡以杰令入戒治處所強制戒治，其期間為陸個月以上，至無繼續\r\n強制戒治之必要為止，但最長不得逾壹年。\r\n    理  由\r\n一、聲請意旨略以：被告蔡以杰因施用第二級毒品案件，經本院\r\n    裁定送觀察、勒戒後，認有繼續施用毒品之傾向，爰依毒品\r\n    危害防制條例第20條第2項後段規定，聲請裁定令入戒治處\r\n    所強制戒治等語。\r\n二、按犯第10條之罪者，檢察官應聲請法院裁定，或少年法院（\r\n    地方法院少年法庭）應先裁定，令被告或少年入勒戒處所觀\r\n    察、勒戒，其期間不得逾2月；觀察、勒戒後，檢察官或少\r\n    年法院（地方法院少年法庭）依據勒戒處所之陳報，認受觀\r\n    察、勒戒人有繼續施用毒品傾向者，檢察官應聲請法院裁定\r\n    或由少年法院（地方法院少年法庭）裁定令入戒治處所強制\r\n    戒治，其期間為6個月以上，至無繼續強制戒治之必要為止\r\n    。但最長不得逾一年，毒品危害防制條例第20條第1項、第2\r\n    項後段定有明文。又按受觀察、勒戒人經觀察、勒戒結果，\r\n    無繼續施用毒品傾向者，檢察官或少年法院（庭）應即命令\r\n    或裁定將其釋放，其觀察、勒戒期間屆滿，未獲檢察官命令\r\n    或少年法院（庭）裁定者，勒戒處所應逕將受觀察、勒戒人\r\n    釋放，同時通知檢察官或少年法院（庭）；有繼續施用毒品\r\n    傾向者，於勒戒處所依法院或由少年法院（庭）裁定移送戒\r\n    治處所施以強制戒治前，應繼續收容。其收容期間，計入戒\r\n    治期間，觀察勒戒處分執行條例第8條第2項亦有明文。再參\r\n    酌毒品危害防制條例認施用毒品者具「病患性犯人」之特質\r\n    ，欲藉觀察、勒戒方式戒除其身癮，及以強制戒治方式戒除\r\n    其心癮之立法目的，可知於受觀察、勒戒人有繼續施用毒品\r\n    傾向情況下，縱於受觀察、勒戒人於觀察、勒戒期間屆滿後\r\n    ，勒戒處所仍應繼續予以收容，並由法院裁定就受觀察、勒\r\n    戒人是否有應施以強制戒治必要為判斷。經查：\r\n(一)被告蔡以杰因施用第二級毒品案件，經本院以103年度毒聲\r\n    字第11號裁定令入勒戒處所觀察、勒戒後，檢察官核發執行\r\n    指揮書，自民國103年10月30日起開始執行，執行期滿日為\r\n    同年12月29日，嗣被告蔡以杰經判定有繼續施用毒品之傾向\r\n    ，檢察官乃向本院聲請強制戒治，該案於103年12月26日繫\r\n    屬於本院等情，有臺灣高等法院被告前案紀錄表、103年毒\r\n    偵字第34號觀察勒戒處分執行指揮書及本院收文章在卷可按\r\n    。本件被告蔡以杰既經判定有繼續施用毒品之傾向，則勒戒\r\n    所得依上開規定繼續予以收容，並於法院裁定後，將收容期\r\n    間計入戒治期間，於被告蔡以杰之權益並無影響，先予敘明\r\n    。\r\n(二)被告蔡以杰經送勒戒處所執行觀察、勒戒處分後，經法務部\r\n    矯正署澎湖看守所附設勒戒處所評分結果為：前科紀錄與行\r\n    為表現部分為30分、臨床評估部分為26分、社會穩定度部分\r\n    為10分，以上總分合計為66分（靜態因子共計52分、動態因\r\n    子共計14分），經評定為「有繼續施用毒品傾向」乙情，有\r\n    該所103年12月2日澎所衛字第00000000000號函附「有無繼\r\n    續施用毒品傾向證明書」及「有無繼續施用毒品傾向評估標\r\n    準紀錄表」等件在卷可稽。查該評估既係該所相關專業知識\r\n    經驗人士於被告蔡以杰觀察勒戒期間，依其本職學識評估被\r\n    告蔡以杰之前科紀錄與行為表現、臨床評估、社會穩定度所\r\n    為之綜合判斷，具有科學驗證所得之結論，自形式上觀察並\r\n    無擅斷或濫權等明顯不當之情事，則其判定被告蔡以杰有繼\r\n    續施用毒品傾向，並無不合，法院即應予以尊重。是以，本\r\n    件聲請為有理由，應予准許。\r\n三、依毒品危害防制條例第20條第2項後段，裁定如主文。\r\n中    華    民    國     104    年    1    月    6    日\r\n                        刑事庭  法  官  鍾孟容\r\n以上正本證明與原本無異。\r\n如不服本裁定，應於裁定送達之翌日起5日內，向本院提出抗告\r\n狀（須附繕本）。\r\n中    華    民    國    104     年    1    月    6    日\r\n                                書記官  王耀煌","type":"裁定","historyHash":"","mainText":"蔡以杰令入戒治處所強制戒治，其期間為陸個月以上，至無繼續強制戒治之必要為止，但最長不得逾壹年。","opinion":"二、按犯第10條之罪者，檢察官應聲請法院裁定，或少年法院（地方法院少年法庭）應先裁定，令被告或少年入勒戒處所觀察、勒戒，其期間不得逾2月；觀察、勒戒後，檢察官或少年法院（地方法院少年法庭）依據勒戒處所之陳報，認受觀察、勒戒人有繼續施用毒品傾向者，檢察官應聲請法院裁定或由少年法院（地方法院少年法庭）裁定令入戒治處所強制戒治，其期間為6個月以上，至無繼續強制戒治之必要為止。但最長不得逾一年，毒品危害防制條例第20條第1項、第2項後段定有明文。又按受觀察、勒戒人經觀察、勒戒結果，無繼續施用毒品傾向者，檢察官或少年法院（庭）應即命令或裁定將其釋放，其觀察、勒戒期間屆滿，未獲檢察官命令或少年法院（庭）裁定者，勒戒處所應逕將受觀察、勒戒人釋放，同時通知檢察官或少年法院（庭）；有繼續施用毒品傾向者，於勒戒處所依法院或由少年法院（庭）裁定移送戒治處所施以強制戒治前，應繼續收容。其收容期間，計入戒治期間，觀察勒戒處分執行條例第8條第2項亦有明文。再參酌毒品危害防制條例認施用毒品者具「病患性犯人」之特質，欲藉觀察、勒戒方式戒除其身癮，及以強制戒治方式戒除其心癮之立法目的，可知於受觀察、勒戒人有繼續施用毒品傾向情況下，縱於受觀察、勒戒人於觀察、勒戒期間屆滿後，勒戒處所仍應繼續予以收容，並由法院裁定就受觀察、勒戒人是否有應施以強制戒治必要為判斷。經查：\n(一)被告蔡以杰因施用第二級毒品案件，經本院以103年度毒聲字第11號裁定令入勒戒處所觀察、勒戒後，檢察官核發執行指揮書，自民國103年10月30日起開始執行，執行期滿日為同年12月29日，嗣被告蔡以杰經判定有繼續施用毒品之傾向，檢察官乃向本院聲請強制戒治，該案於103年12月26日繫屬於本院等情，有臺灣高等法院被告前案紀錄表、103年毒偵字第34號觀察勒戒處分執行指揮書及本院收文章在卷可按。本件被告蔡以杰既經判定有繼續施用毒品之傾向，則勒戒所得依上開規定繼續予以收容，並於法院裁定後，將收容期間計入戒治期間，於被告蔡以杰之權益並無影響，先予敘明。\n(二)被告蔡以杰經送勒戒處所執行觀察、勒戒處分後，經法務部矯正署澎湖看守所附設勒戒處所評分結果為：前科紀錄與行為表現部分為30分、臨床評估部分為26分、社會穩定度部分為10分，以上總分合計為66分（靜態因子共計52分、動態因子共計14分），經評定為「有繼續施用毒品傾向」乙情，有該所103年12月2日澎所衛字第00000000000號函附「有無繼續施用毒品傾向證明書」及「有無繼續施用毒品傾向評估標準紀錄表」等件在卷可稽。查該評估既係該所相關專業知識經驗人士於被告蔡以杰觀察勒戒期間，依其本職學識評估被告蔡以杰之前科紀錄與行為表現、臨床評估、社會穩定度所為之綜合判斷，具有科學驗證所得之結論，自形式上觀察並無擅斷或濫權等明顯不當之情事，則其判定被告蔡以杰有繼續施用毒品傾向，並無不合，法院即應予以尊重。是以，本件聲請為有理由，應予准許。\n三、依毒品危害防制條例第20條第2項後段，裁定如主文。","relatedIssues":[{"lawName":"毒品危害防制條例","issueRef":"20 1"},{"lawName":"毒品危害防制條例","issueRef":"20 2"},{"lawName":"毒品危害防制條例","issueRef":"20 2"},{"lawName":"毒品危害防制條例","issueRef":"20 2"},{"lawName":"觀察勒戒處分執行條例","issueRef":"8 2"}],"party":[{"group":["plaintiff"],"title":"聲請人","value":"臺灣澎湖地方法院檢察署檢察官"},{"group":["defendant"],"title":"被告","value":"蔡以杰"}]}
