{"court":"臺灣澎湖地方法院","date":"2008-02-01T00:00:00+08:00","no":"97,馬簡,6","sys":"刑事","reason":"竊盜","judgement":"臺灣澎湖地方法院刑事簡易判決　　　　　 97年度馬簡字第6號\r\n聲　請　人　臺灣澎湖地方法院檢察署檢察官\r\n被　　　告　甲○○\r\n上列被告因竊盜案件，經檢察官聲請以簡易判決處刑（96年度偵\r\n字第847號）本院判決如下：\r\n    主      文\r\n甲○○竊盜，處拘役貳拾日，如易科罰金，以新臺幣壹仟元折算\r\n壹日，減為拘役拾日，如易科罰金，以新臺幣壹仟元折算壹日。\r\n    事實及理由\r\n一、本件犯罪事實、證據、應適用法條，均引用檢察官聲請簡易\r\n    判決處刑書之記載（如附件）。\r\n二、依刑事訴訟法第449條第1項前段，刑法第320條第1項、第41\r\n    條第1項前段，刑法施行法第1條之1，中華民國九十六年罪\r\n    犯減刑條例第2條第1項第3款、第7條，逕以簡易判決如主文\r\n    。\r\n中　　華　　民　　國　　97　　年　　2 　　月　　1 　　日\r\n  　　　　　　　　臺灣澎湖地方法院馬公簡易庭\r\n                      法　官　陳介安\r\n以上正本證明與原本無異。\r\n如不服本件判決，得自收受送達之日起10日內，表明上訴理由，\r\n向本庭（澎湖縣馬公市西文里西文澳310號）提起上訴狀（須附\r\n繕本）。\r\n中　　華　　民　　國　　97　　年　　2 　　月　　1 　　日\r\n                      書記官　林長義\r\n附錄本案論罪科刑法條全文：\r\n刑法第320條第1項︰\r\n意圖為自己或第3人不法之所有，而竊取他人之動產者，為竊盜\r\n罪，處5年以下有期徒刑、拘役或科500元以下罰金。","type":"判決","historyHash":"","mainText":"甲○○竊盜，處拘役貳拾日，如易科罰金，以新臺幣壹仟元折算壹日，減為拘役拾日，如易科罰金，以新臺幣壹仟元折算壹日。","opinion":"","relatedIssues":[{"lawName":"中華民國九十六年罪犯減刑條例","issueRef":"2 1 3"},{"lawName":"中華民國九十六年罪犯減刑條例","issueRef":"7"},{"lawName":"中華民國刑法","issueRef":"41 1"},{"lawName":"中華民國刑法","issueRef":"320 1"},{"lawName":"中華民國刑法","issueRef":"320 1"},{"lawName":"中華民國刑法施行法","issueRef":"1-1"},{"lawName":"刑事訴訟法","issueRef":"449 1"}],"party":[{"group":["plaintiff"],"title":"聲請人","value":"臺灣澎湖地方法院檢察署檢察官"},{"group":["defendant"],"title":"被告","value":"甲○○"}]}
