{"court":"臺灣澎湖地方法院","date":"2015-03-19T00:00:00+08:00","no":"104,除,2","sys":"民事","reason":"除權判決","judgement":"臺灣澎湖地方法院民事判決　　　　　　　　104年度除字第2號\r\n聲　請　人　高譜實業股份有限公司\r\n法定代理人　黃秋芬　\r\n訴訟代理人　吳麗卿　\r\n上列聲請人聲請除權判決事件，本院判決如下：\r\n    主  文\r\n附表所示之證券無效。\r\n程序費用由聲請人負擔。\r\n    理  由\r\n一、上開證券經本院以103年度司催字第8號公示催告在案。\r\n二、所定申報權利期間已於104年1月7日屆滿，迄今無人申報權\r\n    利。\r\n三、依民事訴訟法第564條第1項、第549條之1，判決如主文。\r\n中    華    民    國   104    年    3     月    19    日\r\n                        民事庭  法  官  陳炫谷\r\n┌─────────────────────────────────────────────────┐\r\n│支票附表：                                                                        104年度除字第2號│\r\n├──┬─────────┬─────────┬──────┬────────┬───────┬──┤\r\n│編號│  發    票    人  │  付    款    人  │發   票   日│票面金額(新台幣)│支  票  號  碼│備考│\r\n├──┼─────────┼─────────┼──────┼────────┼───────┼──┤\r\n│001 │柄森企業有限公司  │合作金庫澎湖分行  │103年6月25日│154,350元       │SC0000000     │    │\r\n└──┴─────────┴─────────┴──────┴────────┴───────┴──┘\r\n以上正本係照原本作成。\r\n本判決不得上訴。\r\n中    華    民    國   104    年    3     月    19    日\r\n                                書記官  林德盛","type":"判決","historyHash":"","mainText":"附表所示之證券無效。\n程序費用由聲請人負擔。","opinion":"理  由\n一、上開證券經本院以103年度司催字第8號公示催告在案。\n二、所定申報權利期間已於104年1月7日屆滿，迄今無人申報權利。\n三、依民事訴訟法第564條第1項、第549條之1，判決如主文。","relatedIssues":[{"lawName":"民事訴訟法","issueRef":"549-1"},{"lawName":"民事訴訟法","issueRef":"564 1"}],"party":[{"group":["plaintiff"],"title":"聲請人","value":"高譜實業股份有限公司"},{"group":[],"title":"法定代理人","value":"黃秋芬"},{"group":["plaintiff","agentAdLitem"],"title":"訴訟代理人","value":"吳麗卿"}]}
