{"court":"臺灣澎湖地方法院","date":"2017-04-21T00:00:00+08:00","no":"106,司促,343","sys":"民事","reason":"支付命令","judgement":"臺灣澎湖地方法院支付命令　　　　　　106年度司促字第343號\r\n債　權　人　花旗(台灣)商業銀行股份有限公司\r\n法定代理人　管國霖\r\n債　務　人　邱萄\r\n一、債務人應向債權人給付新臺幣貳拾貳萬柒仟玖佰肆拾貳元，\r\n　　及自民國九十七年二月十一日起至清償日止，按年息百分之\r\n　　十計算之利息，並賠償督促程序費用新臺幣伍佰元，否則應\r\n　　於本命令送達後二十日之不變期間內，向本院提出異議。\r\n二、債權人請求之原因事實：\r\n　　緣相對人邱萄於民國95年6月10日向聲請人申辦中華民國銀\r\n　　行公會會員辦理消費金融案件無擔保債務協商(帳號：00000\r\n　　000000000)，詎相對人逾期未為繳款，迄今尚欠如利息附表\r\n　　序號1所示之本金及利息，案經聲請人數次通知其前來履行\r\n　　，均未獲置理，故相對人顯有故意違約之實，確有督促其履\r\n　　行之必要。本件為請求一定數量金錢為標的，為求簡速，特\r\n　　依民事訴訟法第五百零八條之規定，狀請鈞院鑒核，迅賜對\r\n　　相對人發給支付命令，並負擔督促程序費用，俾保債權，至\r\n　　感德便。\r\n釋明文件：債權證明文件\r\n三、債務人未於不變期間內提出異議時，債權人得依法院核發之\r\n　　支付命令及確定證明書聲請強制執行。\r\n中　　華　　民　　國　 106　　年　　4　　 月　　21　　日\r\n　　　　　　　　　　　　民事庭　司法事務官\r\n◎附註：\r\n一、債權人、債務人如於事後遞狀均請註明案號、股別。\r\n二、債權人應於收受支付命令後5日內，提出債務人最新戶籍謄\r\n　　本（記事欄勿省略），以核對支付命令是否合法送達債務人\r\n　　；如債務人係法人，則應提出法人最近登記資料（例如公司\r\n　　設立變更登記事項表）及法定代理人最新戶籍謄本（記事欄\r\n　　勿省略），以核對是否合法送達。（否則無法核發確定證明\r\n　　書）\r\n三、債務人於收受本支付命令後，如認支付命令所述之債權或其\r\n　　金額，有虛偽不實或錯誤情事者，應即向本院聲明異議，切\r\n　　勿認本件支付命令係詐騙手法而置之不理，致支付命令因逾\r\n　　期未聲明異議，可據為強制執行之執行名義，進而所有財產\r\n　　（諸如不動產、存款、薪水）遭受法院查封或拍賣之強制執\r\n　　行。本院非訟中心之聯絡電話(00)0000000分機212。\r\n四、案件一經確定，本院依職權逕行核發確定證明書，債權人毋\r\n　　庸另行聲請。","type":"","historyHash":"","mainText":"","opinion":"","relatedIssues":[{"lawName":"民事訴訟法","issueRef":"508"}],"party":[{"group":[],"title":"債權人","value":"花旗"},{"group":[],"title":"法定代理人","value":"管國霖"},{"group":[],"title":"債務人","value":"邱萄"}]}
