{"court":"臺灣澎湖地方法院","date":"2010-01-08T00:00:00+08:00","no":"97,執消債更,9","sys":"民事","reason":"更生事件","judgement":"臺灣澎湖地方法院民事裁定　　　　　 97年度執消債更字第9號\r\n債　務　人　盧富源\r\n債　權　人　台灣土地銀行股份有限公司\r\n法定代理人　蔡慶年\r\n債　權　人　合作金庫商業銀行股份有限公司\r\n法定代理人　劉燈城\r\n代　理　人　鄭志誠\r\n債　權　人　遠東國際商業銀行股份有限公司\r\n法定代理人　洪信德\r\n代　理　人　張國保\r\n債　權　人　玉山商業銀行股份有限公司\r\n法定代理人　黃永仁\r\n代　理　人　洪英郎\r\n債　權　人　萬泰商業銀行股份有限公司\r\n法定代理人　韓傑輔\r\n債　權　人　安泰商業銀行股份有限公司\r\n法定代理人　丁予康\r\n債　權　人　滙誠第二資產管理股份有限公司（受讓慶豐商業銀\r\n　　　　　　行債權）\r\n法定代理人　王裕南\r\n債　權　人　國泰世華商業銀行股份有限公司\r\n法定代理人　汪國華\r\n代　理　人　李欣潔\r\n上列當事人聲請消費者債務清理事件，本院裁定如下：\r\n    主  文\r\n債務人所提如附件一所示之更生方案應予認可，並自本裁定確定\r\n之次月起，於每月十五日給付債權人。\r\n債務人在未依更生條件全部履行完畢前，其生活程度應受如附件\r\n二所示之限制。\r\n    理  由\r\n一、按債務人有薪資、執行業務所得或其他固定收入，法院認更\r\n    生方案之條件公允者，得不經債權人會議可決，逕依債務人\r\n    之聲請或依職權以裁定認可更生方案；法院為認可之裁定時\r\n    ，因更生方案履行之必要，對於債務人在未依更生條件全部\r\n    履行完畢前之生活程度，得為相當之限制，消費者債務清理\r\n    條例第64條第1項、第62條第2項分別定有明文。\r\n二、查本件債務人聲請更生，前經本院裁定開始更生程序在案，\r\n    有裁定一份在卷可參。又債務人確有薪資收入之事實，亦有\r\n    在職證明、所得清單在卷足憑。而觀諸債務人所提如附件一\r\n    所示之更生方案，考量債務人於明輝汽車貨運行工作，每月\r\n    收入約新臺幣（下同）28,000元，配偶有聽覺障礙而無工作\r\n    及收入，債務人須獨自扶養配偶及兩名未成年子女，每月尚\r\n    須給付母親2,000元孝親費，則債務人每月清償4,369元，其\r\n    條件應屬公允、適當、可行，且無同條例第63條所定不應認\r\n    可之消極事由存在，故不經債權人會議可決，予以認可該更\r\n    生方案。此外，債務人之生活程度，在更生條件履行完畢前\r\n    ，另裁定為相當之限制。\r\n中    華    民    國    99    年     1    月     8    日\r\n                      民事庭法  官  陳介安\r\n上為正本係照原本作成\r\n於債權人會議不同意更生方案之債權人如不服本裁定，應於裁定\r\n送達後10日內，以書狀向本院提出抗告，並繳納抗告費新臺幣1\r\n千元。\r\n中    華    民    國    99    年     1    月     8    日\r\n                            書記官  呂黎明\r\n附件一：更生方案\r\n ┌──────────────────────────┐\r\n │壹、更生方案內容                                    │\r\n │1.認可裁定確定之次月起，每一月為一期，共96期。      │\r\n │2.每期清償新台幣（下同）4,369元                     │\r\n │3.無擔保債務總金額：1,029,444元                     │\r\n │4.清償總金額：419,424元                             │\r\n │5.清償比例：40.74%                                  │\r\n ├──────────────────────────┤\r\n │貳、更生清償分配表                                  │\r\n ├──┬──────────┬─────┬──────┤\r\n │編號│無擔保及無優先債權人│ 債權金額 │每期分配金額│\r\n ├──┼──────────┼─────┼──────┤\r\n │ 1  │  遠東商業銀行      │   119,813│        508 │\r\n ├──┼──────────┼─────┼──────┤\r\n │ 2  │  萬泰商業銀行      │   108,628│        461 │\r\n ├──┼──────────┼─────┼──────┤\r\n │ 3  │  玉山商業銀行      │    19,705│         84 │\r\n ├──┼──────────┼─────┼──────┤\r\n │ 4  │  國泰世華商業銀行  │   414,672│      1,760 │\r\n ├──┼──────────┼─────┼──────┤\r\n │ 5  │  慶豐商業銀行      │    39,366│        167 │\r\n ├──┼──────────┼─────┼──────┤\r\n │ 6  │  安泰商業銀行      │   245,276│      1,041 │\r\n ├──┼──────────┼─────┼──────┤\r\n │ 7  │  土地銀行          │    49,319│        209 │\r\n ├──┼──────────┼─────┼──────┤\r\n │ 8  │  合作金庫商業銀行  │    32,665│        139 │\r\n ├──┼──────────┼─────┼──────┤\r\n │    │     合      計     │ 1,029,444│      4,369 │\r\n └──┴──────────┴─────┴──────┘\r\n附件二\r\n 債務人在未依更生條件全部履行完畢前，應受下列生活限制：\r\n 1、不得為奢侈、浪費之行為。\r\n 2、不得為賭博或投機行為\r\n 3、不得為金錢借貸行為。\r\n 4、不得為不動產之處分。\r\n 5、不得從事國外旅遊等消費活動\r\n 6、不得投資金融商品（如股票、基金等）。\r\n 7、不得駕駛超過新台幣500,000元以上之車輛。但因營業謀生\r\n    必要者不在此限\r\n 8、每月日常生活支出不得超過政府公告當年度各縣市之最低生\r\n    活標準。","type":"裁定","historyHash":"","mainText":"債務人所提如附件一所示之更生方案應予認可，並自本裁定確定之次月起，於每月十五日給付債權人。\n債務人在未依更生條件全部履行完畢前，其生活程度應受如附件二所示之限制。","opinion":"一、按債務人有薪資、執行業務所得或其他固定收入，法院認更生方案之條件公允者，得不經債權人會議可決，逕依債務人之聲請或依職權以裁定認可更生方案；法院為認可之裁定時，因更生方案履行之必要，對於債務人在未依更生條件全部履行完畢前之生活程度，得為相當之限制，消費者債務清理條例第64條第1項、第62條第2項分別定有明文。\n二、查本件債務人聲請更生，前經本院裁定開始更生程序在案，有裁定一份在卷可參。又債務人確有薪資收入之事實，亦有在職證明、所得清單在卷足憑。而觀諸債務人所提如附件一所示之更生方案，考量債務人於明輝汽車貨運行工作，每月收入約新臺幣（下同）28,000元，配偶有聽覺障礙而無工作及收入，債務人須獨自扶養配偶及兩名未成年子女，每月尚須給付母親2,000元孝親費，則債務人每月清償4,369元，其條件應屬公允、適當、可行，且無同條例第63條所定不應認可之消極事由存在，故不經債權人會議可決，予以認可該更生方案。此外，債務人之生活程度，在更生條件履行完畢前，另裁定為相當之限制。","relatedIssues":[{"lawName":"消費者債務清理條例","issueRef":"62 2"},{"lawName":"消費者債務清理條例","issueRef":"63"},{"lawName":"消費者債務清理條例","issueRef":"64 1"}],"party":[{"group":[],"title":"債務人","value":"盧富源"},{"group":[],"title":"債權人","value":"台灣土地銀行股份有限公司"},{"group":[],"title":"法定代理人","value":"蔡慶年"},{"group":[],"title":"債權人","value":"合作金庫商業銀行股份有限公司"},{"group":[],"title":"法定代理人","value":"劉燈城"},{"group":["agentAdLitem"],"title":"代理人","value":"鄭志誠"},{"group":[],"title":"債權人","value":"遠東國際商業銀行股份有限公司"},{"group":[],"title":"法定代理人","value":"洪信德"},{"group":["agentAdLitem"],"title":"代理人","value":"張國保"},{"group":[],"title":"債權人","value":"玉山商業銀行股份有限公司"},{"group":[],"title":"法定代理人","value":"黃永仁"},{"group":["agentAdLitem"],"title":"代理人","value":"洪英郎"},{"group":[],"title":"債權人","value":"萬泰商業銀行股份有限公司"},{"group":[],"title":"法定代理人","value":"韓傑輔"},{"group":[],"title":"債權人","value":"安泰商業銀行股份有限公司"},{"group":[],"title":"法定代理人","value":"丁予康"},{"group":[],"title":"債權人","value":"滙誠第二資產管理股份有限公司"},{"group":[],"title":"法定代理人","value":"王裕南"},{"group":[],"title":"債權人","value":"國泰世華商業銀行股份有限公司"},{"group":[],"title":"法定代理人","value":"汪國華"},{"group":["agentAdLitem"],"title":"代理人","value":"李欣潔"}]}
