{"court":"臺灣澎湖地方法院","date":"2017-07-06T00:00:00+08:00","no":"106,司票,38","sys":"民事","reason":"本票裁定","judgement":"臺灣澎湖地方法院民事裁定　　　　　　 106年度司票字第38號\r\n聲　請　人　余致祥\r\n一上列聲請人與相對人陳美玉間本票裁定事件，聲請人應於收受\r\n　本裁定送達後5日內補正下列事項，逾期不補，即駁回其聲請\r\n　，特此裁定。\r\n　●(一)繳納聲請費新臺幣500元。\r\n　●(二)提出票據號碼為TH091324號之本票原本。\r\n二、如不服本裁定，應於裁定送達後10日內，以書狀向司法事務\r\n　　官提出異議。\r\n中　　華　　民　　國　 106　　年　　7　　 月　　6　　 日\r\n　　　　　　　　　　　　民事庭　司法事務官","type":"裁定","historyHash":"","mainText":"","opinion":"","relatedIssues":[],"party":[{"group":["plaintiff"],"title":"聲請人","value":"余致祥"}]}
