{"court":"臺灣澎湖地方法院","date":"2012-01-30T00:00:00+08:00","no":"101,聲,1","sys":"民事","reason":"停止強制執行","judgement":"臺灣澎湖地方法院民事裁定　　　　　　　　101年度聲字第1號\r\n聲　請　人　洪志忠\r\n相　對　人　崔茂東\r\n上列當事人間聲請停止執行事件，本院裁定如下：\r\n    主  文\r\n聲請人供擔保新臺幣貳萬陸仟元後，本院一百年度司執字第四○\r\n二一號給付票款強制執行事件之執行程序，於本院一○一年度馬\r\n簡字第五號確認本票債權不存在事件判決確定、和解或撤回起訴\r\n前，應暫予停止。\r\n程序費用由相對人負擔。\r\n    理  由\r\n一、按強制執行程序開始後，除法律另有規定外，不停止執行；\r\n    發票人主張本票係偽造、變造者，於前條裁定送達後20日內\r\n    ，得對執票人向為裁定之法院提起確認之訴；發票人主張本\r\n    票債權不存在而提起確認之訴不合於第一項之規定者，法院\r\n    依發票人之聲請，得許其提供相當並確實之擔保，停止強制\r\n    執行，強制執行法第18條第1項、非訟事件法第195條第 1項\r\n    、第3項分別定有明文。又上開擔保係備供債權人因停止執\r\n    行所受損害之賠償，因此本院酌定擔保金額，係以債權人因\r\n    本件停止執行所可能遭受之損害為考量之依據（最高法院91\r\n    年度台抗字第429號裁判意旨參照）。\r\n二、聲請意旨略以：相對人以本院100年度司票字第76號本票裁\r\n    定為執行名義，聲請扣押並收取澎湖縣湖西鄉公所（下稱湖\r\n    西鄉公所）對聲請人之薪資債權，經本院民事執行處以100\r\n    年度司執字第4021號清償票款強制執行事件受理在案，惟聲\r\n    請人對上開執行名義業向本院提起確認本票債權不存在訴訟\r\n    ，為避免聲請人發生不能回復之損害，爰聲請准予本件停止\r\n    執行等語。\r\n三、查聲請人即債務人主張相對人即債權人以本院100年度司票\r\n    字第76號民事裁定為執行名義，聲請就債務人對湖西鄉公所\r\n    之薪資債權三分之一範圍內予以扣押並收取，而其業以前開\r\n    民事裁定所示本票之債權不存在為由，提起確認本票債權不\r\n    存在之訴等情，業據本院調閱本院101年度馬簡字第5號確認\r\n    本票債權不存在之訴、100年度司執字第4021號給付票款強\r\n    制執行事件卷宗查核無誤，堪認屬實。揆諸首揭法條規定，\r\n    應認其聲請於法尚無不合，當予准許。\r\n四、本件相對人聲請強制執行之債權金額為票款新臺幣（下同）\r\n    20萬元、程序費用1,000元及執行費用1,600元，合計為20\r\n    萬2,600元。嗣經執行法院核發執行命令，由相對人就聲請\r\n    人對第三人湖西鄉公所每月得支領之薪資債權三分之一移轉\r\n    於相對人，迄今已移轉於相對人20,719元，有公務電話紀錄\r\n    在卷可查。是相對人聲請執行尚未獲償之債權餘額為181,\r\n    881元（202,600-20,719＝181,881），則相對人因停止強制\r\n    執行程序所可能蒙受之損害，應為該停止期間無法受償之利\r\n    息損失。又兩造間本院100年度馬簡字第5號確認本票債權不\r\n    存在事件，訴訟標的金額為20萬元，依據民事訴訟法第466\r\n    條第1項規定，係不得上訴第三審。是參考各級法院辦案期\r\n    限實施要點第2點規定，民事簡易事件第一審之辦案期限為\r\n    10個月，第二審之辦案期限為2年，而兩造間本案訴訟，現\r\n    係以簡易訴訟第一審程序繫屬於本院，繫屬本院時間為101\r\n    年1月12日，預估相對人因停止執行即可能遭2年又10月相當\r\n    於法定遲延利息之損害額，約為25,766元【計算式：\r\n    181,881元×5%×34/12=25,766，小數點以下四捨五入】，\r\n    茲酌定本件停止執行之擔保金額為26,000元。\r\n五、依強制執行法第18條第2項，民事訴訟法第95條、第78條，\r\n    裁定如主文。\r\n中    華    民    國   101    年    1     月    30    日\r\n                        民事庭  法  官  鍾孟容\r\n以上正本係照原本作成。\r\n如對本裁定抗告，應於收受裁定正本送達後日內向本院提出抗告\r\n狀，並繳納抗告裁判費新臺幣1,000元。\r\n中    華    民    國    101    年    1    月    30    日\r\n                                書記官  林長義","type":"裁定","historyHash":"","mainText":"聲請人供擔保新臺幣貳萬陸仟元後，本院一百年度司執字第四○二一號給付票款強制執行事件之執行程序，於本院一○一年度馬簡字第五號確認本票債權不存在事件判決確定、和解或撤回起訴前，應暫予停止。\n程序費用由相對人負擔。","opinion":"一、按強制執行程序開始後，除法律另有規定外，不停止執行；發票人主張本票係偽造、變造者，於前條裁定送達後20日內，得對執票人向為裁定之法院提起確認之訴；發票人主張本票債權不存在而提起確認之訴不合於第一項之規定者，法院依發票人之聲請，得許其提供相當並確實之擔保，停止強制執行，強制執行法第18條第1項、非訟事件法第195條第 1項、第3項分別定有明文。又上開擔保係備供債權人因停止執行所受損害之賠償，因此本院酌定擔保金額，係以債權人因本件停止執行所可能遭受之損害為考量之依據（最高法院91年度台抗字第429號裁判意旨參照）。\n二、聲請意旨略以：相對人以本院100年度司票字第76號本票裁定為執行名義，聲請扣押並收取澎湖縣湖西鄉公所（下稱湖西鄉公所）對聲請人之薪資債權，經本院民事執行處以100年度司執字第4021號清償票款強制執行事件受理在案，惟聲請人對上開執行名義業向本院提起確認本票債權不存在訴訟，為避免聲請人發生不能回復之損害，爰聲請准予本件停止執行等語。\n三、查聲請人即債務人主張相對人即債權人以本院100年度司票字第76號民事裁定為執行名義，聲請就債務人對湖西鄉公所之薪資債權三分之一範圍內予以扣押並收取，而其業以前開民事裁定所示本票之債權不存在為由，提起確認本票債權不存在之訴等情，業據本院調閱本院101年度馬簡字第5號確認本票債權不存在之訴、100年度司執字第4021號給付票款強制執行事件卷宗查核無誤，堪認屬實。揆諸首揭法條規定，應認其聲請於法尚無不合，當予准許。\n四、本件相對人聲請強制執行之債權金額為票款新臺幣（下同）20萬元、程序費用1,000元及執行費用1,600元，合計為20萬2,600元。嗣經執行法院核發執行命令，由相對人就聲請人對第三人湖西鄉公所每月得支領之薪資債權三分之一移轉於相對人，迄今已移轉於相對人20,719元，有公務電話紀錄在卷可查。是相對人聲請執行尚未獲償之債權餘額為181,881元（202,600-20,719＝181,881），則相對人因停止強制執行程序所可能蒙受之損害，應為該停止期間無法受償之利息損失。又兩造間本院100年度馬簡字第5號確認本票債權不存在事件，訴訟標的金額為20萬元，依據民事訴訟法第466條第1項規定，係不得上訴第三審。是參考各級法院辦案期限實施要點第2點規定，民事簡易事件第一審之辦案期限為10個月，第二審之辦案期限為2年，而兩造間本案訴訟，現係以簡易訴訟第一審程序繫屬於本院，繫屬本院時間為101年1月12日，預估相對人因停止執行即可能遭2年又10月相當於法定遲延利息之損害額，約為25,766元【計算式：\n    181,881元×5%×34/12=25,766，小數點以下四捨五入】，茲酌定本件停止執行之擔保金額為26,000元。\n五、依強制執行法第18條第2項，民事訴訟法第95條、第78條，裁定如主文。","relatedIssues":[{"lawName":"強制執行法","issueRef":"18 1"},{"lawName":"強制執行法","issueRef":"18 2"},{"lawName":"民事訴訟法","issueRef":"78"},{"lawName":"民事訴訟法","issueRef":"95"},{"lawName":"民事訴訟法","issueRef":"466 1"},{"lawName":"非訟事件法","issueRef":"195 1"},{"lawName":"非訟事件法","issueRef":"195 3"}],"party":[{"group":["plaintiff"],"title":"聲請人","value":"洪志忠"},{"group":[],"title":"相對人","value":"崔茂東"}]}
