{"court":"臺灣澎湖地方法院","date":"2009-06-12T00:00:00+08:00","no":"98,馬簡,42","sys":"民事","reason":"給付票款","judgement":"宣　示　判　決　筆　錄　　　　　　　　98年度馬簡字第42號\r\n原　　　告　甲○○\r\n被　　　告　乙○○\r\n上列當事人間98年度馬簡字第42號給付票款事件，於中華民國98\r\n年6月9日辯論終結，於中華民國98年6月12日下午4時整，在本院\r\n公開宣示判決，出席職員如下︰\r\n　　法　官　陳介安\r\n　　書記官　林長義\r\n朗讀案由兩造均未到。\r\n法官宣示判決如下：\r\n    主  文\r\n被告應給付原告新臺幣貳拾壹萬陸仟壹佰元，及自民國九十五年\r\n九月二十八日起至清償日止，按年息百分之六計算之利息。\r\n訴訟費用新臺幣貳仟參佰貳拾元由被告負擔。\r\n本判決得假執行。\r\n    事實及理由\r\n一、原告主張：被告簽發本票1張，發票日為民國95年9月28日，\r\n    到期日未載，面額為新台幣216,100元，票據號碼為186663\r\n    號，該本票經統一企業股份有限公司（下稱統一公司）轉讓\r\n    原告，但原告提示不能兌現，為此依據票據法律關係，訴請\r\n    被告給付票款及票息。並聲明：如主文第1項所示。\r\n二、被告抗辯：被告因為向統一公司購買飼料，並未付清飼料買\r\n    賣價金，而簽發前述票據，被告與原告沒有往來，原告如何\r\n    取得票據，被告不知情，應無付款給原告之理由。並聲明：\r\n    原告之訴駁回。\r\n三、原告主張被告簽發前述票據，經統一公司轉讓原告，而原告\r\n    提示不能兌現之事實，為被告所不爭執，且有原告提出之票\r\n    據可證，應認定為真實。\r\n四、票據法第13條前段規定：「票據債務人不得以自己與執票人\r\n    之前手間所存抗辯之事由對抗執票人。」本件被告既然簽發\r\n    本票，即為票據債務人，因此，被告以原告（執票人）前手\r\n    統一公司間之事由而有所抗辯，不符合前述法律規定。\r\n五、從而，原告依據票據法律關係，訴請被告給付票款及票息，\r\n    於法有據，應予准許。\r\n六、假執行之依據：民事訴訟法第389條第1項第3款。\r\n七、訴訟費用負擔之依據：民事訴訟法第78條。\r\n中　　華　　民　　國　　98　　年　　6 　　月　　12　　日\r\n                  臺灣澎湖地方法院馬公簡易庭\r\n                      書記官　林長義\r\n                      法  官　陳介安\r\n以上正本係照原本作成。\r\n如不服本判決，應於送達後20日內向本院提出上訴狀並表明上訴\r\n由，如於本判決宣示後送達前提起上訴者，應於判決送達後20日\r\n內補提上訴理由書（須附繕本）。\r\n中　　華　　民　　國　　98　　年　　6　　月　　12　　日\r\n   　　　　　　　　　 書記官　林長義","type":"判決","historyHash":"c0d61d54afa770281e3e4ecb6a9d574a","mainText":"被告應給付原告新臺幣貳拾壹萬陸仟壹佰元，及自民國九十五年九月二十八日起至清償日止，按年息百分之六計算之利息。\n訴訟費用新臺幣貳仟參佰貳拾元由被告負擔。\n本判決得假執行。","opinion":"原告之訴駁回。\n三、原告主張被告簽發前述票據，經統一公司轉讓原告，而原告提示不能兌現之事實，為被告所不爭執，且有原告提出之票據可證，應認定為真實。\n四、票據法第13條前段規定：「票據債務人不得以自己與執票人之前手間所存抗辯之事由對抗執票人。」本件被告既然簽發本票，即為票據債務人，因此，被告以原告（執票人）前手統一公司間之事由而有所抗辯，不符合前述法律規定。\n五、從而，原告依據票據法律關係，訴請被告給付票款及票息，於法有據，應予准許。\n六、假執行之依據：民事訴訟法第389條第1項第3款。\n七、訴訟費用負擔之依據：民事訴訟法第78條。","relatedIssues":[{"lawName":"民事訴訟法","issueRef":"78"},{"lawName":"民事訴訟法","issueRef":"389 1 3"},{"lawName":"票據法","issueRef":"13"}],"party":[{"group":["plaintiff"],"title":"原告","value":"甲○○"},{"group":["defendant"],"title":"被告","value":"乙○○"}]}
