{"court":"臺灣澎湖地方法院","date":"2017-07-18T00:00:00+08:00","no":"106,司促,606","sys":"民事","reason":"支付命令","judgement":"臺灣澎湖地方法院支付命令　　　　　　106年度司促字第606號\r\n債　權　人　中國信託商業銀行股份有限公司\r\n法定代理人　童兆勤\r\n債　務　人　潘志騰\r\n一、債務人應向債權人給付新臺幣參拾萬肆仟伍佰玖拾陸元，及\r\n　　其中新臺幣玖萬參仟參佰零伍元，自民國一百零六年七月十\r\n　　二日起至清償日止，按週年利率百分之十五計算，並賠償督\r\n　　促程序費用新臺幣伍佰元，否則應於本命令送達後二十日之\r\n　　不變期間內，向本院提出異議。\r\n二、債權人請求之原因事實：\r\n　　(一)債務人潘志騰於民國92年08月18日向債權人借款50,000\r\n　　元，約定借款最高限額500,000元 (註：雙方同意日後聲請\r\n　　人得視債務人信用狀況隨時調整借款額度)，自民國92年08\r\n　　月18日起至民國94年08月18日止按月清償本息，利息按年利\r\n　　率百分之15.00採機動計付，並約定如有停止付款或拒絕承\r\n　　兌或付款者，或任何一宗債務不依約清償本金或付息者....\r\n　　..等情形，債務視為全部到期。此有相對人立具同一內容之\r\n　　借據暨約定書交與債權人收執為證。詎債務人未依約履行債\r\n　　務依雙方所立借據約定當即喪失期限之利益，上述借款視為\r\n　　全部到期，債務人至民國106年07月11日止累計162,948元正\r\n　　未給付，其中54,018元為本金；107,389元為利息；1,541元\r\n　　為依約定條款計算之其他費用，債務人依約除應給付上開款\r\n　　項外，另應給付如附表編號:(001)所示之利息。\r\n　　(二)債務人潘志騰向債權人請領信用卡使用，卡號:0000000\r\n　　000000000，卡別：VISA，依約債務人即得於特約商店記帳\r\n　　消費。債務人至民國106年07月11日止累計141,648元正未給\r\n　　付，其中39,287元為消費款；98,761元為循環利息；3,600\r\n　　元為依約定條款計算之其他費用。債務人依約除應給付上開\r\n　　款項外，另應給付如附表編號:(002)所示之利息。\r\n　　(三)本件係請求給付一定數量之金額債務，而所請求之標的\r\n　　，茲為求清償之簡速，以免判決程序之繁雜起見，特依民事\r\n　　訴訟法第五○八條之規定，狀請 鈞院依督促程序迅賜對相\r\n　　對人發支付命令，實為法便。\r\n　　釋明文件：現金卡申請書、信用卡申請書、約定條款、帳務\r\n　　明細\r\n三、債務人未於不變期間內提出異議時，債權人得依法院核發之\r\n　　支付命令及確定證明書聲請強制執行。\r\n中　　華　　民　　國　 106　　年　　7　　 月　　18　　日\r\n　　　　　　　　　　　民事庭　司法事務官\r\n◎附註：\r\n一、債權人、債務人如於事後遞狀均請註明案號、股別。\r\n二、債權人應於收受支付命令後5日內，提出債務人最新戶籍謄\r\n　　本（記事欄勿省略），以核對支付命令是否合法送達債務人\r\n　　。（否則無法核發確定證明書）\r\n三、債務人於收受本支付命令後，如認支付命令所述之債權或其\r\n　　金額，有虛偽不實或錯誤情事者，應即向本院聲明異議，切\r\n　　勿認本件支付命令係詐騙手法而置之不理，致支付命令因逾\r\n　　期未聲明異議，可據為強制執行之執行名義，進而所有財產\r\n　　（諸如不動產、存款、薪水）遭受法院查封或拍賣之強制執\r\n　　行。本院非訟中心之聯絡電話(00)0000000分機212。\r\n四、案件一經確定，本院依職權逕行核發確定證明書，債權人毋\r\n　　庸另行聲請。","type":"","historyHash":"","mainText":"","opinion":"","relatedIssues":[],"party":[{"group":[],"title":"債權人","value":"中國信託商業銀行股份有限公司"},{"group":[],"title":"法定代理人","value":"童兆勤"},{"group":[],"title":"債務人","value":"潘志騰"}]}
