{"court":"臺灣澎湖地方法院","date":"2016-06-13T00:00:00+08:00","no":"105,司促,561","sys":"民事","reason":"支付命令","judgement":"臺灣澎湖地方法院支付命令　　　　　　105年度司促字第561號\r\n債　權　人　台新國際商業銀行股份有限公司\r\n法定代理人　鍾隆毓\r\n債　務　人　洪有柱\r\n一、債務人應向債權人給付新臺幣肆萬玖仟玖佰壹拾伍元，及自\r\n　　民國九十一年三月五日起至民國一百零四年八月三十一日止\r\n　　，按年息百分之二十計算之利息，自民國一百零四年九月一\r\n　　日起至清償日止，按年息百分之十五計算之利息，並賠償督\r\n　　促程序費用新臺幣伍佰元，否則應於本命令送達後二十日之\r\n　　不變期間內，向本院提出異議。\r\n二、債權人請求之原因事實：\r\n　　緣債務人洪有柱於民國90年05月08日向聲請人簽訂信用貸款\r\n　　，約定債務人可於一定額度內使用金融卡提款或進行現金轉\r\n　　帳交易，並於次月相當期日需繳還最低應繳金額。有關借款\r\n　　期限、還款金額、繳息方式及利息、違約金之計算等約定均\r\n　　記載於現金卡信用貸款約定書﹝參證物一﹞。詎料債務人自\r\n　　民國91年02月04日起即未依約繳納本（利）息共計49,915元\r\n　　整﹝參證物二﹞，經聲請人迭次催索，債務人均置之不理，\r\n　　依信用貸款約定書第九條第一款約定債務人已喪失期限利益\r\n　　，視為全部到期，本件係請求給付一定金額之給付，有約定\r\n　　書為憑。為求簡速，特依民事訴訟法之規定，狀請　鈞院鑒\r\n　　核，迅賜對債務人發給支付命令，如債務人文書無法送達，\r\n　　請准依民事訴訟法第一三八條之規定，將文書以寄存送達之\r\n　　方式為送達，實感德便。\r\n　　釋明文件：申請書、約定書、帳務明細\r\n三、債務人未於不變期間內提出異議時，債權人得依法院核發之\r\n　　支付命令及確定證明書聲請強制執行。\r\n中　　華　　民　　國　 105　　年　　6　　 月　　13　　日\r\n　　　　　　　　　　　　民事庭　司法事務官\r\n◎附註：\r\n一、債權人、債務人如於事後遞狀均請註明案號、股別。\r\n二、債權人應於收受支付命令後5日內，提出債務人最新戶籍謄\r\n　　本（記事欄勿省略），以核對支付命令是否合法送達債務人\r\n　　；如債務人係法人，則應提出法人最近登記資料（例如公司\r\n　　設立變更登記事項表）及法定代理人最新戶籍謄本（記事欄\r\n　　勿省略），以核對是否合法送達。（否則無法核發確定證明\r\n　　書）\r\n三、債務人於收受本支付命令後，如認支付命令所述之債權或其\r\n　　金額，有虛偽不實或錯誤情事者，應即向本院聲明異議，切\r\n　　勿認本件支付命令係詐騙手法而置之不理，致支付命令因逾\r\n　　期未聲明異議，可據為強制執行之執行名義，進而所有財產\r\n　　（諸如不動產、存款、薪水）遭受法院查封或拍賣之強制執\r\n　　行。本院非訟中心之聯絡電話(00)0000000分機212。\r\n四、案件一經確定，本院依職權逕行核發確定證明書，債權人毋\r\n　　庸另行聲請。","type":"","historyHash":"","mainText":"","opinion":"","relatedIssues":[{"lawName":"民事訴訟法","issueRef":"138"}],"party":[{"group":[],"title":"債權人","value":"台新國際商業銀行股份有限公司"},{"group":[],"title":"法定代理人","value":"鍾隆毓"},{"group":[],"title":"債務人","value":"洪有柱"}]}
