{"court":"臺灣澎湖地方法院","date":"2009-02-17T00:00:00+08:00","no":"98,馬小,4","sys":"民事","reason":"給付信用卡消費款","judgement":"宣　示　判　決　筆　錄　　　　　　　　 98年度馬小字第4號\r\n原　　　告　安泰商業銀行股份有限公司\r\n法定代理人　甲○○\r\n訴訟代理人　丙○○\r\n被　　　告　乙○○\r\n上列當事人間98年度馬小字第4號給付信用卡消費款事件，於中\r\n華民國98年2月12日辯論終結，於中華民國98年2月17日下午4時\r\n整，在本院公開宣示判決，出席職員如下︰\r\n　　法　官　陳介安\r\n　　書記官　林長義\r\n朗讀案由兩造均未到。\r\n法官宣示判決主文如下：\r\n    主  文\r\n被告應給付原告新臺幣捌萬壹仟零肆元，及就其中新臺幣柒萬壹\r\n仟參佰柒拾參元自民國九十七年十二月三日起至清償日止，按週\r\n年利率百分之十九點七一計算之利息。\r\n訴訟費用新臺幣壹仟元由被告負擔。\r\n本判決得假執行。\r\n中　　華　　民　　國　　98　　年　　2 　　月　　17　　日\r\n                  臺灣澎湖地方法院馬公簡易庭\r\n                      書記官　林長義\r\n                      法  官　陳介安\r\n以上正本係照原本作成。\r\n如不服本判決，應於送達後20日內向本院提出上訴狀並表明上訴\r\n由，如於本判決宣示後送達前提起上訴者，應於判決送達後20日\r\n內補提上訴理由書（須附繕本）。\r\n中　　華　　民　　國　　98　　年　　2 　　月　　17　　日\r\n   　　　　　　　　　 書記官　林長義","type":"判決","historyHash":"","mainText":"","opinion":"","relatedIssues":[],"party":[{"group":["plaintiff"],"title":"原告","value":"安泰商業銀行股份有限公司"},{"group":[],"title":"法定代理人","value":"甲○○"},{"group":["plaintiff","agentAdLitem"],"title":"訴訟代理人","value":"丙○○"},{"group":["defendant"],"title":"被告","value":"乙○○"}]}
