{"court":"臺灣澎湖地方法院","date":"2008-01-14T00:00:00+08:00","no":"97,票,5","sys":"民事","reason":"本票裁定","judgement":"臺灣澎湖地方法院民事裁定　　　　　　　　 97年度票字第5號\r\n聲　請　人　合作金庫商業銀行股份有限公司\r\n法定代理人　戊○○\r\n代　理　人　丁○○\r\n相　對　人　御業消防安全設備有限公司\r\n　　　　　　　　　　　統一編號.\r\n兼法定代理　甲○○\r\n人\r\n相　對　人　己○○\r\n　　　　　　丙○○\r\n　　　　　　乙○○\r\n　　　　　　　　　　　　8號\r\n上列當事人間對本票准許強制執行事件，本院裁定如下：\r\n    主  文\r\n相對人共同簽發如附表所示之本票金額，其中新臺幣肆拾參萬玖\r\n仟捌佰伍拾捌元自附表所載利息起算日起至清償日止，按週年利\r\n率百分之七點一計算之利息，准予強制執行。\r\n聲請程序費用新臺幣壹仟元由相對人連帶負擔。\r\n    理  由\r\n一、本件聲請意旨略以：聲請人執有相對人共同簽發如附表所示\r\n    之本票，並免除作成拒絕證書，詎到期後經提示未獲付款，\r\n    爰提出本票1件，聲請裁定准許強制執行等語。\r\n二、本件聲請，核與票據法第123條規定相符，應予准許。\r\n三、依非訟事件法第21條第2項，民事訴訟法第95條、第85條第2\r\n    項裁定如主文。\r\n中　　華　　民　　國　　97　　年　　1 　　月　　14　　日\r\n                    馬公簡易庭  法  官  陳介安\r\n┌───────────────────────────────────────────────┐\r\n│本票附表：至清償日止利息按週年利率百分之七點一計算　　　　　　　　　　　　　　97年度票字第5號 │\r\n├──┬───────┬────────┬───────┬───────┬───────┬───┤\r\n│編號│發　　票　　日│票面金額(新台幣)│到　　期　　日│利 息 起 算 日│票  據  號  碼│備  考│\r\n├──┼───────┼────────┼───────┼───────┼───────┼───┤\r\n│001 │94年1月24日   │120萬元         │96年9月24日   │96年9月24日   │未載          │      │\r\n└──┴───────┴────────┴───────┴───────┴───────┴───┘\r\n一、以上正本證明與原本無異。\r\n二、如對本裁定抗告，應於裁定送達後10日之不變期間內向本院\r\n    提出抗告狀。\r\n三、發票人如主張本票係偽造、變造者，得於接到本裁定後20日\r\n    內，對執票人向本院另行提起確認之訴。\r\n中　　華　　民　　國　　97　　年　　1 　　月　　14　　日\r\n                                書記官  王雅萱\r\n附  註：\r\n如持本件裁定聲請強制執行時，須一併檢附相對人（即債務人）\r\n收受本裁定之送達證書影本提出與民事執行處。","type":"裁定","historyHash":"","mainText":"相對人共同簽發如附表所示之本票金額，其中新臺幣肆拾參萬玖仟捌佰伍拾捌元自附表所載利息起算日起至清償日止，按週年利率百分之七點一計算之利息，准予強制執行。\n聲請程序費用新臺幣壹仟元由相對人連帶負擔。","opinion":"理  由\n一、本件聲請意旨略以：聲請人執有相對人共同簽發如附表所示之本票，並免除作成拒絕證書，詎到期後經提示未獲付款，爰提出本票1件，聲請裁定准許強制執行等語。\n二、本件聲請，核與票據法第123條規定相符，應予准許。\n三、依非訟事件法第21條第2項，民事訴訟法第95條、第85條第2項裁定如主文。","relatedIssues":[{"lawName":"民事訴訟法","issueRef":"85 2"},{"lawName":"民事訴訟法","issueRef":"95"},{"lawName":"票據法","issueRef":"123"},{"lawName":"非訟事件法","issueRef":"21 2"}],"party":[{"group":["plaintiff"],"title":"聲請人","value":"合作金庫商業銀行股份有限公司"},{"group":[],"title":"法定代理人","value":"戊○○"},{"group":["plaintiff","agentAdLitem"],"title":"代理人","value":"丁○○"},{"group":[],"title":"相對人","value":"御業消防安全設備有限公司"},{"group":[],"title":"相對人","value":"統一編號."},{"group":[],"title":"相對人兼法定代理人","value":"甲○○"},{"group":[],"title":"相對人","value":"己○○"},{"group":[],"title":"相對人","value":"丙○○"},{"group":[],"title":"相對人","value":"乙○○"}]}
