{"court":"臺灣澎湖地方法院","date":"2016-03-31T00:00:00+08:00","no":"104,繼,84","sys":"民事","reason":"陳報遺產清冊","judgement":"臺灣澎湖地方法院民事裁定　　　　　　　 104年度繼字第84號\r\n聲　請　人　謝馨儀　\r\n上列聲請人對被繼承人謝天生之遺產聲明法定繼承陳報遺產清冊\r\n事件，本院裁定如下：\r\n一、被繼承人謝天生（男，民國00年0月0日生，身分證統一編號\r\n　　：Z000000000號，生前最後住所：澎湖縣馬公市○○里0鄰\r\n　　○○000號）於104年9月21日死亡，聲請人即繼承人開具遺\r\n　　產清冊陳報本院，本院依法為公示催告。\r\n二、被繼承人謝天生之債權人應於本公示催告最後登載新聞紙之\r\n　　翌日起6個月內，向繼承人報明其債權，如不為報明，而又\r\n　　為繼承人所不知者，僅得就賸餘遺產行使其權利。\r\n三、前項報明債權期間屆滿後6個月內，聲請人應向本院陳報償\r\n　　還遺產債務之狀況並提出有關文件。該6個月期間，如有必\r\n　　要，聲請人得敘明理由而聲請延展之。\r\n四、聲請人應於收受本裁定之日起7日內將本裁定登載公報、新\r\n　　聞紙或其他相類之傳播工具，並將登載證明檢送本院。聲請\r\n　　人未依規定登載者，視為撤回公示催告之聲請。\r\n五、程序費用新臺幣1,000元由被繼承人謝天生之遺產負擔。\r\n中　　華　　民　　國　 105　　年　　3　　 月　　31　　日\r\n　　　　　　　　　　　家事法庭　法　官　陳炫谷\r\n以上正本係照原本作成。\r\n如對本裁定抗告，須於裁定送達後10日之不變期間內，向本院提\r\n出抗告狀，並繳納抗告費新臺幣1,000元。\r\n中　　華　　民　　國　 105　　年　　3　　 月　　31　　日\r\n　　　　　　　　　　　　　　　　書記官　莊茹茵","type":"裁定","historyHash":"","mainText":"","opinion":"","relatedIssues":[],"party":[{"group":["plaintiff"],"title":"聲請人","value":"謝馨儀"}]}
