{"court":"臺灣澎湖地方法院","date":"2015-08-28T00:00:00+08:00","no":"104,司票,75","sys":"民事","reason":"本票裁定","judgement":"臺灣澎湖地方法院民事裁定　　　　　　 104年度司票字第75號\r\n聲　請　人　洪順禧\r\n相　對　人　彪勝營造有限公司\r\n法定代理人　許維芯\r\n上列當事人間本票准許強制執行事件，本院裁定如下：\r\n    主  文\r\n相對人簽發如附件所示之本票金額，及自附件所載利息起算日起\r\n至清償日止，按週年利率百分之六計算之利息，得為強制執行。\r\n聲請程序費用新臺幣參仟元由相對人負擔。\r\n    理  由\r\n一、本件聲請意旨略以：聲請人執有相對人所簽發如附件所示之\r\n    本票20紙，均載有受款人、到期日及免除作成拒絕證書，屆\r\n    期提示，詎相對人未為清償，屢經催討，亦置之不理，為此\r\n    提出該等本票，聲請鈞院裁定准予強制執行等語。\r\n二、本件聲請，核與票據法第123條之規定相符，應予准許。\r\n三、爰依非訟事件法第21條第2項、民事訴訟法第78條，裁定如\r\n    主文。\r\n四、如不服本裁定，應於裁定送達後10日內向本院提出抗告狀，\r\n    並繳納抗告費新台幣1,000元。\r\n五、發票人如主張本票係偽造、變造者，得於本裁定送達後20日\r\n    內，對執票人向本院另行提起確認之訴。發票人已提起確認\r\n    之訴者，得依非訟事件法第195條規定聲請法院停止執行。\r\n中    華    民    國   104    年    8     月    28    日\r\n                  馬公簡易庭  司法事務官\r\n◎附註：\r\n一、債權人、債務人如於事後遞狀均請註明案號、股別。\r\n二、債權人應於收受本裁定後5日內，提出債務人最新戶籍謄本\r\n    （記事欄勿省略），以核對本裁定是否合法送達債務人；如\r\n    債務人係法人，則應提出法人最近登記資料（例如公司設立\r\n    變更登記事項表）及法定代理人最新戶籍謄本（記事欄勿省\r\n    略），以核對是否合法送達。（否則無法核發確定證明書）\r\n三、案件一經確定，本院依職權逕行核發確定證明書，債權人毋\r\n    庸另行聲請。","type":"裁定","historyHash":"","mainText":"相對人簽發如附件所示之本票金額，及自附件所載利息起算日起至清償日止，按週年利率百分之六計算之利息，得為強制執行。\n聲請程序費用新臺幣參仟元由相對人負擔。","opinion":"理  由\n一、本件聲請意旨略以：聲請人執有相對人所簽發如附件所示之本票20紙，均載有受款人、到期日及免除作成拒絕證書，屆期提示，詎相對人未為清償，屢經催討，亦置之不理，為此提出該等本票，聲請鈞院裁定准予強制執行等語。\n二、本件聲請，核與票據法第123條之規定相符，應予准許。\n三、爰依非訟事件法第21條第2項、民事訴訟法第78條，裁定如主文。\n四、如不服本裁定，應於裁定送達後10日內向本院提出抗告狀，並繳納抗告費新台幣1,000元。\n五、發票人如主張本票係偽造、變造者，得於本裁定送達後20日內，對執票人向本院另行提起確認之訴。發票人已提起確認之訴者，得依非訟事件法第195條規定聲請法院停止執行。","relatedIssues":[{"lawName":"民事訴訟法","issueRef":"78"},{"lawName":"票據法","issueRef":"123"},{"lawName":"非訟事件法","issueRef":"21 2"},{"lawName":"非訟事件法","issueRef":"195"}],"party":[{"group":["plaintiff"],"title":"聲請人","value":"洪順禧"},{"group":[],"title":"相對人","value":"彪勝營造有限公司"},{"group":[],"title":"法定代理人","value":"許維芯"}]}
