{"court":"臺灣澎湖地方法院","date":"2018-03-01T00:00:00+08:00","no":"106,訴,9","sys":"民事","reason":"回復原狀等","judgement":"臺灣澎湖地方法院民事裁定　　　　　　　　106年度訴字第9號\r\n上　訴　人　\r\n即　原　告　蔡仁　\r\n上列上訴人即原告與被上訴人即被告蔡啟化間請求回復原狀等事\r\n件，上訴人對於民國107年1月23日本院所為第一審判決提起上訴\r\n到院，查本件上訴訴訟標的價額核定為新台幣（下同）664,160\r\n元（請求拆除地上物占用面積41.51㎡×起訴時公告土地現值16,\r\n000/㎡＝664,160元），依民事訴訟法第77條之16規定，應徵收\r\n第二審裁判費10,905元，上訴人僅繳納1,500元，尚不足9,405元\r\n，茲依民事訴訟法第442條第2項之規定，限該上訴人於收受本裁\r\n定後5日內補繳，逾期未繳即駁回其上訴，特此裁定。\r\n\r\n中　　華　　民　　國　 107　　年　　3　　 月　　1　　 日\r\n　　　　　　　　　　　　民事庭　法　官　吳宏榮\r\n以上正本係照原本作成。\r\n本裁定不得抗告。\r\n\r\n中　　華　　民　　國　 107　　年　　3　　 月　　1　　 日\r\n　　　　　　　　　　　　　　　　書記官　莊心羽","type":"裁定","historyHash":"","mainText":"","opinion":"","relatedIssues":[{"lawName":"民事訴訟法","issueRef":"77-16"},{"lawName":"民事訴訟法","issueRef":"442 2"}],"party":[{"group":["plaintiff"],"title":"上訴人即原告","value":"蔡仁"}]}
