{"court":"臺灣澎湖地方法院","date":"2010-10-28T00:00:00+08:00","no":"98,執消債更,22","sys":"民事","reason":"","judgement":"臺灣澎湖地方法院民事裁定　　　　　98年度執消債更字第22號\r\n債　務　人　王世杰\r\n債　權　人　台灣土地銀行股份有限公司\r\n法定代理人　蘇樂明\r\n債　權　人　合作金庫商業銀行股份有限公司\r\n法定代理人　劉燈城\r\n債　權　人　中國信託商業銀行股份有限公司\r\n法定代理人　辜濂松\r\n債　權　人　國泰世華商業銀行股份有限公司\r\n法定代理人　汪國華\r\n債　權　人　玉山商業銀行股份有限公司\r\n法定代理人　曾國烈\r\n債　權　人　紀天樂\r\n債　權　人　陳進益\r\n上列當事人聲請消費者債務清理事件，本院裁定如下：\r\n    主  文\r\n債務人所提如附件一所示之更生方案應予認可，並自本裁定確定\r\n之次月起，於每月十五日給付債權人。\r\n債務人在未依更生條件全部履行完畢前，其生活程度應受如附件\r\n二所示之限制。\r\n    理  由\r\n一、按債務人有薪資、執行業務所得或其他固定收入，法院認更\r\n    生方案之條件公允者，得不經債權人會議可決，逕依債務人\r\n    之聲請或依職權以裁定認可更生方案；法院為認可之裁定時\r\n    ，因更生方案履行之必要，對於債務人在未依更生條件全部\r\n    履行完畢前之生活程度，得為相當之限制，消費者債務清理\r\n    條例第64條第1項、第62條第2項分別定有明文。\r\n二、查本件債務人聲請更生，前經本院97年度消債更字第59號裁\r\n    定開始更生程序在案，有上開裁定1份在卷可參，又債務人\r\n    確有薪資、執行業務所得或其他固定收入等情，亦有薪資清\r\n    單等在卷足憑。再觀諸債務人所提如附件一所示之更生方案\r\n    ，考量債務人任職於澎湖郵局，每月平均收入61,818元，扣\r\n    除自身最低生活費9,829元、二名未成年子女之教育生活費\r\n    15,000元後，每月僅餘36,989元，是故債務人每月清償37,0\r\n    00元，其條件應屬公允、適當、可行，且無同條例第63條所\r\n    定不應認可之消極事由存在，故不經債權人會議可決，予以\r\n    認可該更生方案，另並依上開規定，就債務人在未依更生條\r\n    件全部履行完畢前之生活程度，裁定為相當之限制，爰裁定\r\n    如主文。\r\n三、如不服本裁定，應於裁定送達後 10 日內，以書狀向司法事\r\n    務官提出異議。\r\n中    華    民    國    99    年    10    月    28    日\r\n                  民事庭司法事務官\r\n附表一：更生方案\r\n ┌──────────────────────────┐\r\n │壹、更生方案內容                                    │\r\n │1.認可裁定確定之次月起，每1月為1期，共96期。        │\r\n │2.每期清償新台幣（下同）37,000元。                  │\r\n │3.無擔保債務總金額：4,643,212元。                   │\r\n │4.清償總金額：3,552,000元。                         │\r\n │5.清償比例：約76.50%。                              │\r\n ├──────────────────────────┤\r\n │貳、更生清償分配表                                  │\r\n ├──┬──────────┬─────┬──────┤\r\n │編號│無擔保及無優先債權人│ 債權金額 │每期分配金額│\r\n ├──┼──────────┼─────┼──────┤\r\n │ 1  │台灣土地銀行        │  589,884 │    4,700   │\r\n ├──┼──────────┼─────┼──────┤\r\n │ 2  │合作金庫商業銀行    │  380,444 │    3,030   │\r\n ├──┼──────────┼─────┼──────┤\r\n │ 3  │中國信託商業銀行    │1,006,413 │    8,019   │\r\n ├──┼──────────┼─────┼──────┤\r\n │ 4  │玉山商業銀行        │  238,107 │    1,898   │\r\n ├──┼──────────┼─────┼──────┤\r\n │ 5  │國泰世華商業銀行    │  189,191 │    1,506   │\r\n ├──┼──────────┼─────┼──────┤\r\n │ 6  │陳進益              │1,689,173 │   13,462   │\r\n ├──┼──────────┼─────┼──────┤\r\n │ 7  │紀天樂              │  550,000 │    4,385   │\r\n ├──┼──────────┼─────┼──────┤\r\n │    │     合      計     │4,643,212 │   37,000   │\r\n └──┴──────────┴─────┴──────┘\r\n附件二：\r\n  債務人在未依更生條件全部履行完畢前，應受下列生活限制：\r\n  1、不得為奢侈、浪費之行為。\r\n  2、不得為賭博或投機行為。\r\n  3、不得為金錢借貸行為。\r\n  4、不得為不動產之處分。\r\n  5、不得從事國外旅遊等消費活動。\r\n  6、不得投資金融商品（如股票、基金等）。\r\n  7、不得駕駛超過新台幣500,000元以上之車輛。但因營業謀生\r\n     必要者不在此限。\r\n  8、每月日常生活支出不得超過政府公告當年度各縣市之最低\r\n     生活標準。","type":"裁定","historyHash":"","mainText":"債務人所提如附件一所示之更生方案應予認可，並自本裁定確定之次月起，於每月十五日給付債權人。\n債務人在未依更生條件全部履行完畢前，其生活程度應受如附件二所示之限制。","opinion":"一、按債務人有薪資、執行業務所得或其他固定收入，法院認更生方案之條件公允者，得不經債權人會議可決，逕依債務人之聲請或依職權以裁定認可更生方案；法院為認可之裁定時，因更生方案履行之必要，對於債務人在未依更生條件全部履行完畢前之生活程度，得為相當之限制，消費者債務清理條例第64條第1項、第62條第2項分別定有明文。\n二、查本件債務人聲請更生，前經本院97年度消債更字第59號裁定開始更生程序在案，有上開裁定1份在卷可參，又債務人確有薪資、執行業務所得或其他固定收入等情，亦有薪資清單等在卷足憑。再觀諸債務人所提如附件一所示之更生方案，考量債務人任職於澎湖郵局，每月平均收入61,818元，扣除自身最低生活費9,829元、二名未成年子女之教育生活費15,000元後，每月僅餘36,989元，是故債務人每月清償37,0 00元，其條件應屬公允、適當、可行，且無同條例第63條所定不應認可之消極事由存在，故不經債權人會議可決，予以認可該更生方案，另並依上開規定，就債務人在未依更生條件全部履行完畢前之生活程度，裁定為相當之限制，爰裁定如主文。\n三、如不服本裁定，應於裁定送達後 10 日內，以書狀向司法事務官提出異議。","relatedIssues":[{"lawName":"消費者債務清理條例","issueRef":"62 2"},{"lawName":"消費者債務清理條例","issueRef":"63"},{"lawName":"消費者債務清理條例","issueRef":"64 1"}],"party":[{"group":[],"title":"債務人","value":"王世杰"},{"group":[],"title":"債權人","value":"台灣土地銀行股份有限公司"},{"group":[],"title":"法定代理人","value":"蘇樂明"},{"group":[],"title":"債權人","value":"合作金庫商業銀行股份有限公司"},{"group":[],"title":"法定代理人","value":"劉燈城"},{"group":[],"title":"債權人","value":"中國信託商業銀行股份有限公司"},{"group":[],"title":"法定代理人","value":"辜濂松"},{"group":[],"title":"債權人","value":"國泰世華商業銀行股份有限公司"},{"group":[],"title":"法定代理人","value":"汪國華"},{"group":[],"title":"債權人","value":"玉山商業銀行股份有限公司"},{"group":[],"title":"法定代理人","value":"曾國烈"},{"group":[],"title":"債權人","value":"紀天樂"},{"group":[],"title":"債權人","value":"陳進益"}]}
