{"court":"臺灣澎湖地方法院","date":"2016-04-19T00:00:00+08:00","no":"105,馬小,20","sys":"民事","reason":"履行和解契約","judgement":"宣　示　判　決　筆　錄　　　　　　　 105年度馬小字第20號\r\n原　　　告　澎湖縣政府警察局\r\n法定代理人　蔡金霸　\r\n訴訟代理人　呂遙　　\r\n被　　　告　蔡孝義　\r\n上列當事人間105年度馬小字第20號請求履行和解契約事件，於\r\n中華民國105年4月7日辯論終結，於中華民國105年4月19日下午4\r\n時整，在本院公開宣示判決，出席職員如下︰\r\n　　法　官　王政揚\r\n　　書記官　林德盛\r\n朗讀案由兩造均未到。\r\n法官宣示判決主文如下：\r\n    主  文\r\n被告應給付原告新臺幣壹萬貳仟捌佰伍拾元，及自民國一○五年\r\n三月十四日起至清償日止，按週年利率百分之五計算之利息。\r\n訴訟費用新臺幣壹仟元由被告負擔。\r\n本判決得假執行。但如被告以新臺幣壹萬貳仟捌佰伍拾元為原告\r\n預供擔保後，得免為假執行。\r\n中    華    民    國   105    年    4     月    19    日\r\n                  臺灣澎湖地方法院馬公簡易庭\r\n                      書記官  林德盛\r\n                      法  官  王政揚\r\n\r\n以上正本係照原本作成。\r\n如不服本判決，應於送達後20日內向本院提出上訴狀並表明上訴\r\n由，如於本判決宣示後送達前提起上訴者，應於判決送達後20日\r\n內補提上訴理由書（須附繕本）。如委任律師提起上訴者，應一\r\n併繳納上訴審裁判費。\r\n中    華    民    國   105    年    4     月    19    日\r\n                      書記官  林德盛","type":"判決","historyHash":"","mainText":"","opinion":"","relatedIssues":[],"party":[]}
