{"court":"臺灣澎湖地方法院","date":"2010-12-14T00:00:00+08:00","no":"99,馬勞簡移調,1","sys":"民事","reason":"給付資遣費等","judgement":"調　解　程　序　筆　錄　　　　　 99年度馬勞簡移調字第1號\r\n聲　請　人　陳晚來\r\n代　理　人　馬陳棠律師\r\n相　對　人　嘉明海運股份有限公司\r\n法定代理人　洪寶玉\r\n代　理　人　尤挹華律師\r\n代　理　人　郭正鵬律師\r\n上列當事人間99年度馬勞簡移調字第1號給付資遣費等事件，於\r\n中華民國99年12月14日上午10時45分在本調解庭調解成立，出席\r\n人員如下：\r\n　　法　　官　陳介安\r\n　　書 記 官　林長義\r\n　　通　　譯　呂黎艷\r\n到場調解關係人：\r\n　　聲請人　陳晚來\r\n　　代理人　馬陳棠律師\r\n　　相對人\r\n　　代理人　尤挹華律師\r\n當事人間調解成立，其內容如下：\r\n一、相對人願給付聲請人新台幣（下同）二十七萬元，給付方法\r\n　　：於民國100年1月5日給付七萬元，並自民國100年2月5日起\r\n　　至100年6月5日止，於每月5日各給付四萬元，至全部清償完\r\n　　畢止，如有一期未履行視為全部到期。\r\n二、前項金額，相對人應於99年12月25日前一次開立發票日為各\r\n　　期付款日前四日之公司支票，寄送至聲請人之住處，供聲請\r\n　　人取款。\r\n三、聲請人其餘請求拋棄。\r\n四、調解程序費用各自負擔。\r\n上列筆錄經當庭閱覽或朗讀無誤後簽名。\r\n　　　　　　　　　　　聲請人　陳晚來\r\n　　　　　　　　　　　代理人　馬陳棠律師\r\n　　　　　　　　　　　相對人\r\n　　　　　　　　　　　代理人　尤挹華律師\r\n中　　華　　民　　國　　99　　年　　12　　月　　14　　日\r\n　　　　　　　　　臺灣澎湖地方法院馬公簡易庭\r\n　　　　　　　　　　　書 記 官　林長義\r\n　　　　　　　　　　　法　　官　陳介安\r\n以上正本證明與原本無異。\r\n中　　華　　民　　國　　99　　年　　12　　月　　14　　日\r\n　　　　　　　　　　　書 記 官　林長義","type":"","historyHash":"","mainText":"","opinion":"","relatedIssues":[],"party":[{"group":["plaintiff"],"title":"聲請人","value":"陳晚來"},{"group":["plaintiff","agentAdLitem","lawyer"],"title":"代理人","value":"馬陳棠律師"},{"group":[],"title":"相對人","value":"嘉明海運股份有限公司"},{"group":[],"title":"法定代理人","value":"洪寶玉"},{"group":["plaintiff","agentAdLitem","lawyer"],"title":"代理人","value":"尤挹華律師"},{"group":["plaintiff","agentAdLitem","lawyer"],"title":"代理人","value":"郭正鵬律師"}]}
