{"court":"臺灣澎湖地方法院","date":"2016-08-12T00:00:00+08:00","no":"105,司票,43","sys":"民事","reason":"本票裁定","judgement":"臺灣澎湖地方法院民事裁定　　　　　　 105年度司票字第43號\r\n聲　請　人　黃煥欽\r\n代　理　人　盧炳憲\r\n相　對　人　涂義福\r\n上列當事人間本票准許強制執行事件，本院裁定如下：\r\n    主  文\r\n相對人於民國一百零五年七月四日簽發之票據號碼：CH三五六七\r\n二六號，內載憑票交付新臺幣壹佰萬元之本票金額，及自民國一\r\n百零五年七月三十日起至清償日止，按週年利率百分之六計算之\r\n利息，得為強制執行。\r\n聲請人其餘聲請駁回。\r\n聲請程序費用新臺幣貳仟元由相對人負擔。\r\n    理  由\r\n一、本件聲請意旨略以：聲請人執有相對人於民國105年7月4日\r\n    所簽發，票據號碼為ch356726號，內載金額新台幣(下同)\r\n    1,000,000元，未載受款人，到期日為105年7月30日，並免\r\n    除作成拒絕證書之本票1紙，經於105年7月30日提示未獲付\r\n    款，為此提出該本票，聲請鈞院就相對人簽發之本票金額\r\n    1,000,000元，及自105年7月4日起至清償日止，按年利率6%\r\n    計算之利息，裁定准予強制執行等語。\r\n二、按在票據上簽名者，依票上所載文義負責。故就本票金額約\r\n    定利息或利率者，須於票上記載，始生票據法上之效力，否\r\n    則在有記載到期日之本票，其執票人僅得於行使追索權時，\r\n    請求自到期日起以年息6%計算之法定利息，票據法第5條第1\r\n    項、第28條、第97條第1項第2款及第124條分別定有明文。\r\n    而查本件之本票，其票上並未記載支付利息或有約定利率，\r\n    所以本件執票人向發票人行使追索權時，依票據法第97條第\r\n    1項第2款規定，僅得請求自到期日起至清償日止，按週年利\r\n    率6%計算之法定利息，不得請求自到期日前起算之利息。是\r\n    本件聲請，其中請求利息起算日(即105年7月4日)超過到期\r\n    日(即105年7月30日)之部分，係無理由，應予駁回；至其餘\r\n    聲請，核與票據法第123條之規定相符，應予准許。\r\n三、爰依非訟事件法第21條第2項、民事訴訟法第79條，裁定如\r\n    主文。\r\n四、如不服本裁定，應於裁定送達後10日內向本院提出抗告狀，\r\n    並繳納抗告費1,000元。\r\n五、發票人如主張本票係偽造、變造者，得於本裁定送達後20日\r\n    內，對執票人向本院另行提起確認之訴。發票人已提起確認\r\n    之訴者，得依非訟事件法第195條規定聲請法院停止執行。\r\n中    華    民    國   105    年    8     月    12    日\r\n                  馬公簡易庭  司法事務官\r\n◎附註：\r\n一、債權人、債務人如於事後遞狀均請註明案號、股別。\r\n二、債權人應於收受本裁定後5日內，提出債務人最新戶籍謄本\r\n    （記事欄勿省略），以核對本裁定是否合法送達債務人；如\r\n    債務人係法人，則應提出法人最近登記資料（例如公司設立\r\n    變更登記事項表）及法定代理人最新戶籍謄本（記事欄勿省\r\n    略），以核對是否合法送達。（否則無法核發確定證明書）\r\n三、案件一經確定，本院依職權逕行核發確定證明書，債權人毋\r\n    庸另行聲請。","type":"裁定","historyHash":"","mainText":"相對人於民國一百零五年七月四日簽發之票據號碼：CH三五六七二六號，內載憑票交付新臺幣壹佰萬元之本票金額，及自民國一百零五年七月三十日起至清償日止，按週年利率百分之六計算之利息，得為強制執行。\n聲請人其餘聲請駁回。\n聲請程序費用新臺幣貳仟元由相對人負擔。","opinion":"二、按在票據上簽名者，依票上所載文義負責。故就本票金額約定利息或利率者，須於票上記載，始生票據法上之效力，否則在有記載到期日之本票，其執票人僅得於行使追索權時，請求自到期日起以年息6%計算之法定利息，票據法第5條第1項、第28條、第97條第1項第2款及第124條分別定有明文。\n    而查本件之本票，其票上並未記載支付利息或有約定利率，所以本件執票人向發票人行使追索權時，依票據法第97條第1項第2款規定，僅得請求自到期日起至清償日止，按週年利率6%計算之法定利息，不得請求自到期日前起算之利息。是本件聲請，其中請求利息起算日(即105年7月4日)超過到期日(即105年7月30日)之部分，係無理由，應予駁回；至其餘聲請，核與票據法第123條之規定相符，應予准許。\n三、爰依非訟事件法第21條第2項、民事訴訟法第79條，裁定如主文。\n四、如不服本裁定，應於裁定送達後10日內向本院提出抗告狀，並繳納抗告費1,000元。\n五、發票人如主張本票係偽造、變造者，得於本裁定送達後20日內，對執票人向本院另行提起確認之訴。發票人已提起確認之訴者，得依非訟事件法第195條規定聲請法院停止執行。","relatedIssues":[{"lawName":"民事訴訟法","issueRef":"79"},{"lawName":"票據法","issueRef":"5 1"},{"lawName":"票據法","issueRef":"28"},{"lawName":"票據法","issueRef":"97 1 2"},{"lawName":"票據法","issueRef":"97 1 2"},{"lawName":"票據法","issueRef":"123"},{"lawName":"票據法","issueRef":"124"},{"lawName":"非訟事件法","issueRef":"21 2"},{"lawName":"非訟事件法","issueRef":"195"}],"party":[{"group":["plaintiff"],"title":"聲請人","value":"黃煥欽"},{"group":["plaintiff","agentAdLitem"],"title":"代理人","value":"盧炳憲"},{"group":[],"title":"相對人","value":"涂義福"}]}
