{"court":"臺灣澎湖地方法院","date":"2016-01-30T00:00:00+08:00","no":"105,司促,95","sys":"民事","reason":"支付命令","judgement":"臺灣澎湖地方法院支付命令　　　　　　 105年度司促字第95號\r\n債　權　人　永豐商業銀行股份有限公司\r\n法定代理人　邱正雄\r\n債　務　人　李洪玉女\r\n一、債務人應向債權人給付新臺幣陸仟伍佰肆拾柒元，及自民國\r\n　　九十五年十月六日起至清償日止，按年息百分之十五計算之\r\n　　利息，暨自民國九十五年十一月六日起至清償日止，其逾期\r\n　　在六個月以內者，按上開利率百分之十，逾期超過六個月者\r\n　　，按上開利率百分之二十計算之違約金，並賠償督促程序費\r\n　　用新臺幣伍佰元，否則應於本命令送達後二十日之不變期間\r\n　　內，向本院提出異議。\r\n二、債權人請求之原因事實：\r\n　　（一）「台北國際商業銀行股份有限公司」與「建華商業銀\r\n　　行股份有限公司」於95年11月13日合併，並更名為「永豐商\r\n　　業銀行股份有限公司」(證一)，此合先敘明。\r\n　　（二）相對人李洪玉女於民國93年8月2日向聲請人訂立有現\r\n　　金卡短期循環融資契約書(證二)，自核卡日起為期一年，期\r\n　　滿時，如立約人不為反對續約之意思，得以同一內容繼續延\r\n　　長一年，不另換約（短期循環融資契約第一條）。經本行調\r\n　　整額度為20,000元整，依約應於每月20日結算一次，並依年\r\n　　息百分之十八點二五按日計息（短期循環融資契約第二條）\r\n　　。上開債務，相對人如未按期本息攤還時，除按原訂利率付\r\n　　息並喪失期限利益外，自逾期之日起六個月以內按原訂利率\r\n　　之一成，逾期六個月以上則按原訂利率之二成計算加付違約\r\n　　金（短期循環融資契約第三條）。債務人至民國95年10月5\r\n　　日尚積欠本金新臺幣6,547元(證三)，覆經催討，迄未清償\r\n　　。故依民事訴訟法第508條規定，聲請貴院就前項債權，依\r\n　　督促程序，對債務人發支付命令，促其清償。\r\n　　釋明文件：一、金管會函影本。二、現金卡申請暨短期循環\r\n　　融資契約書影本。三、歷史往來明細查詢單。\r\n三、債務人未於不變期間內提出異議時，債權人得依法院核發之\r\n　　支付命令及確定證明書聲請強制執行。\r\n中　　華　　民　　國　 105　　年　　1　　 月　　30　　日\r\n　　　　　　　　　　　　民事庭　司法事務官\r\n◎附註：\r\n一、債權人、債務人如於事後遞狀均請註明案號、股別。\r\n二、債權人應於收受支付命令後5日內，提出債務人最新戶籍謄\r\n　　本（記事欄勿省略），以核對支付命令是否合法送達債務人\r\n　　；如債務人係法人，則應提出法人最近登記資料（例如公司\r\n　　設立變更登記事項表）及法定代理人最新戶籍謄本（記事欄\r\n　　勿省略），以核對是否合法送達。（否則無法核發確定證明\r\n　　書）\r\n三、債務人於收受本支付命令後，如認支付命令所述之債權或其\r\n　　金額，有虛偽不實或錯誤情事者，應即向本院聲明異議，切\r\n　　勿認本件支付命令係詐騙手法而置之不理，致支付命令因逾\r\n　　期未聲明異議，可據為強制執行之執行名義，進而所有財產\r\n　　（諸如不動產、存款、薪水）遭受法院查封或拍賣之強制執\r\n　　行。本院非訟中心之聯絡電話(00)0000000分機212。\r\n四、案件一經確定，本院依職權逕行核發確定證明書，債權人毋\r\n　　庸另行聲請。","type":"","historyHash":"","mainText":"","opinion":"","relatedIssues":[{"lawName":"民事訴訟法","issueRef":"508"}],"party":[{"group":[],"title":"債權人","value":"永豐商業銀行股份有限公司"},{"group":[],"title":"法定代理人","value":"邱正雄"},{"group":[],"title":"債務人","value":"李洪玉女"}]}
