{"court":"臺灣澎湖地方法院","date":"2014-02-11T00:00:00+08:00","no":"103,補,2","sys":"民事","reason":"給付工程款","judgement":"臺灣澎湖地方法院民事裁定　　　　　　　　103年度補字第2號\r\n原　　　告　華勇預拌混凝土有限公司\r\n法定代理人　蔡阿貴\r\n被　　　告　東佶營造工程有限公司\r\n法定代理人　李朝一\r\n上列當事人間請求給付工程款事件，原告起訴未據繳納裁判費，\r\n查本件訴訟標的金額核定為新臺幣（下同）3,129,142元，應徵\r\n收第一審裁判費31,987元。茲限原告於收受本裁定送達5日內補\r\n繳，逾期不繳，即駁回其訴，特此裁定。另請盡速陳報聲明或聲\r\n請調查相關事證之書狀。\r\n中　　華　　民　　國　 103　　年　　2　　 月　　11　　日\r\n　　　　　　　　　　　　民事庭　法　官　陳炫谷\r\n以上正本係照原本作成。\r\n如不服本裁定關於訴訟標的金額之核定，得於收受裁定正本後10\r\n日內向本院提出抗告狀，並繳納抗告裁判費新臺幣1,000元。關\r\n於補費部分不得抗告。\r\n中　　華　　民　　國　 103　　年　　2　　 月　　11　　日\r\n　　　　　　　　　　　　　　　　書記官　林德盛","type":"裁定","historyHash":"","mainText":"","opinion":"","relatedIssues":[],"party":[{"group":["plaintiff"],"title":"原告","value":"華勇預拌混凝土有限公司"},{"group":[],"title":"法定代理人","value":"蔡阿貴"},{"group":["defendant"],"title":"被告","value":"東佶營造工程有限公司"},{"group":[],"title":"法定代理人","value":"李朝一"}]}
