{"court":"臺灣澎湖地方法院","date":"2011-04-28T00:00:00+08:00","no":"100,監宣,3","sys":"民事","reason":"監護宣告","judgement":"臺灣澎湖地方法院民事裁定　　　　　　　100年度監宣字第3號\r\n聲　請　人　翁廟宜\r\n上列聲請人聲請監護宣告事件，本院裁定如下：\r\n    主    文\r\n宣告翁蔡碧蘭（女，民國○○○年○○月○○○日生，身份證統\r\n一編號：Ｚ000000000）為受監護宣告之人。\r\n選定翁廟宜（男，民國○○○年○○月○○日生，身份證統一編\r\n號：Ｚ000000000號）為受監護宣告之人之監護人。\r\n指定郭婃（女，民國○○年○月○○○日生，身份證統一編號：\r\nＺ000000000號）為會同開具財產清冊之人。\r\n聲請程序費用新臺幣壹仟元由受監護宣告之人負擔。\r\n    理    由\r\n一、本件聲請意旨略以：聲請人翁廟宜為翁蔡碧蘭之配偶，翁蔡\r\n    碧蘭於民國99年7月7日罹患自發性腦出血，送醫診治至今仍\r\n    不見起色，致不能為意思表示，為此聲請宣告翁蔡碧蘭為受\r\n    監護宣告之人，並請法院選定聲請人翁廟宜為翁蔡碧蘭之監\r\n    護人，及指定郭婃為會同開具財產清冊之人等語，並提出診\r\n    斷證明書及戶籍謄本為證。\r\n二、經本院在鑑定人即行政院衛生署立澎湖醫院郭昭麟醫師前訊\r\n    問翁蔡碧蘭，其對法院訊問內容無反應，郭昭麟醫師並鑑定\r\n    ：翁蔡碧蘭從去年開刀至今，意識狀態無明顯進步，診視時\r\n    僅對聲音有反應，但無法聽從指令，亦無法表達自己意識，\r\n    僅能發出無意識之單音，宜予監護宣告等語，有訊問筆錄在\r\n    卷足憑，堪認翁蔡碧蘭因心智缺陷，致不能為意思表示或受\r\n    意思表示，亦不能辨識其意思表示，爰宣告翁蔡碧蘭為受監\r\n    護宣告之人。\r\n三、按受監護宣告之人應置監護人；法院為監護之宣告時，應依\r\n    職權就配偶、四親等內之親屬、最近一年有同居事實之其他\r\n    親屬、主管機關、社會福利機構或其他適當之人選定一人或\r\n    數人為監護人，並同時指定會同開具財產清冊之人；法院選\r\n    定監護人時，應依受監護宣告之人之最佳利益，優先考量受\r\n    監護宣告之人之意見，審酌一切情狀，並注意下列事項：(一)\r\n    受監護宣告之人之身心狀態與生活及財產狀況。(二)受監護宣\r\n    告之人與其配偶、子女或其他共同生活之人間之情感狀況。\r\n    (三)監護人之職業、經歷、意見及其與受監護宣告之人之利害\r\n    關係。(四)法人為監護人時，其事業之種類與內容，法人及其\r\n    代表人與受監護宣告之人之利害關係，民法第1110條、第\r\n    1111條第1項、第1111條之1定有明文。翁蔡碧蘭經宣告為受\r\n    監護之人，聲請人翁廟宜為受監護宣告人翁蔡碧蘭之配偶，\r\n    有意願擔任翁蔡碧蘭之監護人，本院參酌上情，認由其負責\r\n    護養及照顧翁蔡碧蘭並管理其財產，應能符合受監護宣告之\r\n    人之最佳利益，爰選定翁廟宜為監護人；又郭婃為翁蔡碧蘭\r\n    之媳婦，對於翁蔡碧蘭之生活與經濟情況較能夠瞭解，並指\r\n    定其為會同開具財產清冊之人。\r\n四、依民事訴訟法第608條第1項，非訟事件法第21條第2項，裁\r\n    定如主文。\r\n中    華    民    國   100    年    4     月    28    日\r\n                      家事法庭  法  官  陳順輝\r\n以上正本係照原本作成。\r\n如不服本裁定關於選定監護人及指定會同開具財產清冊之人等部\r\n分，應於送達後10日內向本院提出抗告狀，並繳納抗告費新臺幣\r\n1千元；其餘關於宣告監護之部分，不得抗告。\r\n中    華    民    國   100    年    4     月    28    日\r\n                                書記官  王耀煌","type":"裁定","historyHash":"","mainText":"宣告翁蔡碧蘭（女，民國○○○年○○月○○○日生，身份證統一編號：Ｚ000000000）為受監護宣告之人。\n選定翁廟宜（男，民國○○○年○○月○○日生，身份證統一編號：Ｚ000000000號）為受監護宣告之人之監護人。\n指定郭婃（女，民國○○年○月○○○日生，身份證統一編號：\nＺ000000000號）為會同開具財產清冊之人。\n聲請程序費用新臺幣壹仟元由受監護宣告之人負擔。","opinion":"三、按受監護宣告之人應置監護人；法院為監護之宣告時，應依職權就配偶、四親等內之親屬、最近一年有同居事實之其他親屬、主管機關、社會福利機構或其他適當之人選定一人或數人為監護人，並同時指定會同開具財產清冊之人；法院選定監護人時，應依受監護宣告之人之最佳利益，優先考量受監護宣告之人之意見，審酌一切情狀，並注意下列事項：(一)受監護宣告之人之身心狀態與生活及財產狀況。(二)受監護宣告之人與其配偶、子女或其他共同生活之人間之情感狀況。\n    (三)監護人之職業、經歷、意見及其與受監護宣告之人之利害關係。(四)法人為監護人時，其事業之種類與內容，法人及其代表人與受監護宣告之人之利害關係，民法第1110條、第1111條第1項、第1111條之1定有明文。翁蔡碧蘭經宣告為受監護之人，聲請人翁廟宜為受監護宣告人翁蔡碧蘭之配偶，有意願擔任翁蔡碧蘭之監護人，本院參酌上情，認由其負責護養及照顧翁蔡碧蘭並管理其財產，應能符合受監護宣告之人之最佳利益，爰選定翁廟宜為監護人；又郭婃為翁蔡碧蘭之媳婦，對於翁蔡碧蘭之生活與經濟情況較能夠瞭解，並指定其為會同開具財產清冊之人。\n四、依民事訴訟法第608條第1項，非訟事件法第21條第2項，裁定如主文。","relatedIssues":[{"lawName":"民事訴訟法","issueRef":"608 1"},{"lawName":"民法","issueRef":"1110"},{"lawName":"民法","issueRef":"1111 1"},{"lawName":"民法","issueRef":"1111-1"},{"lawName":"非訟事件法","issueRef":"21 2"}],"party":[{"group":["plaintiff"],"title":"聲請人","value":"翁廟宜"}]}
