{"court":"臺灣澎湖地方法院","date":"2015-10-26T00:00:00+08:00","no":"104,家救,14","sys":"民事","reason":"訴訟救助","judgement":"臺灣澎湖地方法院民事裁定　　　　　　 104年度家救字第14號\r\n聲　請　人　呂保家　\r\n代　理　人　黃韡誠律師\r\n相　對　人　謝瓊　　\r\n上列聲請人與相對人間請求確認婚姻關係不存在事件，聲請人聲\r\n請訴訟救助，本院裁定如下：\r\n    主      文\r\n准予訴訟救助。\r\n    理      由\r\n一、按當事人無資力支出訴訟費用者，法院應依聲請，以裁定准\r\n    予訴訟救助，民事訴訟法第107條第1項前段定有明文。次按\r\n    無資力者，得申請法律扶助；經分會准予法律扶助之無資力\r\n    者，其於訴訟程序中，向法院聲請訴訟救助時，應准予訴訟\r\n    救助，法律扶助法第13條、第62條前段亦分別定有明文。\r\n二、經查，本件聲請人以其與相對人間請求確認婚姻關係不存在\r\n    事件，無資力支出訴訟費用，向財團法人法律扶助基金會澎\r\n    湖分會申請法律扶助獲准，為此爰依民事訴訟法第107條、\r\n    法律扶助法第62條之規定，向本院聲請訴訟救助等情，業據\r\n    其提出財團法人法律扶助基金會澎湖分會審查表、專用委任\r\n    狀、聲請人之103年度綜合所得稅各類所得資料清單、全國\r\n    財產稅總歸戶財產查詢清單等影本為證。又由聲請狀形式審\r\n    查之結果，聲請人所請求給付扶養費事件，非顯無勝訴之望\r\n    ，其聲請訴訟救助，於法核無不合，應予准許。\r\n三、爰依民事訴訟法第107 條第1 項前段，裁定如主文。\r\n中    華    民    國   104    年    10    月    26    日\r\n\r\n                      家事法庭  法  官  陳炫谷\r\n以上正本係照原本作成。\r\n如對本裁定抗告，須於裁定送達後10日內向本院提出抗告狀（須\r\n附繕本），並應繳納抗告費新臺幣1,000元。\r\n中    華    民    國   104    年    10    月    26    日\r\n\r\n                                書記官  莊茹茵","type":"裁定","historyHash":"","mainText":"准予訴訟救助。","opinion":"二、經查，本件聲請人以其與相對人間請求確認婚姻關係不存在事件，無資力支出訴訟費用，向財團法人法律扶助基金會澎湖分會申請法律扶助獲准，為此爰依民事訴訟法第107條、法律扶助法第62條之規定，向本院聲請訴訟救助等情，業據其提出財團法人法律扶助基金會澎湖分會審查表、專用委任狀、聲請人之103年度綜合所得稅各類所得資料清單、全國財產稅總歸戶財產查詢清單等影本為證。又由聲請狀形式審查之結果，聲請人所請求給付扶養費事件，非顯無勝訴之望，其聲請訴訟救助，於法核無不合，應予准許。\n三、爰依民事訴訟法第107 條第1 項前段，裁定如主文。","relatedIssues":[{"lawName":"民事訴訟法","issueRef":"107"},{"lawName":"民事訴訟法","issueRef":"107 1"},{"lawName":"民事訴訟法","issueRef":"107 1"},{"lawName":"法律扶助法","issueRef":"13"},{"lawName":"法律扶助法","issueRef":"62"},{"lawName":"法律扶助法","issueRef":"62"}],"party":[{"group":["plaintiff"],"title":"聲請人","value":"呂保家"},{"group":["plaintiff","agentAdLitem","lawyer"],"title":"代理人","value":"黃韡誠律師"},{"group":[],"title":"相對人","value":"謝瓊"}]}
