{"court":"臺灣澎湖地方法院","date":"2015-03-06T00:00:00+08:00","no":"104,司促,305","sys":"民事","reason":"支付命令","judgement":"臺灣澎湖地方法院支付命令　　　　　　104年度司促字第305號\r\n債　權　人　永豐商業銀行股份有限公司\r\n法定代理人　邱正雄\r\n債　務　人　林麗華\r\n一、債務人應向債權人給付新臺幣壹拾貳萬貳仟參佰貳拾參元，\r\n　　及其中新臺幣肆萬捌仟參佰陸拾貳元自民國一百零四年一月\r\n　　二十一日起至清償日止，按年息百分之十九點九七計算之利\r\n　　息，並賠償督促程序費用新臺幣伍佰元，否則應於本命令送\r\n　　達後二十日之不變期間內，向本院提出異議。\r\n二、債權人請求之原因事實：\r\n　　（一）本公司於民國（下同）89年5月1日受華信商業銀行股\r\n　　份有限公司移轉信用信用卡業務及對於持卡人之債權，並有\r\n　　89年4月25日財政部台財融字第八九七一一一二六號函核准\r\n　　在案；又聲請人分別於92年1月3日（華信安泰信用卡公司變\r\n　　更名稱為安信信用卡公司）及95年11月13日（安信信用卡公\r\n　　司變更名稱為永豐信用卡股份有限公司）經主管機關核准變\r\n　　更公司名稱；另95年8月4日受台北國際商業銀行（原名台北\r\n　　區中小企業銀行）移轉信用卡業務及對於持卡人之債權永豐\r\n　　信用卡股份有限公司於98年6月1日與永豐商業銀行股份有限\r\n　　公司合併，永豐商業銀行股份有限公司承受永豐信用卡股份\r\n　　有限公司之信用卡業務及對於持卡人之債權，合先敘明。\r\n　　（二）債務人與聲請人訂有信用卡契約，申請並持用聲請人\r\n　　所發行之0000000000000000ＭＡＳＴＥＲ國際信用卡，進行\r\n　　消費或預借現金，現積欠新臺幣（下同）122,323元整，其\r\n　　中已到期本金48,362元整（已到期之本金48,362元與分期交\r\n　　易未清償餘額0元），應自104年1月21日起至清償日止按年\r\n　　利率百分之十九點九七計算利息；另其中已到期之利息73,8\r\n　　77元、違約金雜費計84元、分期手續費未清償餘額0元。聲\r\n　　請人多次催討仍未獲償付，爰依民事訴訟法第五百零八條之\r\n　　規定，狀請鈞院鑒核，惠賜支付命令，俾保權益。\r\n三、如債務人未於第一項期間內提出異議，本命令與確定判決有\r\n　　同一效力。\r\n中　　華　　民　　國　 104　　年　　3　　 月　　6　　 日\r\n　　　　　　　　　　　　民事庭　司法事務官\r\n◎附註：\r\n一、債權人、債務人如於事後遞狀均請註明案號、股別。\r\n二、債權人應於收受支付命令後5日內，提出債務人最新戶籍謄\r\n　　本（記事欄勿省略），以核對支付命令是否合法送達債務人\r\n　　；如債務人係法人，則應提出法人最近登記資料（例如公司\r\n　　設立變更登記事項表）及法定代理人最新戶籍謄本（記事欄\r\n　　勿省略），以核對是否合法送達。（否則無法核發確定證明\r\n　　書）\r\n三、案件一經確定，本院依職權逕行核發確定證明書，債權人毋\r\n　　庸另行聲請。","type":"","historyHash":"","mainText":"","opinion":"（二）債務人與聲請人訂有信用卡契約，申請並持用聲請人所發行之0000000000000000ＭＡＳＴＥＲ國際信用卡，進行消費或預借現金，現積欠新臺幣（下同）122,323元整，其中已到期本金48,362元整（已到期之本金48,362元與分期交易未清償餘額0元），應自104年1月21日起至清償日止按年利率百分之十九點九七計算利息；另其中已到期之利息73,8 77元、違約金雜費計84元、分期手續費未清償餘額0元。聲請人多次催討仍未獲償付，爰依民事訴訟法第五百零八條之規定，狀請鈞院鑒核，惠賜支付命令，俾保權益。\n三、如債務人未於第一項期間內提出異議，本命令與確定判決有同一效力。","relatedIssues":[{"lawName":"民事訴訟法","issueRef":"508"}],"party":[{"group":[],"title":"債權人","value":"永豐商業銀行股份有限公司"},{"group":[],"title":"法定代理人","value":"邱正雄"},{"group":[],"title":"債務人","value":"林麗華"}]}
