{"court":"臺灣澎湖地方法院","date":"2015-04-08T00:00:00+08:00","no":"104,司促,413","sys":"民事","reason":"支付命令","judgement":"臺灣澎湖地方法院支付命令　　　　　　104年度司促字第413號\r\n債　權　人　元大國際資產管理股份有限公司\r\n法定代理人　李雅彬\r\n債　務　人　陳志興\r\n一、債務人應向債權人給付新臺幣參萬伍仟捌佰玖拾壹元，及其\r\n　　中新臺幣參萬零捌佰參拾玖元自民國九十三年二月二十五日\r\n　　起至清償日止，按年息百分之十八點二五計算之利息，暨按\r\n　　延滯第一個月當月計收新臺幣壹佰伍拾元，延滯第二個月當\r\n　　月計收新臺幣參佰元，延滯第三個月以上者每月計收新臺幣\r\n　　陸佰元之違約金，並賠償督促程序費用新臺幣伍佰元。\r\n二、債權人請求之原因事實如附件（引用聲請書）所載。\r\n三、債務人應向債權人清償其請求並賠償程序費用，否則應於支\r\n　　付命令送達後二十日之不變期間內，向本院提出異議。\r\n四、如債務人不於期間內提出異議，本命令與確定判決有同一效\r\n　　力。\r\n中　　華　　民　　國　 104　　年　　4　　 月　　8　　 日\r\n　　　　　　　　民事庭　司法事務官\r\n◎附註：\r\n一、債權人、債務人如於事後遞狀均請註明案號、股別。\r\n二、債權人應於收受支付命令後5日內，提出債務人最新戶籍謄\r\n　　本（記事欄勿省略），以核對支付命令是否合法送達債務人\r\n　　；如債務人係法人，則應提出法人最近登記資料（例如公司\r\n　　設立變更登記事項表）及法定代理人最新戶籍謄本（記事欄\r\n　　勿省略），以核對是否合法送達。（否則無法核發確定證明\r\n　　書）\r\n三、案件一經確定，本院依職權逕行核發確定證明書，債權人毋\r\n　　庸另行聲請。","type":"","historyHash":"","mainText":"","opinion":"","relatedIssues":[],"party":[{"group":[],"title":"債權人","value":"元大國際資產管理股份有限公司"},{"group":[],"title":"法定代理人","value":"李雅彬"},{"group":[],"title":"債務人","value":"陳志興"}]}
