{"court":"臺灣澎湖地方法院","date":"2016-08-15T00:00:00+08:00","no":"105,馬簡,57","sys":"民事","reason":"侵權行為損害賠償","judgement":"臺灣澎湖地方法院民事裁定　　　　　　 105年度馬簡字第57號\r\n原　　　告　鄧丁瑋　現於法務部矯正署澎湖監獄執行中\r\n被　　　告　蘇文章\r\n上列當事人間請求侵權行為損害賠償事件，本院裁定如下：\r\n    主      文\r\n原告之訴及假執行之聲請均駁回。\r\n訴訟費用由原告負擔。\r\n    理      由\r\n一、提起民事訴訟，應依民事訴訟法第77條之13規定繳納裁判費\r\n    ，此為必須具備之程式。又起訴不合程式者，法院應以裁定\r\n    駁回之，民事訴訟法第436條第2項、第249條第1項第6款定\r\n    有明文。\r\n二、本件原告起訴未據繳納裁判費，經本院於民國105年7月6日\r\n    以105年度馬補字第5號民事裁定命原告於5日內補正，逾期\r\n    即駁回其訴。前開裁定於105年7月13日送達原告，然原告逾\r\n    期迄未補正，有送達證書、本院105年8月1日詢問簡答表附\r\n    卷可稽，其訴顯不合法，應予駁回。又其訴既經駁回，其假\r\n    執行聲請即失所附麗，應一併駁回之。\r\n三、依民事訴訟法第249條第1項第6款、第436條第2項、第95條\r\n    、第78條，裁定如主文。\r\n中    華    民    國   105    年    8     月    15    日\r\n                  臺灣澎湖地方法院馬公簡易庭\r\n                      法  官  王政揚\r\n以上為正本，係照原本作成。\r\n如對本裁定抗告，應於裁定送達後10日內向本院（澎湖縣馬公市\r\n○○里○○○000號）提出抗告狀（須附繕本）。\r\n中    華    民    國   105    年    8     月    15    日\r\n                      書記官  林德盛","type":"裁定","historyHash":"","mainText":"原告之訴及假執行之聲請均駁回。\n訴訟費用由原告負擔。","opinion":"理      由\n一、提起民事訴訟，應依民事訴訟法第77條之13規定繳納裁判費，此為必須具備之程式。又起訴不合程式者，法院應以裁定駁回之，民事訴訟法第436條第2項、第249條第1項第6款定有明文。\n二、本件原告起訴未據繳納裁判費，經本院於民國105年7月6日以105年度馬補字第5號民事裁定命原告於5日內補正，逾期即駁回其訴。前開裁定於105年7月13日送達原告，然原告逾期迄未補正，有送達證書、本院105年8月1日詢問簡答表附卷可稽，其訴顯不合法，應予駁回。又其訴既經駁回，其假執行聲請即失所附麗，應一併駁回之。\n三、依民事訴訟法第249條第1項第6款、第436條第2項、第95條、第78條，裁定如主文。","relatedIssues":[{"lawName":"民事訴訟法","issueRef":"77-13"},{"lawName":"民事訴訟法","issueRef":"78"},{"lawName":"民事訴訟法","issueRef":"95"},{"lawName":"民事訴訟法","issueRef":"249 1 6"},{"lawName":"民事訴訟法","issueRef":"249 1 6"},{"lawName":"民事訴訟法","issueRef":"436 2"},{"lawName":"民事訴訟法","issueRef":"436 2"}],"party":[{"group":["plaintiff"],"title":"原告","value":"鄧丁瑋"},{"group":["defendant"],"title":"被告","value":"蘇文章"}]}
