{"court":"臺灣澎湖地方法院","date":"2018-12-05T00:00:00+08:00","no":"107,司促,1246","sys":"民事","reason":"支付命令","judgement":"臺灣澎湖地方法院支付命令　　　　　 107年度司促字第1246號\r\n　\r\n債　權　人　台新國際商業銀行股份有限公司\r\n\r\n法定代理人　尚瑞強　\r\n\r\n\r\n債　務　人　龔容昱　\r\n\r\n　\r\n一、債務人應向債權人給付新臺幣壹拾陸萬零捌佰玖拾伍元，及\r\n　　其中新臺幣肆萬捌仟壹佰玖拾肆元，自民國一百零七年十一\r\n　　月二十一日起至清償日止，按年息百分之十五計算之利息，\r\n　　並賠償督促程序費用新臺幣伍佰元，否則應於本命令送達後\r\n　　二十日之不變期間內，向本院提出異議。\r\n二、債權人請求之原因事實：\r\n　　緣債務人龔容昱於民國93年07月01日向聲請人請領卡號為00\r\n　　00000000000000之信用卡﹝參證物一﹞使用，依約債務人得\r\n　　於特約商店記帳消費，但應於各記帳消費所約定之繳款截止\r\n　　日前向聲請人清償﹝參證物二﹞，詎料債務人自發卡至民國\r\n　　107年11月20日結帳日止，帳款尚餘160,895元整未按期給付\r\n　　﹝參證物三﹞，經聲請人迄次催索，債務人均置之不理，實\r\n　　有督促履行之必要。本件係請求一定金額之給付，有約定書\r\n　　相關證據為憑。為求簡速，爰依民事訴訟法之規定，狀請\r\n　　鈞院鑒核，迅對債務人核發支付命令，如債務人文書無法送\r\n　　達，請准依民事訴訟法第一三八條之規定，將文書以寄存送\r\n　　達之方式為送達，實感德便。\r\n　　釋明文件：申請書、約定書、帳務明細\r\n三、債務人未於不變期間內提出異議時，債權人得依法院核發之\r\n　　支付命令及確定證明書聲請強制執行。\r\n　\r\n中　　華　　民　　國　 107　　年　　12　　月　　5　　 日\r\n　\r\n　　　　　　　　　　　　民事庭　司法事務官\r\n　\r\n◎附註：\r\n一、債權人、債務人如於事後遞狀均請註明案號、股別。\r\n二、債權人應於收受支付命令後5日內，提出債務人最新戶籍謄\r\n　　本（記事欄勿省略），以核對支付命令是否合法送達債務人\r\n　　；如債務人係法人，則應提出法人最近登記資料（例如公司\r\n　　設立變更登記事項表）及法定代理人最新戶籍謄本（記事欄\r\n　　勿省略），以核對是否合法送達。（否則無法核發確定證明\r\n　　書）\r\n三、債務人於收受本支付命令後，如認支付命令所述之債權或其\r\n　　金額，有虛偽不實或錯誤情事者，應即向本院聲明異議，切\r\n　　勿認本件支付命令係詐騙手法而置之不理，致支付命令因逾\r\n　　期未聲明異議，可據為強制執行之執行名義，進而所有財產\r\n　　（諸如不動產、存款、薪水）遭受法院查封或拍賣之強制執\r\n　　行。本院非訟中心之聯絡電話(00)0000000分機212。\r\n四、案件一經確定，本院依職權逕行核發確定證明書，債權人毋\r\n　　庸另行聲請。","type":"","historyHash":"","mainText":"","opinion":"","relatedIssues":[{"lawName":"民事訴訟法","issueRef":"138"}],"party":[{"group":[],"title":"債權人","value":"台新國際商業銀行股份有限公司"},{"group":[],"title":"法定代理人","value":"尚瑞強"},{"group":[],"title":"債務人","value":"龔容昱"}]}
