{"court":"臺灣澎湖地方法院","date":"2018-08-02T00:00:00+08:00","no":"107,馬簡,39","sys":"民事","reason":"返還簽約金","judgement":"臺灣澎湖地方法院民事裁定　　　　　　 107年度馬簡字第39號\r\n原　　　告　李紹瑛　\r\n上列上訴人即原告與被上訴人即被告丁雅彬、洪文達間請求返還\r\n簽約金事件，上訴人對於中華民國107年7月10日本院第一審判決\r\n，提起第二審上訴。查本件訴訟標的金額為新臺幣（下同）\r\n150,000元，應徵第二審裁判費2,325元，未據上訴人繳納，茲依\r\n民事訴訟法第436之1第3項、第442條第2項前段規定，限該上訴\r\n人於收受本裁定送達後5日內逕向本庭（澎湖縣○○市○○里○\r\n○○000號）如數補繳，逾期不繳，駁回其上訴，特此裁定。\r\n中　　華　　民　　國　 107　　年　　8　　 月　　2　　 日\r\n　　　　　　　　　臺灣澎湖地方法院馬公簡易庭\r\n　　　　　　　　　　　法　官　吳宏榮\r\n以上為正本係照原本作成。\r\n本裁定不得抗告。\r\n中　　華　　民　　國　 107　　年　　8　　 月　　2　　 日\r\n　　　　　　　　　　　書記官　莊心羽","type":"裁定","historyHash":"c0ab1918b9aae15121d96d88e7d99956","mainText":"","opinion":"","relatedIssues":[],"party":[{"group":["plaintiff"],"title":"原告","value":"李紹瑛"}]}
