{"court":"臺灣澎湖地方法院","date":"2011-05-10T00:00:00+08:00","no":"100,馬小,11","sys":"民事","reason":"清償借款","judgement":"宣　示　判　決　筆　錄　　　　　　　 100年度馬小字第11號\r\n原　　　告　中國信託商業銀行股份有限公司\r\n法定代理人　辜濓松\r\n訴訟代理人　蔡性道\r\n被　　　告　陳睿達原名：陳大.\r\n上列當事人間100年度馬小字第11號清償借款事件，於中華民國\r\n100年4月28日辯論終結，於中華民國100年5月10日下午4時整，\r\n在本院公開宣示判決，出席職員如下︰\r\n　　法　官　陳介安\r\n　　書記官　林長義\r\n朗讀案由兩造均未到。\r\n法官宣示判決主文如下：\r\n    主  文\r\n被告應給付原告新臺幣玖萬壹仟陸佰柒拾捌元，及自民國九十五\r\n年三月二十五日起至清償日止，按週年利率百分之二十計算之利\r\n息。\r\n訴訟費用新臺幣壹仟元由被告負擔。\r\n本判決得假執行。\r\n中    華    民    國   100    年    5     月    10    日\r\n                  臺灣澎湖地方法院馬公簡易庭\r\n                      書記官  林長義\r\n                      法  官  陳介安\r\n以上正本係照原本作成。\r\n如不服本判決，應於送達後20日內向本院提出上訴狀並表明上訴\r\n由，如於本判決宣示後送達前提起上訴者，應於判決送達後20日\r\n內補提上訴理由書（須附繕本）。如委任律師提起上訴者，應一\r\n併繳納上訴審裁判費。\r\n中    華    民    國   100    年    5     月    10    日\r\n                      書記官  林長義","type":"判決","historyHash":"","mainText":"","opinion":"","relatedIssues":[],"party":[{"group":["plaintiff"],"title":"原告","value":"中國信託商業銀行股份有限公司"},{"group":[],"title":"法定代理人","value":"辜濓松"},{"group":["plaintiff","agentAdLitem"],"title":"訴訟代理人","value":"蔡性道"},{"group":["defendant"],"title":"被告","value":"陳睿達原名：陳大."}]}
