{"court":"臺灣澎湖地方法院","date":"2011-06-15T00:00:00+08:00","no":"100,司票,55","sys":"民事","reason":"本票裁定","judgement":"臺灣澎湖地方法院民事裁定　　　　　　 100年度司票字第55號\r\n聲　請　人　李碧盈\r\n相　對　人　陳曉琪\r\n上列當事人間聲請本票准許強制執行事件，本院裁定如下：\r\n    主  文\r\n相對人於民國一百年六月五日簽發之本票，票面金額為新臺幣壹\r\n萬元，及自民國一百年六月五日起至清償日止，按年利率百分之\r\n六計算之利息，得為強制執行。\r\n聲請程序費用新臺幣伍佰元由相對人負擔。\r\n    理  由\r\n一、聲請意旨略稱：聲請人執有相對人於民國100年6月5日簽發\r\n    之本票1紙，票號為CH782165號，內載金額新臺幣10,000元\r\n    ，到期日為民國100年6月5日，並免除作成拒絕證書。詎於\r\n    上開本票到期後，經聲請人向相對人提示未獲付款，為此提\r\n    出該本票1紙，聲請裁定准許強制執行。\r\n二、本件聲請，核與票據法第123條規定相符，應予准許。\r\n三、如不服本裁定，應於裁定送達後10日內向本院提出抗告狀，\r\n    並繳納抗告費新臺幣1千元。\r\n四、發票人如主張本票係偽造、變造者，得於接到本裁定後20日\r\n    之不變期間內，對執票人向本院另行提起確認本票債權不存\r\n    在之訴。\r\n五、本件如欲聲請強制執行，請向執行處提出已合法送達之證明\r\n    。\r\n六、發票人已提確認之訴者，得依非訟事件法第195條規定聲請\r\n    法院停止執行。\r\n中    華    民    國   100    年    6     月    15    日\r\n            馬公簡易庭  司法事務官","type":"裁定","historyHash":"","mainText":"相對人於民國一百年六月五日簽發之本票，票面金額為新臺幣壹萬元，及自民國一百年六月五日起至清償日止，按年利率百分之六計算之利息，得為強制執行。\n聲請程序費用新臺幣伍佰元由相對人負擔。","opinion":"理  由\n一、聲請意旨略稱：聲請人執有相對人於民國100年6月5日簽發之本票1紙，票號為CH782165號，內載金額新臺幣10,000元，到期日為民國100年6月5日，並免除作成拒絕證書。詎於上開本票到期後，經聲請人向相對人提示未獲付款，為此提出該本票1紙，聲請裁定准許強制執行。\n二、本件聲請，核與票據法第123條規定相符，應予准許。\n三、如不服本裁定，應於裁定送達後10日內向本院提出抗告狀，並繳納抗告費新臺幣1千元。\n四、發票人如主張本票係偽造、變造者，得於接到本裁定後20日之不變期間內，對執票人向本院另行提起確認本票債權不存在之訴。\n五、本件如欲聲請強制執行，請向執行處提出已合法送達之證明。\n六、發票人已提確認之訴者，得依非訟事件法第195條規定聲請法院停止執行。","relatedIssues":[{"lawName":"票據法","issueRef":"123"},{"lawName":"非訟事件法","issueRef":"195"}],"party":[{"group":["plaintiff"],"title":"聲請人","value":"李碧盈"},{"group":[],"title":"相對人","value":"陳曉琪"}]}
