{"court":"臺灣澎湖地方法院","date":"2010-11-24T00:00:00+08:00","no":"99,司繼,28","sys":"民事","reason":"陳報遺產清冊","judgement":"臺灣澎湖地方法院民事裁定　　　　　　　99年度司繼字第28號\r\n聲　請　人　許明煌\r\n上聲請人對被繼承人許明吉之遺產聲明法定繼承陳報遺產清冊事\r\n件，本院裁定如下：\r\n一、聲請人因其被繼承人許明吉（男，民國○○年○月○○日生，身\r\n　　分證統一編號：Ｚ000000000號，生前最後住所：澎湖縣馬公\r\n　　市鎖港里鎖管港18號）於99年8月10日死亡，聲請人開具遺\r\n　　產清冊陳報本院，聲明法定繼承陳報遺產清冊等，經核並無\r\n　　不合，本院爰依法為公示催告。\r\n二、被繼承人之債權人應於本公示催告最後登載新聞紙之翌日起\r\n　　6個月內向繼承人報明其債權，如不為報明，而又為繼承人\r\n　　所不知者，僅得就賸餘遺產行使其權利。\r\n三、聲請人應於收受本裁定之日起7日內將本裁定前二項全文登\r\n　　載公報、新聞紙或其他相類之傳播工具1日，並將登載證明\r\n　　檢送本院。聲請人未依規定登載者，視為撤回公示催告之聲\r\n　　請。\r\n四、程序費用新臺幣壹仟元由被繼承人許明吉之遺產負擔。\r\n五、如不服本裁定，應於裁定送達後10日內，以書狀向司法事務\r\n　　官提出異議。\r\n中　　華　　民　　國　　99　　年　　11　　月　　24　　日\r\n　　　　　　　家事法庭　司法事務官","type":"裁定","historyHash":"","mainText":"","opinion":"","relatedIssues":[],"party":[{"group":["plaintiff"],"title":"聲請人","value":"許明煌"}]}
