{"court":"臺灣澎湖地方法院","date":"2012-03-13T00:00:00+08:00","no":"101,除,1","sys":"民事","reason":"除權判決","judgement":"臺灣澎湖地方法院民事判決　　　　　　　　101年度除字第1號\r\n聲　請　人　李順軒\r\n上列聲請人聲請除權判決事件，本院判決如下：\r\n    主  文\r\n附表所示之證券無效。\r\n程序費用由聲請人負擔。\r\n    理  由\r\n一、上開證券經本院以100年度催字第8號公示催告在案。\r\n二、所定申報權利期間已於民國101年1月13日屆滿，迄今無人申\r\n    報權利。\r\n三、依民事訴訟法第564條第1項、第549條之1，判決如主文。\r\n中    華    民    國    101    年    3    月    13    日\r\n                        民事庭  法  官  鍾孟容\r\n以上正本係照原本作成。\r\n本判決不得上訴。\r\n中    華    民    國    101     年    3    月    13    日\r\n                                書記官  林長義\r\n┌─────────────────────────────────┐\r\n│支票附表：101年度除字第1號                                        │\r\n├──┬────┬───────┬──────┬─────┬────┤\r\n│編號│發票人  │付  款  人    │發  票  日  │ 票面金額 │支票號碼│\r\n│    │        │              │            │（新臺幣）│        │\r\n├──┼────┼───────┼──────┼─────┼────┤\r\n│001 │陳永富  │合作金庫商業銀│100年6月14日│29,550元  │0000000 │\r\n│    │        │行台北澎湖分行│            │          │        │\r\n├──┼────┼───────┼──────┼─────┼────┤\r\n│002 │洪素菊  │澎湖縣漁會    │100年6月22日│36,850元  │0000000 │\r\n└──┴────┴───────┴──────┴─────┴────┘","type":"判決","historyHash":"","mainText":"附表所示之證券無效。\n程序費用由聲請人負擔。","opinion":"理  由\n一、上開證券經本院以100年度催字第8號公示催告在案。\n二、所定申報權利期間已於民國101年1月13日屆滿，迄今無人申報權利。\n三、依民事訴訟法第564條第1項、第549條之1，判決如主文。","relatedIssues":[{"lawName":"民事訴訟法","issueRef":"549-1"},{"lawName":"民事訴訟法","issueRef":"564 1"}],"party":[{"group":["plaintiff"],"title":"聲請人","value":"李順軒"}]}
