{"court":"臺灣澎湖地方法院","date":"2015-01-28T00:00:00+08:00","no":"103,家聲,8","sys":"民事","reason":"聲請閱卷","judgement":"臺灣澎湖地方法院民事裁定　　　　　　　103年度家聲字第8號\r\n聲　請　人　台新國際商業銀行股份有限公司\r\n法定代理人　鍾隆毓　\r\n上列聲請人聲請閱卷事件，本院裁定如下：\r\n    主    文\r\n聲請駁回。\r\n    理    由\r\n一、按當事人得向法院書記官聲請閱覽、抄錄或攝影卷內文書，\r\n    或預納費用聲請付與繕本、影本或節本；第三人經當事人同\r\n    意或釋明有法律上之利害關係，而為前項之聲請者，應經法\r\n    院裁定許可，民事訴訟法第242 條第1 項及第2 項定有明文\r\n    。又依家事事件法第97條、非訟事件法第48條規定，上開規\r\n    定於家事非訟事件準用之。\r\n二、本件聲請人聲請閱覽本院99年度繼字第25號卷宗，並未經當\r\n    事人同意，亦未提出有法律上利害關係之釋明，本院命聲請\r\n    人於文到7 日內具狀釋明並提出相關證明文件，該補正函於\r\n    民國103 年12月12日送達聲請人，有送達證書附卷可稽。聲\r\n    請人迄今並未補正，難認其係法律上之利害關係人，故其聲\r\n    請閱覽卷宗，不應許可。爰裁定如主文。\r\n中    華    民    國    104    年    1    月    28    日\r\n                      家事法庭  法  官  蔡政佑\r\n以上正本係照原本作成。\r\n如對本裁定抗告，須於裁定正本送達後10日內，向本院提出抗告\r\n狀。\r\n中    華    民    國    104    年    1    月    28    日\r\n\r\n                                書記官  莊茹茵","type":"裁定","historyHash":"","mainText":"聲請駁回。","opinion":"一、按當事人得向法院書記官聲請閱覽、抄錄或攝影卷內文書，或預納費用聲請付與繕本、影本或節本；第三人經當事人同意或釋明有法律上之利害關係，而為前項之聲請者，應經法院裁定許可，民事訴訟法第242 條第1 項及第2 項定有明文。又依家事事件法第97條、非訟事件法第48條規定，上開規定於家事非訟事件準用之。\n二、本件聲請人聲請閱覽本院99年度繼字第25號卷宗，並未經當事人同意，亦未提出有法律上利害關係之釋明，本院命聲請人於文到7 日內具狀釋明並提出相關證明文件，該補正函於民國103 年12月12日送達聲請人，有送達證書附卷可稽。聲請人迄今並未補正，難認其係法律上之利害關係人，故其聲請閱覽卷宗，不應許可。爰裁定如主文。","relatedIssues":[{"lawName":"家事事件法","issueRef":"97"},{"lawName":"民事訴訟法","issueRef":"242 1"},{"lawName":"民事訴訟法","issueRef":"242 2"},{"lawName":"非訟事件法","issueRef":"48"}],"party":[{"group":["plaintiff"],"title":"聲請人","value":"台新國際商業銀行股份有限公司"},{"group":[],"title":"法定代理人","value":"鍾隆毓"}]}
