{"court":"臺灣澎湖地方法院","date":"2014-04-21T00:00:00+08:00","no":"103,訴,17","sys":"民事","reason":"損害賠償","judgement":"臺灣澎湖地方法院民事裁定　　　　　　　 103年度訴字第17號\r\n原　　　告　陳昱元\r\n上列原告與被告國立澎湖科技大學間請求損害賠償事件，本院裁\r\n定如下：\r\n    主  文\r\n原告之訴駁回。\r\n訴訟費用由原告負擔。\r\n    理  由\r\n一、按提起民事訴訟應依民事訴訟法第1編第3章第1節、第2節之\r\n    規定繳納裁判費，此為必須具備之程式。\r\n二、本件原告起訴，未據繳納裁判費，經本院於民國103年3月20\r\n    日裁定命原告於5日內補正。該項裁定已於103年3月24日送\r\n    達原告，有送達證書附卷可憑。原告逾期迄未補正，其訴顯\r\n    難認為合法，應予以駁回。\r\n三、依民事訴訟法第249條第1項第6款、第95條、第78條，裁定\r\n    如主文。\r\n中    華    民    國   103    年    4     月    21    日\r\n                        民事庭  法  官  吳宏榮\r\n以上正本係照原本作成。\r\n如不服本裁定應於送達後10日內向本院提出抗告狀，並應繳納抗\r\n告裁判費新臺幣1,000元。\r\n中    華    民    國   103    年    4     月    21    日\r\n                                書記官  楊依靚","type":"裁定","historyHash":"4204126e73d01ca53afaabcb68683185","mainText":"原告之訴駁回。\n訴訟費用由原告負擔。","opinion":"一、按提起民事訴訟應依民事訴訟法第1編第3章第1節、第2節之規定繳納裁判費，此為必須具備之程式。\n二、本件原告起訴，未據繳納裁判費，經本院於民國103年3月20日裁定命原告於5日內補正。該項裁定已於103年3月24日送達原告，有送達證書附卷可憑。原告逾期迄未補正，其訴顯難認為合法，應予以駁回。\n三、依民事訴訟法第249條第1項第6款、第95條、第78條，裁定如主文。","relatedIssues":[{"lawName":"民事訴訟法","issueRef":"78"},{"lawName":"民事訴訟法","issueRef":"95"},{"lawName":"民事訴訟法","issueRef":"249 1 6"}],"party":[{"group":["plaintiff"],"title":"原告","value":"陳昱元"}]}
