{"court":"臺灣澎湖地方法院","date":"2016-12-15T00:00:00+08:00","no":"105,司繼,86","sys":"民事","reason":"陳報遺產清冊","judgement":"臺灣澎湖地方法院民事裁定　　　　　　 105年度司繼字第86號\r\n聲　請　人　莊淑菁　\r\n上列聲請人陳報遺產清冊事件，本院裁定如下：\r\n一、聲請人係被繼承人翁保源（男，民國00年0月00日生，生前\r\n　　住所：澎湖縣○○市○○里○○○000號，身分證統一編號\r\n　　：Z000000000號）之配偶，為繼承人。被繼承人於民國105\r\n　　年10月3日死亡，聲請人開具遺產清冊陳報本院，經核並無\r\n　　不合，本院爰依法為公示催告。\r\n二、被繼承人之債權人應於本公示催告揭示於司法院資訊網路之\r\n　　日起六個月內向繼承人報明其債權，如不為報明，而又為繼\r\n　　承人所不知者，僅得就賸餘遺產行使其權利。\r\n三、聲請人應於收受本裁定之日起20日內將本裁定前二項全文登\r\n　　載公報、新聞紙或其他相類之傳播工具，並將登載證明檢送\r\n　　本院。\r\n四、程序費用新臺幣壹仟元由被繼承人翁保源之遺產負擔。\r\n五、如對本裁定抗告須於裁定送達後10日內向本院提出抗告狀，\r\n　　並應繳納抗告費新臺幣1,000元整。\r\n中　　華　　民　　國　 105　　年　　12　　月　　15　　日\r\n　　　　　　　　　家事法庭司法事務官","type":"裁定","historyHash":"","mainText":"","opinion":"","relatedIssues":[],"party":[{"group":["plaintiff"],"title":"聲請人","value":"莊淑菁"}]}
