{"court":"臺灣澎湖地方法院","date":"2012-02-04T00:00:00+08:00","no":"101,司票,5","sys":"民事","reason":"本票裁定","judgement":"臺灣澎湖地方法院民事裁定　　　　　　　101年度司票字第5號\r\n聲　請　人　鄭偉強\r\n相　對　人　楊淑娟\r\n上列當事人間聲請本票准許強制執行事件，本院裁定如下：\r\n    主  文\r\n相對人於民國一百年十月十一日簽發之本票，票面金額為新臺幣\r\n壹佰萬元，及自民國一百年十月十一日起至清償日止，按週年利\r\n率百分之六計算之利息，得為強制執行。\r\n聲請程序費用新臺幣貳仟元由相對人負擔。\r\n    理  由\r\n一、聲請意旨略稱：聲請人執有相對人於民國100年10月11日簽\r\n    發之本票1紙，票號為TH582030號，內載金額新臺幣1,000,\r\n    000元，未載到期日，並免除作成拒絕證書。詎於上開本票\r\n    經聲請人向相對人提示未獲付款，為此提出該本票1紙，聲\r\n    請裁定准許強制執行。\r\n二、本件聲請，核與票據法第123條規定相符，應予准許。\r\n三、依非訟事件法第21條第2項，民事訴訟法第78條，裁定如主\r\n    文。\r\n四、如不服本裁定，應於裁定送達後10日內向本院提出抗告狀，\r\n    並繳納抗告費新臺幣1千元。\r\n五、發票人如主張本票係偽造、變造者，得於接到本裁定後20日\r\n    之不變期間內，對執票人向本院另行提起確認本票債權不存\r\n    在之訴。\r\n六、本件如欲聲請強制執行，請向執行處提出已合法送達之證明\r\n    。\r\n七、發票人已提確認之訴者，得依非訟事件法第195條規定聲請\r\n    法院停止執行。\r\n中    華    民    國   101    年    2     月    4     日\r\n            馬公簡易庭  司法事務官\r\n◎附註：\r\n一、債權人、債務人如於事後遞狀均請註明案號、股別。\r\n二、債權人應於收受本裁定後5日內，提出債務人最新戶籍謄本\r\n    （記事欄勿省略），以核對本裁定是否合法送達債務人；如\r\n    債務人係法人，則應提出法人最近登記資料（例如公司設立\r\n    變更登記事項表）及法定代理人最新戶籍謄本（記事欄勿省\r\n    略），以核對是否合法送達。（否則無法核發確定證明書）\r\n三、案件一經確定，本院依職權逕行核發確定證明書，債權人毋\r\n    庸另行聲請。","type":"裁定","historyHash":"fba550ec2ef0eee8b9eba09f56165ae8","mainText":"相對人於民國一百年十月十一日簽發之本票，票面金額為新臺幣壹佰萬元，及自民國一百年十月十一日起至清償日止，按週年利率百分之六計算之利息，得為強制執行。\n聲請程序費用新臺幣貳仟元由相對人負擔。","opinion":"理  由\n一、聲請意旨略稱：聲請人執有相對人於民國100年10月11日簽發之本票1紙，票號為TH582030號，內載金額新臺幣1,000,000元，未載到期日，並免除作成拒絕證書。詎於上開本票經聲請人向相對人提示未獲付款，為此提出該本票1紙，聲請裁定准許強制執行。\n二、本件聲請，核與票據法第123條規定相符，應予准許。\n三、依非訟事件法第21條第2項，民事訴訟法第78條，裁定如主文。\n四、如不服本裁定，應於裁定送達後10日內向本院提出抗告狀，並繳納抗告費新臺幣1千元。\n五、發票人如主張本票係偽造、變造者，得於接到本裁定後20日之不變期間內，對執票人向本院另行提起確認本票債權不存在之訴。\n六、本件如欲聲請強制執行，請向執行處提出已合法送達之證明。\n七、發票人已提確認之訴者，得依非訟事件法第195條規定聲請法院停止執行。","relatedIssues":[{"lawName":"民事訴訟法","issueRef":"78"},{"lawName":"票據法","issueRef":"123"},{"lawName":"非訟事件法","issueRef":"21 2"},{"lawName":"非訟事件法","issueRef":"195"}],"party":[{"group":["plaintiff"],"title":"聲請人","value":"鄭偉強"},{"group":[],"title":"相對人","value":"楊淑娟"}]}
