{"court":"臺灣澎湖地方法院","date":"2015-05-05T00:00:00+08:00","no":"104,司促,505","sys":"民事","reason":"支付命令","judgement":"臺灣澎湖地方法院支付命令　　　　　　104年度司促字第505號\r\n債　權　人　保證責任澎湖縣第一信用合作社\r\n法定代理人　藍俊昇\r\n債　務　人　吳瑞源\r\n一、債務人應向債權人給付新臺幣伍拾玖萬零貳佰伍拾貳元，及\r\n　　自民國一百零四年一月二十九日起至清償日止，按年息百分\r\n　　之三計算之利息，暨逾期在六個月以內者，按上開利率百分\r\n　　之十，超過六個月者，按上開利率百分之二十計算之違約金\r\n　　，並賠償督促程序費用新臺幣伍佰元。\r\n二、債權人請求之原因事實如附件（引用聲請書）所載。\r\n三、債務人應向債權人清償其請求並賠償程序費用，否則應於支\r\n　　付命令送達後二十日之不變期間內，向本院提出異議。\r\n四、如債務人不於期間內提出異議，本命令與確定判決有同一效\r\n　　力。\r\n中　　華　　民　　國　 104　　年　　5　　 月　　5　　 日\r\n　　　　　　　　民事庭　司法事務官\r\n◎附註：\r\n一、債權人、債務人如於事後遞狀均請註明案號、股別。\r\n二、債權人應於收受支付命令後5日內，提出債務人最新戶籍謄\r\n　　本（記事欄勿省略），以核對支付命令是否合法送達債務人\r\n　　；如債務人係法人，則應提出法人最近登記資料（例如公司\r\n　　設立變更登記事項表）及法定代理人最新戶籍謄本（記事欄\r\n　　勿省略），以核對是否合法送達。（否則無法核發確定證明\r\n　　書）\r\n三、案件一經確定，本院依職權逕行核發確定證明書，債權人毋\r\n　　庸另行聲請。","type":"","historyHash":"","mainText":"","opinion":"","relatedIssues":[],"party":[{"group":[],"title":"債權人","value":"保證責任澎湖縣第一信用合作社"},{"group":[],"title":"法定代理人","value":"藍俊昇"},{"group":[],"title":"債務人","value":"吳瑞源"}]}
