{"court":"臺灣澎湖地方法院","date":"2016-03-25T00:00:00+08:00","no":"105,補,12","sys":"民事","reason":"損害賠償","judgement":"臺灣澎湖地方法院民事裁定　　　　　　　 105年度補字第12號\r\n原　　　告　高麗雪　\r\n　　　　　　高武煌　\r\n上列原告與被告蘇文信間請求損害賠償事件，原告起訴未據繳納\r\n裁判費，復未於訴狀載明本件訴訟標的價額，使本院無法核定訴\r\n訟標的價額，以裁定命原告補繳裁判費。按起訴應以訴狀表明下\r\n列各款事項，提出於法院為之：二、訴訟標的及其原因事實。\r\n三、應受判決事項之聲明，民事訴訟法第244條第1項第2、3款分\r\n別定有明文。所謂表明訴訟標的，係指應記載請求依據之法律關\r\n係併表明該法律關係發生之原因事實。而聲明即為請求判決之結\r\n論，亦即當事人請求法院應為如何判決之聲明，如當事人獲勝訴\r\n判決，該聲明即成為判決主文，如為給付之請求，則成為將來據\r\n以強制執行之依據及範圍，是以訴之聲明，須明確特定，適於強\r\n制執行。本件原告起訴狀並未記載明確訴之聲明（並未載明被告\r\n應給付賠償之金額款項），茲命原告於收受本裁定送達5日內補\r\n正以下事項，如未依期補正，即駁回原告之訴：\r\n一、具狀載明訴訟標的及其原因事實、應受判決事項之聲明，並\r\n    將書狀繕本逕送被告。\r\n二、依其訴之聲明金額補繳裁判費（因財產權而起訴，其訴訟標\r\n    的之金額或價額在新臺幣100,000元以下部分，徵收1,000元\r\n    ；逾100,000元至1,000,000元部分，每萬元徵收100元；逾\r\n    1,000,000元至10,000,000元部分，每萬元徵收90元；逾\r\n    10,000,000元至100,000,000元部分，每萬元徵收80元；逾\r\n    100,000,000元至1,000,000,000元部分，每萬元徵收70元；\r\n    逾1,000,000,000元部分，每萬元徵收60元；其畸零之數不\r\n    滿萬元者，以萬元計算。）。\r\n三、提出被告蘇文信之戶籍謄本。\r\n中    華    民    國   105    年    3     月    25    日\r\n\r\n                        民事庭  法  官  吳宏榮\r\n\r\n以上正本係照原本作成。\r\n本裁定不得抗告。\r\n\r\n中    華    民    國   105    年    3     月    25    日\r\n\r\n                                書記官  楊依靚","type":"裁定","historyHash":"","mainText":"","opinion":"","relatedIssues":[{"lawName":"民事訴訟法","issueRef":"244 1 2"},{"lawName":"民事訴訟法","issueRef":"244 1 3"}],"party":[{"group":["plaintiff"],"title":"原告","value":"高麗雪"},{"group":["plaintiff"],"title":"原告","value":"高武煌"}]}
