{"court":"臺灣澎湖地方法院","date":"2015-12-31T00:00:00+08:00","no":"104,補,60","sys":"民事","reason":"清償債務","judgement":"臺灣澎湖地方法院民事裁定　　　　　　　 104年度補字第60號\r\n原　　　告　鄭楷叡\r\n原告因請求清償債務事件，曾聲請對被告陳金珠發支付命令，惟\r\n被告陳金珠已於法定期間內對支付命令提出異議，應以支付命令\r\n之聲請視為起訴。查本件訟訴標的金額為新臺幣（下同）\r\n1,800,000元，應徵收第一審裁判費18,820元，扣除前繳支付命\r\n令裁判費500元外，尚應補繳18,320元，茲限原告於收受本裁定\r\n後5日內如數補繳，如逾期未補正，即駁回原告之訴，特此裁定\r\n。\r\n中　　華　　民　　國　 104　　年　　12　　月　　31　　日\r\n　　　　　　　　　　　　民事庭　法　官　吳宏榮\r\n以上正本係照原本作成。\r\n如對本裁定關於核定訴訟標的價額部分抗告，應於裁定送達後\r\n10日內向本院（澎湖縣馬公市○○里○○○000號）提出抗告狀\r\n（須附繕本），並繳納抗告費新臺幣1,000元；關於命補繳裁判\r\n費部分不得抗告。\r\n中　　華　　民　　國　 104　　年　　12　　月　　31　　日\r\n　　　　　　　　　　　　　　　　書記官　楊依靚","type":"裁定","historyHash":"","mainText":"","opinion":"","relatedIssues":[],"party":[{"group":["plaintiff"],"title":"原告","value":"鄭楷叡"}]}
