{"court":"臺灣澎湖地方法院","date":"2016-11-29T00:00:00+08:00","no":"105,馬簡,85","sys":"民事","reason":"給付勞務報酬","judgement":"臺灣澎湖地方法院民事裁定　　　　　　 105年度馬簡字第85號\r\n原　　　告　曾俊源即心生活創意企業社\r\n被　　　告　嘉和海運股份有限公司\r\n法定代理人　洪寶玉\r\n訴訟代理人　郭瑋萍律師\r\n上列當事人間請求給付勞務報酬事件，本院裁定如下：\r\n    主  文\r\n本件移送臺灣臺中地方法院。\r\n    理  由\r\n一、按訴訟之全部或一部，法院認為無管轄權者，依原告聲請或\r\n    依職權以裁定移送其管轄法院。又除民事訴訟法定有專屬管\r\n    轄之訴訟外，當事人得以合意定第一審管轄法院。但以關於\r\n    由一定法律關係而生之訴訟為限。前項合意，應以文書證之\r\n    ，民事訴訟法第28條第1項、第26條及第24條分別定有明文\r\n    。從而，當事人以合意定第一審管轄法院者，如具備上開法\r\n    定要件，當事人及法院均應受其拘束。亦即關於合意管轄之\r\n    規定，除專屬管轄外，得排斥其他審判籍而優先適用。\r\n二、經查，原告與被告及訴外人永○昌國際旅行社有限公司、大\r\n    ○新旅行社等四方共同於民國103年6月3日簽訂THE COLOR\r\n    WALK-彩色狂歡節-澎湖站合作備忘錄（下稱系爭備忘錄），\r\n    而依系爭備忘錄第7條第2點約定：「本合約如需涉訟，四方\r\n    同意以臺灣臺中地方法院為第一審管轄法院。」等語，此有\r\n    系爭備忘錄影本在卷可稽，是依上開規定及說明，本件原告\r\n    對被告提起訴訟，自應由臺灣臺中地方法院管轄，茲原告向\r\n    無管轄權之本院起訴，顯屬違誤，爰依職權將本件移送於該\r\n    管轄法院。\r\n三、依上開裁定如主文。\r\n中    華    民    國   105    年    11    月    29    日\r\n                  臺灣澎湖地方法院馬公簡易庭\r\n                      法  官  王政揚\r\n以上正本係照原本作成。\r\n如對本裁定抗告須於裁定送達後10日內向本院提出抗告狀，並應\r\n繳納抗告費新臺幣1,000 元。\r\n中    華    民    國   105    年    11    月    29    日\r\n\r\n                      書記官  王耀煌","type":"裁定","historyHash":"","mainText":"本件移送臺灣臺中地方法院。","opinion":"二、經查，原告與被告及訴外人永○昌國際旅行社有限公司、大○新旅行社等四方共同於民國103年6月3日簽訂THE COLOR WALK-彩色狂歡節-澎湖站合作備忘錄（下稱系爭備忘錄），而依系爭備忘錄第7條第2點約定：「本合約如需涉訟，四方同意以臺灣臺中地方法院為第一審管轄法院。」等語，此有系爭備忘錄影本在卷可稽，是依上開規定及說明，本件原告對被告提起訴訟，自應由臺灣臺中地方法院管轄，茲原告向無管轄權之本院起訴，顯屬違誤，爰依職權將本件移送於該管轄法院。\n三、依上開裁定如主文。","relatedIssues":[{"lawName":"民事訴訟法","issueRef":"24"},{"lawName":"民事訴訟法","issueRef":"26"},{"lawName":"民事訴訟法","issueRef":"28 1"}],"party":[{"group":["plaintiff"],"title":"原告","value":"曾俊源即心生活創意企業社"},{"group":["defendant"],"title":"被告","value":"嘉和海運股份有限公司"},{"group":[],"title":"法定代理人","value":"洪寶玉"},{"group":["defendant","agentAdLitem","lawyer"],"title":"訴訟代理人","value":"郭瑋萍律師"}]}
