{"court":"臺灣澎湖地方法院","date":"2012-10-22T00:00:00+08:00","no":"101,法,2","sys":"民事","reason":"變更章程","judgement":"臺灣澎湖地方法院民事裁定                101年度法字第2號\r\n聲  請  人  王靜卿\r\n\r\n\r\n上列聲請人聲請變更社團法人澎湖縣各業工人聯合會組織章程事\r\n件，聲請人應於收受本裁定送達5 日內補正下列事項，逾期即駁\r\n回其聲請，特此裁定。\r\n應補正之事項：\r\n（一）聲請人聲請未據繳納裁判費。查本件係因非財產權關係而\r\n      為聲請，依非訟事件法第14條第1項規定，應徵聲請費用\r\n      新臺幣1,000元。茲依非訟事件法第26條第1項規定，限期\r\n      補繳裁判費。\r\n（二）聲請狀聲請事項第一項所載之附件。\r\n中    華    民    國   101    年    10    月    22    日\r\n                        民事庭  法  官  鍾孟容\r\n以上正本係照原本作成。\r\n(以下任選一種)\r\n本裁定不得抗告。\r\n如不服本裁定關於訴訟標的價額之核定，得於收受裁定正本後10\r\n日內向本院提出抗告狀，並繳納抗告裁判費新臺幣1,000元。\r\n中    華    民    國   101    年    10    月    22    日\r\n                                書記官  林長義","type":"裁定","historyHash":"","mainText":"","opinion":"","relatedIssues":[{"lawName":"非訟事件法","issueRef":"14 1"},{"lawName":"非訟事件法","issueRef":"26 1"}],"party":[{"group":["plaintiff"],"title":"聲請人","value":"王靜卿"}]}
