{"court":"臺灣澎湖地方法院","date":"2015-09-02T00:00:00+08:00","no":"104,司拍,8","sys":"民事","reason":"拍賣抵押物","judgement":"臺灣澎湖地方法院民事裁定　　　　　　　104年度司拍字第8號\r\n聲　請　人　第一商業銀行股份有限公司\r\n法定代理人　蔡慶年\r\n代　理　人　陳怡君\r\n相　對　人　陳金珠\r\n上列當事人間拍賣抵押物事件，本院裁定如下：\r\n    主  文\r\n相對人所有如附表所示之不動產准予拍賣。\r\n聲請程序費用新臺幣貳仟元由相對人負擔。\r\n    理  由\r\n一、按最高限額抵押權人於債權已屆清償期而未受清償者，得聲\r\n    請法院拍賣抵押物，就其賣得價金而受清償，民法第881條\r\n    之17準用第873條定有明文。\r\n二、本件聲請意旨略以：相對人（即債務人）陳金珠於民國96年\r\n    11月12日，為擔保其對聲請人之現在及將來所負之一切債務\r\n    ，將其所有如附表所示之不動產，設定新台幣（下同）540\r\n    萬元之第一順位最高限額抵押權予聲請人，擔保債權確定之\r\n    期日為126年11月8日，債務清償期依照各個契約約定期，經\r\n    登記在案。嗣相對人於96年11月16日向聲請人借款450萬元\r\n    ，約定自借款日起依年金法按月平均攤還本息，且任何一宗\r\n    債務不依約清償本金時，無須事先通知或催告，所貸借款視\r\n    為全部到期，立有借據乙紙可稽，詎相對人自104年6月16日\r\n    起即未按期攤還本息時，是相對人已喪失期限之利益，應立\r\n    即全部償還所欠本金3,025,479元及利息、違約金等，為此\r\n    聲請拍賣抵押物以資受償等語。\r\n三、查聲請人上開主張，業據提出抵押權設定契約書、他項權利\r\n    證明書、土地登記謄本、借據及放款明細等影本為證，並經\r\n    本院於104年8月7日通知相對人於10日內就本件聲請陳述意\r\n    見，並經相對人本人於同年8月11日收受送達，惟相對人至\r\n    今未為陳述，是本件聲請，經核尚無不合，應予准許。\r\n四、爰依非訟事件法第21條第2項、民事訴訟法第78條，裁定如\r\n    主文。\r\n五、如不服本裁定，應於裁定送達後10日內向本院提出抗告狀\r\n    ，並繳納抗告費1,000元。如持本裁定聲請強制執行時，請\r\n    一併檢附相對人收受本裁定之送達證書影本提出於民事執行\r\n    處。\r\n中    華    民    國   104    年    9     月    2     日\r\n                  馬公簡易庭  司法事務官\r\n┌──────────────────────────────────────────────────────┐\r\n│附表：                                                                                    104年度司拍字第8號│\r\n├──┬──────────────────────┬──┬──────────┬───────┬──────┤\r\n│    │      土        地        坐        落      │    │    面        積    │              │            │\r\n│編號├───┬────┬────┬────┬───┤地目├──┬──┬────┤權  利  範  圍│備        考│\r\n│    │縣  市│鄉鎮市區│   段   │ 小  段 │地  號│    │公頃│公畝│平方公尺│              │            │\r\n├──┼───┼────┼────┼────┼───┼──┼──┼──┼────┼───────┼──────┤\r\n│001 │澎湖縣│馬公市  │文石    │        │194-2 │旱  │    │    │132.25  │全部          │            │\r\n├──┼───┼────┼────┼────┼───┼──┼──┼──┼────┼───────┼──────┤\r\n│002 │澎湖縣│馬公市  │文石    │        │194-5 │旱  │    │    │210.44  │1/5           │            │\r\n└──┴───┴────┴────┴────┴───┴──┴──┴──┴────┴───────┴──────┘\r\n┌─────────────────────────────────────────────────────────────┐\r\n│附表(建物)：                                                                                            104年度司拍字第8號│\r\n├──┬───┬───────┬───────┬───────┬─────────────────┬───┬────────┤\r\n│ 編 │      │              │              │建 築 式 樣 主│      建物面積（平方公尺）        │      │                │\r\n│    │      │              │              │              ├───────────┬─────┤權  利│                │\r\n│    │建  號│建  物  門  牌│基  地  坐  落│要 建 築 材 料│ 樓    層    面    積 │附屬建物主│      │  備        考  │\r\n│    │      │              │              │              │                      │要建築材料│範  圍│                │\r\n│ 號 │      │              │              │及 房 屋 層 數│ 及       合       計 │及用途    │      │                │\r\n├──┼───┼───────┼───────┼───────┼───────────┼─────┼───┼────────┤\r\n│001 │文石段│石泉162號     │文石段194-2   │三層鋼筋混凝土│一層：66.10平方公尺； │陽台：16.2│全部  │                │\r\n│    │403   │              │              │造住家用      │二層：66.10平方公尺； │6平方公尺 │      │                │\r\n│    │      │              │              │              │三層：66.10平方公尺； │          │      │                │\r\n│    │      │              │              │              │屋頂一層：10.19平方公 │          │      │                │\r\n│    │      │              │              │              │尺，總面積：208.49平方│          │      │                │\r\n│    │      │              │              │              │公尺                  │          │      │                │\r\n└──┴───┴───────┴───────┴───────┴───────────┴─────┴───┴────────┘\r\n◎附註：\r\n一、聲請人、相對人如於事後遞狀均請註明案號、股別。\r\n二、聲請人應於收受本裁定後10日內，提出相對人最新戶籍謄本\r\n    （記事欄勿省略），以核對本裁定是否合法送達相對人；如\r\n    相對人係法人，則應提出法人最近登記資料（例如公司設立\r\n    變更登記事項表）及法定代理人最新戶籍謄本（記事欄勿省\r\n    略），以核對是否合法送達。（否則無法核發確定證明書）\r\n三、案件一經確定，本院依職權逕行核發確定證明書，聲請人毋\r\n    庸另行聲請。","type":"裁定","historyHash":"","mainText":"相對人所有如附表所示之不動產准予拍賣。\n聲請程序費用新臺幣貳仟元由相對人負擔。","opinion":"一、按最高限額抵押權人於債權已屆清償期而未受清償者，得聲請法院拍賣抵押物，就其賣得價金而受清償，民法第881條之17準用第873條定有明文。\n二、本件聲請意旨略以：相對人（即債務人）陳金珠於民國96年11月12日，為擔保其對聲請人之現在及將來所負之一切債務，將其所有如附表所示之不動產，設定新台幣（下同）540萬元之第一順位最高限額抵押權予聲請人，擔保債權確定之期日為126年11月8日，債務清償期依照各個契約約定期，經登記在案。嗣相對人於96年11月16日向聲請人借款450萬元，約定自借款日起依年金法按月平均攤還本息，且任何一宗債務不依約清償本金時，無須事先通知或催告，所貸借款視為全部到期，立有借據乙紙可稽，詎相對人自104年6月16日起即未按期攤還本息時，是相對人已喪失期限之利益，應立即全部償還所欠本金3,025,479元及利息、違約金等，為此聲請拍賣抵押物以資受償等語。\n三、查聲請人上開主張，業據提出抵押權設定契約書、他項權利證明書、土地登記謄本、借據及放款明細等影本為證，並經本院於104年8月7日通知相對人於10日內就本件聲請陳述意見，並經相對人本人於同年8月11日收受送達，惟相對人至今未為陳述，是本件聲請，經核尚無不合，應予准許。\n四、爰依非訟事件法第21條第2項、民事訴訟法第78條，裁定如主文。\n五、如不服本裁定，應於裁定送達後10日內向本院提出抗告狀，並繳納抗告費1,000元。如持本裁定聲請強制執行時，請一併檢附相對人收受本裁定之送達證書影本提出於民事執行處。","relatedIssues":[{"lawName":"民事訴訟法","issueRef":"78"},{"lawName":"民法","issueRef":"873"},{"lawName":"民法","issueRef":"881-17"},{"lawName":"非訟事件法","issueRef":"21 2"}],"party":[{"group":["plaintiff"],"title":"聲請人","value":"第一商業銀行股份有限公司"},{"group":[],"title":"法定代理人","value":"蔡慶年"},{"group":["plaintiff","agentAdLitem"],"title":"代理人","value":"陳怡君"},{"group":[],"title":"相對人","value":"陳金珠"}]}
