{"court":"臺灣澎湖地方法院","date":"2009-03-10T00:00:00+08:00","no":"98,票,9","sys":"民事","reason":"本票裁定","judgement":"臺灣澎湖地方法院民事裁定　　　　　　　　 98年度票字第9號\r\n聲　請　人　乙○○\r\n相　對　人　甲○○\r\n上列當事人間對本票准許強制執行事件，本院裁定如下：\r\n    主  文\r\n相對人簽發如附表所示之本票金額，及自附表所載利息起算日起\r\n至清償日止，按週年利率百分之六計算之利息，准予強制執行。\r\n聲請程序費用新臺幣壹仟元由相對人負擔。\r\n    理  由\r\n一、本件聲請意旨略以：聲請人執有相對人簽發如附表所示之本\r\n    票，並免除作成拒絕證書，詎到期後經提示未獲付款，爰提\r\n    出本票8件，聲請裁定准許強制執行等語。\r\n二、本件聲請，核與票據法第123條規定相符，應予准許。\r\n三、依非訟事件法第21條第2項，民事訴訟法第95條、第78條裁\r\n    定如主文。\r\n中　　華　　民　　國　　98　　年　　3 　　月　　10　　日\r\n                    馬公簡易庭  法  官  李宛玲\r\n┌───────────────────────────────────────────────┐\r\n│本票附表：至清償日止利息按週年利率百分之六計算　　　　　　　　　　　　　　　　98年度票字第9號│\r\n├──┬───────┬────────┬───────┬───────┬───────┬───┤\r\n│編號│發　　票　　日│票面金額(新台幣)│到　　期　　日│利 息 起 算 日│票  據  號  碼│備  考│\r\n├──┼───────┼────────┼───────┼───────┼───────┼───┤\r\n│001 │96年6月7日    │66,000元        │96年6月30日   │96年6月30日   │413354        │      │\r\n├──┼───────┼────────┼───────┼───────┼───────┼───┤\r\n│002 │96年6月7日    │50,000元        │96年6月20日   │96年6月20日   │413355        │      │\r\n├──┼───────┼────────┼───────┼───────┼───────┼───┤\r\n│003 │96年7月31日   │83,000元        │未載          │96年7月31日   │781356        │      │\r\n├──┼───────┼────────┼───────┼───────┼───────┼───┤\r\n│004 │96年7月20日   │150,000元       │未載          │96年7月20日   │413361        │      │\r\n├──┼───────┼────────┼───────┼───────┼───────┼───┤\r\n│005 │96年9月1日    │83,000元        │未載          │96年9月1日    │413362        │      │\r\n├──┼───────┼────────┼───────┼───────┼───────┼───┤\r\n│006 │96年10月3日   │80,000元        │96年11月5日   │96年11月5日   │413364        │      │\r\n├──┼───────┼────────┼───────┼───────┼───────┼───┤\r\n│007 │96年12月21日  │100,000元       │未載          │96年12月21日  │413366        │      │\r\n├──┼───────┼────────┼───────┼───────┼───────┼───┤\r\n│008 │97年1月21日   │100,000元       │未載          │97年1月21日   │413367        │      │\r\n└──┴───────┴────────┴───────┴───────┴───────┴───┘\r\n一、以上正本證明與原本無異。\r\n二、如對本裁定抗告，應於裁定送達後10日之不變期間內向本院\r\n    提出抗告狀。\r\n三、發票人如主張本票係偽造、變造者，得於接到本裁定後20日\r\n    內，對執票人向本院另行提起確認之訴。\r\n中　　華　　民　　國　　98　　年　　3 　　月　　10　　日\r\n                                書記官  王雅萱\r\n附  註：\r\n如持本件裁定聲請強制執行時，須一併檢附相對人（即債務人）\r\n收受本裁定之送達證書影本提出與民事執行處。","type":"裁定","historyHash":"c50f49d6ee20dbf85875f28195643e64","mainText":"相對人簽發如附表所示之本票金額，及自附表所載利息起算日起至清償日止，按週年利率百分之六計算之利息，准予強制執行。\n聲請程序費用新臺幣壹仟元由相對人負擔。","opinion":"理  由\n一、本件聲請意旨略以：聲請人執有相對人簽發如附表所示之本票，並免除作成拒絕證書，詎到期後經提示未獲付款，爰提出本票8件，聲請裁定准許強制執行等語。\n二、本件聲請，核與票據法第123條規定相符，應予准許。\n三、依非訟事件法第21條第2項，民事訴訟法第95條、第78條裁定如主文。","relatedIssues":[{"lawName":"民事訴訟法","issueRef":"78"},{"lawName":"民事訴訟法","issueRef":"95"},{"lawName":"票據法","issueRef":"123"},{"lawName":"非訟事件法","issueRef":"21 2"}],"party":[{"group":["plaintiff"],"title":"聲請人","value":"乙○○"},{"group":[],"title":"相對人","value":"甲○○"}]}
