{"court":"臺灣澎湖地方法院","date":"2013-08-30T00:00:00+08:00","no":"102,司促,1019","sys":"民事","reason":"支付命令","judgement":"臺灣澎湖地方法院民事裁定　　　　　102年度司促字第1019號\r\n債　權　人　王建工程有限公司\r\n法定代理人　李海清\r\n上列債權人與債務人澎雄營造工程有限公司間聲請支付命令事件\r\n，債權人應於收受本裁定之日起五日內，補正下列事項，逾期即\r\n駁回其聲請，特此裁定。本裁定不得抗告。\r\n　　應補正之事項：\r\n一、請提出債權人王建工程有限公司及債務人澎雄營造工程有限\r\n　　公司之公司最新變更事項卡或商業登記證以明法定代理人是\r\n　　否正確。\r\n中　　華　　民　　國　　102　 年　　8　　月　　30　 日\r\n　　　　　　　　　民事庭司法事務官","type":"裁定","historyHash":"","mainText":"","opinion":"","relatedIssues":[],"party":[{"group":[],"title":"債權人","value":"王建工程有限公司"},{"group":[],"title":"法定代理人","value":"李海清"}]}
