{"court":"臺灣澎湖地方法院","date":"2015-02-16T00:00:00+08:00","no":"103,監宣,26","sys":"民事","reason":"監護宣告","judgement":"臺灣澎湖地方法院民事裁定　　　　　　 103年度監宣字第26號\r\n聲　請　人　趙元財　\r\n會同開具財　趙玟慈　\r\n產清冊之人　　　　　　　\r\n相　對　人　趙秀麗　\r\n上列聲請人聲請監護宣告事件，本院裁定如下：　　　　　\r\n    主    文\r\n宣告乙○○（女、民國三十年八月三十一日生、身分證統一編號\r\n：Z000000000號）為受監護宣告之人。\r\n選定甲○○（男、民國五十四年四月一日生、身分證統一編號：\r\nZ000000000號）為受監護宣告之人之監護人。\r\n指定丙○○（女、民國六十年七月十四日生、身分證統一編號：\r\nZ000000000號）為會同開具財產清冊之人。\r\n聲請程序費用新臺幣壹仟元由受監護宣告之人負擔。\r\n    理    由\r\n一、聲請意旨略以：聲請人為相對人之子，相對人於民國103 年\r\n    5月26日因急性腦中風，致不能為意思表示或受意思表示或\r\n    不能辨識其意思表示之效果，為此聲請對其為監護之宣告，\r\n    並指定聲請人與相對人之子女丙○○分別擔任其監護人、會\r\n    同開具財產清冊之人等語。\r\n二、按對於因精神障礙或其他心智缺陷，致不能為意思表示或受\r\n    意思表示，或不能辨識其意思表示之效果者，法院得因本人\r\n    、配偶、四親等內之親屬、最近一年有同居事實之其他親屬\r\n    、檢察官、主管機關或社會福利機構之聲請，為監護之宣告\r\n    ，民法第14條第1 項定有明文。次按於聲請監護宣告事件，\r\n    應受監護宣告之人如無意思能力者，法院應依職權為其選任\r\n    程序監理人，家事事件法第165 條亦有明文。又法院為監護\r\n    之宣告時，應依職權就配偶、四親等內之親屬、最近一年有\r\n    同居事實之其他親屬、主管機關、社會福利機構或其他適當\r\n    之人選定一人或數人為監護人，並同時指定會同開具財產清\r\n    冊之人。法院選定監護人時，應依受監護宣告之人之最佳利\r\n    益，優先考量受監護宣告之人之意見，審酌一切情狀，並注\r\n    意下列事項：一受監護宣告之人之身心狀態與生活及財產狀\r\n    況。二受監護宣告之人與其配偶、子女或其他共同生活之人\r\n    間之情感狀況。三監護人之職業、經歷、意見及其與受監護\r\n    宣告之人之利害關係。四法人為監護人時，其事業之種類與\r\n    內容，法人及其代表人與受監護宣告之人之利害關係，民法\r\n    第1111條第1 項、第1111條之1 分別定有明文。經查：\r\n  (一)聲請人主張之事實，業據提出相對人身心障礙證明、戶籍謄\r\n    本、診斷證明書、親屬系統表等件為證（見本院卷第6至10\r\n    、19頁），並經本院囑託臺灣高雄少年及家事法院於104年2\r\n    月4日在鑑定人即覺民診所醫師王興耀面前訊問相對人，相\r\n    對人並未言語，僅大聲哭叫等情；參酌相對人經鑑定結果略\r\n    以：病人因有中風，整日臥床，須仰賴他人24小時照顧，不\r\n    言不語，無法表達自己的需求，對任何外來任何反應均以哭\r\n    聲表達，進行任何心智活動之測驗，病人之狀況無法回復之\r\n    可能等語，有臺灣高雄少年及家事法院104年2月4日鑑定勘\r\n    驗筆錄在卷足參（見本院卷第26至29頁），堪認相對人乙○\r\n    ○已達不能為意思表示或受意思表示，或不能辨識其意思表\r\n    示之效果，應符合受監護宣告之要件，爰依法宣告相對人乙\r\n    ○○為受監護宣告之人。\r\n  (二)聲請人甲○○為受監護宣告之人乙○○之子，彼此關係密切\r\n    ，具有相當之信賴關係，並有意願擔任乙○○之監護人，故\r\n    本院認由甲○○任乙○○之監護人，應能符合受監護宣告之\r\n    人之最佳利益，爰依民法第1111條第1項之規定，選定甲○\r\n    ○為受監護宣告之人乙○○之監護人，由其負起善盡照顧養\r\n    護乙○○之責。而丙○○為乙○○之子女，與相對人關係密\r\n    切，堪認其適合擔任會同開具財產清冊之人，爰指定丙○○\r\n    為受監護宣告之人乙○○之會同開具財產清冊之人。又監護\r\n    開始時，監護人甲○○對於受監護人乙○○之財產，應會同\r\n    本院指定之丙○○，於2個月內開具財產清冊並陳報法院，\r\n    於財產清冊開具完成並陳報法院前，監護人甲○○對於受監\r\n    護人乙○○之財產，僅得為管理上必要之行為，附此敘明。\r\n三、依家事事件法第164 條第2 項，裁定如主文。\r\n\r\n中    華    民    國   104    年    2     月    16    日\r\n                                                                                                                                      \r\n                      家事法庭  法  官  吳宏榮\r\n                                                                                                            \r\n以上正本係照原本作成。\r\n如對本裁定抗告須於裁定送達後10日內向本院提出抗告狀，並應\r\n繳納抗告費新台幣1000元。\r\n\r\n中    華    民    國   104    年    2     月    16    日\r\n                                                                                                                                      \r\n                                書記官  楊依靚","type":"裁定","historyHash":"","mainText":"宣告乙○○（女、民國三十年八月三十一日生、身分證統一編號：Z000000000號）為受監護宣告之人。\n選定甲○○（男、民國五十四年四月一日生、身分證統一編號：\nZ000000000號）為受監護宣告之人之監護人。\n指定丙○○（女、民國六十年七月十四日生、身分證統一編號：\nZ000000000號）為會同開具財產清冊之人。\n聲請程序費用新臺幣壹仟元由受監護宣告之人負擔。","opinion":"二、按對於因精神障礙或其他心智缺陷，致不能為意思表示或受意思表示，或不能辨識其意思表示之效果者，法院得因本人、配偶、四親等內之親屬、最近一年有同居事實之其他親屬、檢察官、主管機關或社會福利機構之聲請，為監護之宣告，民法第14條第1 項定有明文。次按於聲請監護宣告事件，應受監護宣告之人如無意思能力者，法院應依職權為其選任程序監理人，家事事件法第165 條亦有明文。又法院為監護之宣告時，應依職權就配偶、四親等內之親屬、最近一年有同居事實之其他親屬、主管機關、社會福利機構或其他適當之人選定一人或數人為監護人，並同時指定會同開具財產清冊之人。法院選定監護人時，應依受監護宣告之人之最佳利益，優先考量受監護宣告之人之意見，審酌一切情狀，並注意下列事項：一受監護宣告之人之身心狀態與生活及財產狀況。二受監護宣告之人與其配偶、子女或其他共同生活之人間之情感狀況。三監護人之職業、經歷、意見及其與受監護宣告之人之利害關係。四法人為監護人時，其事業之種類與內容，法人及其代表人與受監護宣告之人之利害關係，民法第1111條第1 項、第1111條之1 分別定有明文。經查：\n  (一)聲請人主張之事實，業據提出相對人身心障礙證明、戶籍謄本、診斷證明書、親屬系統表等件為證（見本院卷第6至10、19頁），並經本院囑託臺灣高雄少年及家事法院於104年2月4日在鑑定人即覺民診所醫師王興耀面前訊問相對人，相對人並未言語，僅大聲哭叫等情；參酌相對人經鑑定結果略以：病人因有中風，整日臥床，須仰賴他人24小時照顧，不言不語，無法表達自己的需求，對任何外來任何反應均以哭聲表達，進行任何心智活動之測驗，病人之狀況無法回復之可能等語，有臺灣高雄少年及家事法院104年2月4日鑑定勘驗筆錄在卷足參（見本院卷第26至29頁），堪認相對人乙○○已達不能為意思表示或受意思表示，或不能辨識其意思表示之效果，應符合受監護宣告之要件，爰依法宣告相對人乙○○為受監護宣告之人。\n  (二)聲請人甲○○為受監護宣告之人乙○○之子，彼此關係密切，具有相當之信賴關係，並有意願擔任乙○○之監護人，故本院認由甲○○任乙○○之監護人，應能符合受監護宣告之人之最佳利益，爰依民法第1111條第1項之規定，選定甲○○為受監護宣告之人乙○○之監護人，由其負起善盡照顧養護乙○○之責。而丙○○為乙○○之子女，與相對人關係密切，堪認其適合擔任會同開具財產清冊之人，爰指定丙○○為受監護宣告之人乙○○之會同開具財產清冊之人。又監護開始時，監護人甲○○對於受監護人乙○○之財產，應會同本院指定之丙○○，於2個月內開具財產清冊並陳報法院，於財產清冊開具完成並陳報法院前，監護人甲○○對於受監護人乙○○之財產，僅得為管理上必要之行為，附此敘明。\n三、依家事事件法第164 條第2 項，裁定如主文。","relatedIssues":[{"lawName":"家事事件法","issueRef":"164 2"},{"lawName":"家事事件法","issueRef":"165"},{"lawName":"民法","issueRef":"14 1"},{"lawName":"民法","issueRef":"1111 1"},{"lawName":"民法","issueRef":"1111 1"},{"lawName":"民法","issueRef":"1111-1"}],"party":[{"group":["plaintiff"],"title":"聲請人","value":"趙元財"},{"group":[],"title":"會同開具財","value":"趙玟慈"},{"group":[],"title":"產清冊之人相對人","value":"趙秀麗"}]}
