{"court":"臺灣澎湖地方法院","date":"2011-06-15T00:00:00+08:00","no":"100,司繼,49","sys":"民事","reason":"陳報遺產清冊","judgement":"臺灣澎湖地方法院民事裁定　　　　　　 100年度司繼字第49號\r\n聲　請　人　莊龍揚\r\n上聲請人對被繼承人莊清主之遺產聲明法定繼承陳報遺產清冊事\r\n件，本院裁定如下：\r\n一、聲請人因其被繼承人莊清主（男，民國○○年○月○○日生，身\r\n　　分證統一編號：Ｚ000000000號，生前最後住所：澎湖縣馬公\r\n　　市西文里18鄰西文澳102號之1）於100年3月30日死亡，聲請\r\n　　人開具遺產清冊陳報本院，聲明法定繼承陳報遺產清冊等，\r\n　　經核並無不合，本院爰依法為公示催告。\r\n二、被繼承人之債權人應於本公示催告最後登載新聞紙之翌日起\r\n　　6個月內向繼承人報明其債權，如不為報明，而又為繼承人\r\n　　所不知者，僅得就賸餘遺產行使其權利。\r\n三、聲請人應於收受本裁定之日起7日內將本裁定前二項全文登\r\n　　載公報、新聞紙或其他相類之傳播工具1日，並將登載證明\r\n　　檢送本院。聲請人未依規定登載者，視為撤回公示催告之聲\r\n　　請。\r\n四、程序費用新臺幣壹仟元由被繼承人莊清主之遺產負擔。\r\n五、如不服本裁定，應於裁定送達後10日內，以書狀向司法事務\r\n　　官提出異議。\r\n中　　華　　民　　國　 100　　年　　6　　 月　　15　　日\r\n　　　　　　　家事法庭　司法事務官","type":"裁定","historyHash":"","mainText":"","opinion":"","relatedIssues":[],"party":[{"group":["plaintiff"],"title":"聲請人","value":"莊龍揚"}]}
