{"court":"臺灣澎湖地方法院","date":"2012-12-10T00:00:00+08:00","no":"101,馬簡,1","sys":"民事","reason":"確定界址","judgement":"臺灣澎湖地方法院民事裁定　　　　　　　101年度馬簡字第1號\r\n上　訴　人\r\n即　原　告　陳文欽\r\n　　　　　　陳仲煌\r\n　　　　　　陳大元\r\n兼上二人共同\r\n訴訟代理人　陳文澤\r\n　　　　　　陳正泰\r\n上　一　人\r\n訴訟代理人　陳王秀寶\r\n上列上訴人與被上訴人盧田村、盧興通、盧文章、盧國明、盧國\r\n元、盧世民間請求確定界址事件，上訴人對於中華民國101 年11\r\n月7日本院第一審判決，提起第二審上訴，查本件訴訟標的金額\r\n核定為新臺幣（下同）165萬元，應徵上訴審裁判費26,002元，\r\n未據上訴人繳納，茲依民事訴訟法第442條第2項前段之規定，限\r\n該上訴人於收受本裁定送達後5 日內向本院（澎湖縣馬公市○○\r\n里○○○000號）如數補繳，逾期不繳，駁回其上訴，特此裁定\r\n。\r\n中　　華　　民　　國　 101　　年　　12　　月　　10　　日\r\n以上為正本係照原本作成。\r\n本件裁定不得抗告。\r\n中　　華　　民　　國　 101　　年　　12　　 月　　10　　日","type":"裁定","historyHash":"dce9ee35d2bd5dfa7e42ef28dec2690f","mainText":"","opinion":"","relatedIssues":[{"lawName":"民事訴訟法","issueRef":"442 2"}],"party":[{"group":["plaintiff"],"title":"上訴人即原告","value":"陳文欽"},{"group":["plaintiff"],"title":"上訴人即原告","value":"陳仲煌"},{"group":["plaintiff"],"title":"上訴人即原告","value":"陳大元"},{"group":["plaintiff","agentAdLitem"],"title":"上訴人即原告兼上二人共同訴訟代理人","value":"陳文澤"},{"group":["plaintiff","agentAdLitem"],"title":"上訴人即原告兼上二人共同訴訟代理人","value":"陳正泰"},{"group":["plaintiff","agentAdLitem"],"title":"上一人訴訟代理人","value":"陳王秀寶"}]}
