{"court":"臺灣澎湖地方法院","date":"2013-09-16T00:00:00+08:00","no":"102,司票,48","sys":"民事","reason":"本票裁定","judgement":"臺灣澎湖地方法院民事裁定　　　　　　102年度司票字第48號\r\n聲　請　人　盧燈\r\n上列聲請人與相對人陳金宗間請求本票裁定事件，聲請人應於收\r\n受本裁定之日起五日內，補正下列事項，逾期即駁回其聲請，特\r\n此裁定。本裁定不得抗告。\r\n　　應補正之事項：\r\n一、請釋明提示日。（台端請求以提示日為利息起算日，惟聲請\r\n　　狀內未載明提示日，請具狀釋明之。）\r\n中　　華　　民　　國　　102　 年　　9　　月　　16　 日\r\n　　　　　　　　　馬公簡易庭司法事務官","type":"裁定","historyHash":"","mainText":"","opinion":"","relatedIssues":[],"party":[{"group":["plaintiff"],"title":"聲請人","value":"盧燈"}]}
