{"court":"臺灣澎湖地方法院","date":"2013-05-06T00:00:00+08:00","no":"102,司促,275","sys":"民事","reason":"支付命令","judgement":"臺灣澎湖地方法院民事裁定　　　　　　102年度司促字第275號\r\n債　權　人　永豐商業銀行股份有限公司\r\n法定代理人　邱正雄\r\n債　務　人　洪家強\r\n上列債權人聲請對債務人洪家強發支付命令事件，本院裁定\r\n如下：\r\n    主  文\r\n債權人之聲請駁回。\r\n聲請費用由債權人負擔。\r\n    理  由\r\n一、按支付命令之聲請不合法者，法院應以裁定駁回之，民事訴\r\n    訟法第513條第1項有明文規定。\r\n二、本件債權人對債務人聲請發支付命令，查債務人洪家強實際\r\n    住居於高雄市鹽埕區，非屬本院之轄區，依同法第510條規\r\n    定本院無管轄權，聲請人向本院聲請自非適法，應予駁回。\r\n三、依民事訴訟法第95條、第78條裁定如主文。\r\n四、如不服本裁定，應於裁定送達後 10 日內，以書狀向司法事\r\n    務官提出異議。\r\n中    華    民    國   102    年    5     月    6     日\r\n                  民事庭  司法事務官","type":"裁定","historyHash":"","mainText":"債權人之聲請駁回。\n聲請費用由債權人負擔。","opinion":"一、按支付命令之聲請不合法者，法院應以裁定駁回之，民事訴訟法第513條第1項有明文規定。\n二、本件債權人對債務人聲請發支付命令，查債務人洪家強實際住居於高雄市鹽埕區，非屬本院之轄區，依同法第510條規定本院無管轄權，聲請人向本院聲請自非適法，應予駁回。\n三、依民事訴訟法第95條、第78條裁定如主文。\n四、如不服本裁定，應於裁定送達後 10 日內，以書狀向司法事務官提出異議。","relatedIssues":[{"lawName":"民事訴訟法","issueRef":"78"},{"lawName":"民事訴訟法","issueRef":"95"},{"lawName":"民事訴訟法","issueRef":"510"},{"lawName":"民事訴訟法","issueRef":"513 1"}],"party":[{"group":[],"title":"債權人","value":"永豐商業銀行股份有限公司"},{"group":[],"title":"法定代理人","value":"邱正雄"},{"group":[],"title":"債務人","value":"洪家強"}]}
