{"court":"臺灣澎湖地方法院","date":"2017-09-15T00:00:00+08:00","no":"106,消債更,7","sys":"民事","reason":"更生事件","judgement":"臺灣澎湖地方法院民事裁定　　　　　　106年度消債更字第7號\r\n聲　請　人　甲○○　\r\n代　理　人　蔡尚宏律師\r\n上列聲請人因聲請更生事件，聲請人應於收受本裁定之日起20日\r\n內，補正下列事項，逾期未補正者，即駁回其聲請，特此裁定。\r\n應補正之事項如下：\r\n一、聲請人應說明債務發生原因？並請說明聲請人現有不能清償\r\n　　債務情事之發生原因為何？及最近5年是否從事營業活動及\r\n　　平均每月營業額為何？\r\n二、法定格式之債務人清冊（須詳載所有債務人姓名或名稱及住\r\n　　址、債權數額、種類、發生原因及是否有擔保或優先權）。\r\n三、聲請人聲請前2年所有在郵局或金融機構開立之存款帳戶（\r\n　　含外幣帳戶）、證券帳戶（集保帳戶）之存摺封面及內頁影\r\n　　本（須附完整內頁資料並補登存摺至本裁定送達日之後），\r\n　　及證券公司出具之客戶庫存餘額表。\r\n四、聲請人前妻謝怡琴最新之戶籍謄本（記事欄勿省略）。\r\n五、聲請人2名未成年子女、謝怡琴之財產歸屬資料清單、104年\r\n　　度及105年度綜合所得稅各類所得資料清單。\r\n六、聲請人在職證明書及薪資證明（例如：薪資單、薪資袋或薪\r\n　　資轉帳證明），並說明有無兼職或其他收入來源（含薪資、\r\n　　執行業務所得、佣金、獎金、營利所得等）？如有，亦應一\r\n　　併提出相關證明文件。\r\n七、每月支出之相關證明文件（例如：統一發票、消費或繳款收\r\n　　據、水費單、電費單等）。\r\n八、依聲請人聲請狀所載現有本院106年度司執字第1286號強制\r\n　　執行案件，請說明該案執行狀況如何？並提出該案執行命令\r\n　　影本。\r\n中　　華　　民　　國　 106　　年　　9　　 月　　15　　日\r\n　　　　　　　　　　　　民事庭　法　官　陳順輝\r\n以上正本係照原本作成。\r\n本裁定不得抗告。\r\n中　　華　　民　　國　 106　　年　　9　　 月　　15　　日\r\n　　　　　　　　　　　　　　　　書記官　林德盛","type":"裁定","historyHash":"","mainText":"","opinion":"","relatedIssues":[],"party":[{"group":["plaintiff"],"title":"聲請人","value":"甲○○"},{"group":["plaintiff","agentAdLitem","lawyer"],"title":"代理人","value":"蔡尚宏律師"}]}
