{"court":"臺灣澎湖地方法院","date":"2017-02-08T00:00:00+08:00","no":"106,馬司小調,1","sys":"民事","reason":"解除契約等","judgement":"臺灣澎湖地方法院民事裁定　　　　　106年度馬司小調字第1號\r\n聲　請　人　曾鈺梅　\r\n代　理　人　曾鈺婷　\r\n相　對　人　泰陽健康企業有限公司\r\n法定代理人　葉法明　\r\n上列當事人間請求返還買賣價金事件，本院裁定如下：\r\n    主    文\r\n本件移送臺灣臺北地方法院。\r\n    理    由\r\n一、按消費訴訟，得由消費關係發生地之法院管轄；對於私法人\r\n    之訴訟，由其主事務所或主營業所所在地之法院管轄；因契\r\n    約涉訟者，如經當事人定有債務履行地，得由該履行地之法\r\n    院管轄；訴訟之全部或一部，法院認為無管轄權者，依原告\r\n    聲請或依職權以裁定移送於其管轄法院，消費者保護法第47\r\n    條、民事訴訟法第2條第2項前段、第12條、第28條第1項分\r\n    別定有明文。次按調解事件之管轄法院準用民事訴訟法第一\r\n    編第一章第一節之規定，民事訴訟法第405條第3項亦有明文\r\n    。所謂消費關係發生地，其在網路購物事件係指消費者下單\r\n    購買地而言，併予敘明。\r\n二、查本件相對人之住所地係在臺中市，而依聲請人主張之事實\r\n    及提出之電子郵件，可知其係於臺北市○○區○○○路0段\r\n    000巷0弄000號4樓住處以電子聯繫之方式向相對人購買商品\r\n    ，是其消費關係發生地係在上開住處，其所購買商品之寄送\r\n    地(即收件地或約定債務履行地)亦係在上開住處，揆諸首揭\r\n    規定，自應由臺灣臺北地方法院或臺灣臺中地方法院管轄，\r\n    茲聲請人向無管轄權之本院起訴，顯係違誤，故依職權將\r\n    本件移送於有管轄權之臺灣臺北地方法院。\r\n三、爰依首揭規定，裁定如主文。\r\n四、如不服本裁定，應於裁定送達後10日內，以書狀向司法事務\r\n    官提出異議。\r\n\r\n中    華    民    國   106    年    2     月    8     日\r\n                 馬公簡易庭 司法事務官","type":"裁定","historyHash":"","mainText":"本件移送臺灣臺北地方法院。","opinion":"一、按消費訴訟，得由消費關係發生地之法院管轄；對於私法人之訴訟，由其主事務所或主營業所所在地之法院管轄；因契約涉訟者，如經當事人定有債務履行地，得由該履行地之法院管轄；訴訟之全部或一部，法院認為無管轄權者，依原告聲請或依職權以裁定移送於其管轄法院，消費者保護法第47條、民事訴訟法第2條第2項前段、第12條、第28條第1項分別定有明文。次按調解事件之管轄法院準用民事訴訟法第一編第一章第一節之規定，民事訴訟法第405條第3項亦有明文。所謂消費關係發生地，其在網路購物事件係指消費者下單購買地而言，併予敘明。\n二、查本件相對人之住所地係在臺中市，而依聲請人主張之事實及提出之電子郵件，可知其係於臺北市○○區○○○路0段000巷0弄000號4樓住處以電子聯繫之方式向相對人購買商品，是其消費關係發生地係在上開住處，其所購買商品之寄送地(即收件地或約定債務履行地)亦係在上開住處，揆諸首揭規定，自應由臺灣臺北地方法院或臺灣臺中地方法院管轄，茲聲請人向無管轄權之本院起訴，顯係違誤，故依職權將本件移送於有管轄權之臺灣臺北地方法院。\n三、爰依首揭規定，裁定如主文。\n四、如不服本裁定，應於裁定送達後10日內，以書狀向司法事務官提出異議。","relatedIssues":[{"lawName":"民事訴訟法","issueRef":"2 2"},{"lawName":"民事訴訟法","issueRef":"12"},{"lawName":"民事訴訟法","issueRef":"28 1"},{"lawName":"民事訴訟法","issueRef":"405 3"},{"lawName":"消費者保護法","issueRef":"47"}],"party":[{"group":["plaintiff"],"title":"聲請人","value":"曾鈺梅"},{"group":["plaintiff","agentAdLitem"],"title":"代理人","value":"曾鈺婷"},{"group":[],"title":"相對人","value":"泰陽健康企業有限公司"},{"group":[],"title":"法定代理人","value":"葉法明"}]}
