{"court":"臺灣澎湖地方法院","date":"2018-07-11T00:00:00+08:00","no":"107,家親聲,6","sys":"民事","reason":"減輕或免除扶養義務","judgement":"臺灣澎湖地方法院民事裁定　　　　　　107年度家親聲字第6號\r\n聲　請　人　王○稜　\r\n聲　請　人　王○睿　\r\n相　對　人　王○才　\r\n上列當事人間請求減輕或免除扶養義務事件，本院裁定如下：\r\n    主  文\r\n聲請人丙○○、乙○○對相對人甲○○之扶養義務均應予免除。\r\n聲請程序費用新臺幣壹仟元由相對人負擔。\r\n    理  由\r\n一、本件聲請意旨略以：聲請人為相對人之子女，依法對於相對\r\n    人負有扶養義務，惟相對人與聲請人之母親丁○○結婚後，\r\n    長期沉迷賭博，皆由聲請人之母親獨自負擔家計，相對人從\r\n    未關心或扶養聲請人，且常對聲請人施暴、虐待，甚至揚言\r\n    性侵聲請人丙○○及恐嚇將其賣掉從事特種行業。而聲請人\r\n    之母親於民國（下同）81年手術住院期間，相對人皆未加照\r\n    顧及負擔醫藥費，反以上開理由向親友借錢供其賭博之用，\r\n    嗣後亦由聲請人之母親幫其償還債務。相對人於84年11月15\r\n    日因外遇與聲請人之母親兩願離婚，此後即未再與聲請人有\r\n    所聯繫，聲請人之親權亦皆由母親行使與負擔，相對人無正\r\n    當理由未盡到對聲請人之扶養義務，是聲請人負擔相對人之\r\n    扶養義務顯失公平，為此，爰依民法第1118條之1第1項、第\r\n    2項之規定，聲請免除聲請人對相對人之扶養義務等語。\r\n二、相對人經合法通知後，無正當理由未到庭陳述意見，復未提\r\n    出任何書狀或證據供本院斟酌或調查。\r\n三、本院之判斷：\r\n（一）按直系血親相互間，互負扶養之義務，民法第1114條第1\r\n      款定有明文，是直系血親相互間，受扶養權利之一方，自\r\n      得向負扶養義務之他方請求扶養。次按受扶養權利者為直\r\n      系血親尊親屬，以不能維持生活為限；因負擔扶養義務而\r\n      不能維持自己生活者，免除其義務。但受扶養權利者為直\r\n      系血親尊親屬或配偶時，減輕其義務；受扶養權利者有下\r\n      列情形之一，由負扶養義務者負擔扶養義務顯失公平，負\r\n      扶養義務者得請求法院減輕其扶養義務：1.對負扶養義務\r\n      者、其配偶或直系血親故意為虐待、重大侮辱或其他身體\r\n      、精神上之不法侵害行為。2.對負扶養義務者無正當理由\r\n      未盡扶養義務。受扶養權利者對負扶養義務者有前項各款\r\n      行為之一，且情節重大者，法院得免除其扶養義務。民法\r\n      第1117條、第1118條、第1118條之1第1、2項分別定有明\r\n      文。又民法第1118條與第1118條之1固均有關於扶養義務\r\n      之減輕或免除之規定，惟二者之意義並不相同，前者為扶\r\n      養義務發生之要件之一，被請求人若有該條所規定之情形\r\n      ，於被請求履行扶養義務時，則可依該條規定為抗辯，主\r\n      張減輕或免除其扶養義務，為窮困抗辯之一種；後者則須\r\n      請求法院裁判為之，而非當然減輕或免除。是請求法院減\r\n      輕或免除扶養義務，乃屬扶養義務者之形成權，而非抗辯\r\n      權。而增訂之民法第1118條之1規定於99年1月29日施行後\r\n      ，扶養義務從「絕對義務」改為「相對義務」，賦予法院\r\n      得斟酌扶養本質，兼顧受扶養權利者及負扶養義務者之權\r\n      益，依個案彈性調整減輕或免除扶養義務。\r\n（二）經查：\r\n    1.聲請人主張相對人為其父親，業據提出戶籍謄本為證，堪\r\n      信為真實。聲請人為相對人直系血親卑親屬，為法定扶養\r\n      義務人，對相對人即有扶養義務，則其請求免除扶養義務\r\n      即非無據。\r\n    2.聲請人主張相對人對其未盡扶養義務，及曾對其及其母施\r\n      以精神上不法侵害行為，且情節重大云云，請求法院免除\r\n      對相對人之扶養義務，業經聲請人之母親丁○○到庭證述\r\n      ：「相對人好賭，工作不穩定，很少拿錢回家，拿回家的\r\n      錢也不夠還債，伊還需幫相對人還債；相對人有外遇，離\r\n      婚也是相對人提出；於80、81年間伊因子宮頸癌開刀住院\r\n      ，相對人雖有去醫院，卻都在算明牌簽賭，醫藥費均伊自\r\n      己負擔，且相對人以伊住院為由向親友借錢，都是由伊與\r\n      其公婆幫忙償還債務；離婚後有聽聲請人說過，相對人會\r\n      打罵他們，公公曾經為保護聲請人，導致手受傷；聲請人\r\n      丙○○也向伊提到，相對人曾說要把聲請人丙○○賣掉從\r\n      事特種行業；聲請人從小到大，相對人皆無盡到照顧、養\r\n      護聲請人之責任。」等語（見本院卷第168至第171頁），\r\n      顯示相對人對聲請人等確未盡扶養義務，無論在道德或法\r\n      律上均將受到指責或不利益，且與聲請人等陳述其成長經\r\n      過大致相符。又依相對人戶籍資料之個人記事所載，相對\r\n      人於84年11月15日與丁○○離婚；原住高雄縣○○鎮○○\r\n      里00鄰○○○路00巷0弄00號，於95年12月19日遷入澎湖\r\n      縣○○市○○里00鄰○○街00號（澎湖縣馬公市戶政事務\r\n      所），另參以臺灣高等法院被告前案紀錄表所載，相對人\r\n      曾於93年間因竊盜案入獄服刑，聲請人之母親到庭亦證稱\r\n      ：「離婚後聲請人與伊搬出去住，且與相對人已20幾年沒\r\n      連絡」等語（見本院卷第168至第171頁），可知相對人與\r\n      聲請人之母親離婚後，確已無連絡，足認聲請人主張相對\r\n      人與聲請人之母親離婚後業已失聯乙節，應非子虛，可以\r\n      採信。而相對人經合法通知，亦未到庭爭執或提出書狀作\r\n      何聲明或陳述，綜合證據調查之結果，堪信聲請人前開主\r\n      張為真實。是聲請人主張其於未成年時，相對人既身為扶\r\n      養義務人，卻長期未盡為人父親應盡之扶養義務之情事，\r\n      自堪認為真正。\r\n    3.本件相對人為聲請人之父親，於聲請人成年前，依法對聲\r\n      請人本負扶養義務，然相對人自聲請人年幼時，均未曾盡\r\n      任何扶養聲請人之義務，皆仰賴聲請人之母親扶養照顧，\r\n      有違身為人父應盡之責任，顯已構成對負扶養義務者無正\r\n      當理由未盡扶養義務，且情節重大，如強令聲請人負擔與\r\n      其長期感情疏離之相對人之扶養義務，顯失公平。從而，\r\n      聲請人主張依民法第1118條之1 第2 項之規定，免除其對\r\n      相對人之扶養義務，洵屬有據，應予准許。\r\n四、據上，本件聲請為有理由，爰依家事事件法第97條，非訟事\r\n    件法第21條第2項，民事訴訟法第78條，裁定如主文。\r\n\r\n中    華    民    國   107    年    7     月    11    日\r\n                  家事法庭  法  官  吳宏榮\r\n以上正本係照原本作成。\r\n如對本裁定抗告，須於裁定送達後10日之不變期間內，向本院提\r\n出抗告狀，並應繳納抗告費新臺幣1,000元整。\r\n中    華    民    國   107    年    7     月    11    日\r\n                            書記官  莊心羽","type":"裁定","historyHash":"","mainText":"聲請人丙○○、乙○○對相對人甲○○之扶養義務均應予免除。\n聲請程序費用新臺幣壹仟元由相對人負擔。","opinion":"三、本院之判斷：\n（一）按直系血親相互間，互負扶養之義務，民法第1114條第1款定有明文，是直系血親相互間，受扶養權利之一方，自得向負扶養義務之他方請求扶養。次按受扶養權利者為直系血親尊親屬，以不能維持生活為限；因負擔扶養義務而不能維持自己生活者，免除其義務。但受扶養權利者為直系血親尊親屬或配偶時，減輕其義務；受扶養權利者有下列情形之一，由負扶養義務者負擔扶養義務顯失公平，負扶養義務者得請求法院減輕其扶養義務：1.對負扶養義務者、其配偶或直系血親故意為虐待、重大侮辱或其他身體、精神上之不法侵害行為。2.對負扶養義務者無正當理由未盡扶養義務。受扶養權利者對負扶養義務者有前項各款行為之一，且情節重大者，法院得免除其扶養義務。民法第1117條、第1118條、第1118條之1第1、2項分別定有明文。又民法第1118條與第1118條之1固均有關於扶養義務之減輕或免除之規定，惟二者之意義並不相同，前者為扶養義務發生之要件之一，被請求人若有該條所規定之情形，於被請求履行扶養義務時，則可依該條規定為抗辯，主張減輕或免除其扶養義務，為窮困抗辯之一種；後者則須請求法院裁判為之，而非當然減輕或免除。是請求法院減輕或免除扶養義務，乃屬扶養義務者之形成權，而非抗辯權。而增訂之民法第1118條之1規定於99年1月29日施行後，扶養義務從「絕對義務」改為「相對義務」，賦予法院得斟酌扶養本質，兼顧受扶養權利者及負扶養義務者之權益，依個案彈性調整減輕或免除扶養義務。\n（二）經查：\n    1.聲請人主張相對人為其父親，業據提出戶籍謄本為證，堪信為真實。聲請人為相對人直系血親卑親屬，為法定扶養義務人，對相對人即有扶養義務，則其請求免除扶養義務即非無據。\n    2.聲請人主張相對人對其未盡扶養義務，及曾對其及其母施以精神上不法侵害行為，且情節重大云云，請求法院免除對相對人之扶養義務，業經聲請人之母親丁○○到庭證述：「相對人好賭，工作不穩定，很少拿錢回家，拿回家的錢也不夠還債，伊還需幫相對人還債；相對人有外遇，離婚也是相對人提出；於80、81年間伊因子宮頸癌開刀住院，相對人雖有去醫院，卻都在算明牌簽賭，醫藥費均伊自己負擔，且相對人以伊住院為由向親友借錢，都是由伊與其公婆幫忙償還債務；離婚後有聽聲請人說過，相對人會打罵他們，公公曾經為保護聲請人，導致手受傷；聲請人丙○○也向伊提到，相對人曾說要把聲請人丙○○賣掉從事特種行業；聲請人從小到大，相對人皆無盡到照顧、養護聲請人之責任。」等語（見本院卷第168至第171頁），顯示相對人對聲請人等確未盡扶養義務，無論在道德或法律上均將受到指責或不利益，且與聲請人等陳述其成長經過大致相符。又依相對人戶籍資料之個人記事所載，相對人於84年11月15日與丁○○離婚；原住高雄縣○○鎮○○里00鄰○○○路00巷0弄00號，於95年12月19日遷入澎湖縣○○市○○里00鄰○○街00號（澎湖縣馬公市戶政事務所），另參以臺灣高等法院被告前案紀錄表所載，相對人曾於93年間因竊盜案入獄服刑，聲請人之母親到庭亦證稱：「離婚後聲請人與伊搬出去住，且與相對人已20幾年沒連絡」等語（見本院卷第168至第171頁），可知相對人與聲請人之母親離婚後，確已無連絡，足認聲請人主張相對人與聲請人之母親離婚後業已失聯乙節，應非子虛，可以採信。而相對人經合法通知，亦未到庭爭執或提出書狀作何聲明或陳述，綜合證據調查之結果，堪信聲請人前開主張為真實。是聲請人主張其於未成年時，相對人既身為扶養義務人，卻長期未盡為人父親應盡之扶養義務之情事，自堪認為真正。\n    3.本件相對人為聲請人之父親，於聲請人成年前，依法對聲請人本負扶養義務，然相對人自聲請人年幼時，均未曾盡任何扶養聲請人之義務，皆仰賴聲請人之母親扶養照顧，有違身為人父應盡之責任，顯已構成對負扶養義務者無正當理由未盡扶養義務，且情節重大，如強令聲請人負擔與其長期感情疏離之相對人之扶養義務，顯失公平。從而，聲請人主張依民法第1118條之1 第2 項之規定，免除其對相對人之扶養義務，洵屬有據，應予准許。\n四、據上，本件聲請為有理由，爰依家事事件法第97條，非訟事件法第21條第2項，民事訴訟法第78條，裁定如主文。","relatedIssues":[{"lawName":"家事事件法","issueRef":"97"},{"lawName":"民事訴訟法","issueRef":"78"},{"lawName":"民法","issueRef":"1114 1 1"},{"lawName":"民法","issueRef":"1117"},{"lawName":"民法","issueRef":"1118"},{"lawName":"民法","issueRef":"1118"},{"lawName":"民法","issueRef":"1118-1"},{"lawName":"民法","issueRef":"1118-1"},{"lawName":"民法","issueRef":"1118-1"},{"lawName":"民法","issueRef":"1118-1"},{"lawName":"民法","issueRef":"1118-1 1"},{"lawName":"民法","issueRef":"1118-1 1"},{"lawName":"民法","issueRef":"1118-1 2"},{"lawName":"民法","issueRef":"1118-1 2"},{"lawName":"民法","issueRef":"1118-1 2"},{"lawName":"非訟事件法","issueRef":"21 2"}],"party":[{"group":["plaintiff"],"title":"聲請人","value":"王○稜"},{"group":["plaintiff"],"title":"聲請人","value":"王○睿"},{"group":[],"title":"相對人","value":"王○才"}]}
