{"court":"臺灣澎湖地方法院","date":"2016-02-04T00:00:00+08:00","no":"104,馬小,77","sys":"民事","reason":"清償借款","judgement":"臺灣澎湖地方法院馬公簡易庭小額民事判決　　　　 \r\n　　　　　　　　　　　　　　　　　　 104年度馬小字第77號\r\n原　　　告　台北富邦商業銀行股份有限公司\r\n法定代理人　韓蔚廷　\r\n訴訟代理人　白富中　\r\n被　　　告　項淑芝　\r\n上列當事人間請求清償借款事件，本院於民國105年1月26日辯論\r\n終結，判決如下：\r\n    主      文\r\n被告應給付原告新臺幣伍萬零伍元，及自民國一○四年十月二十\r\n一日起至清償日止，按週年利率百分之十計算之利息，暨自民國\r\n九十五年八月一日起至清償日止，按週年利率百分之二計算之違\r\n約金。\r\n訴訟費用新臺幣壹仟元由被告負擔。\r\n本判決得假執行。但被告如以新臺幣伍萬零伍元為原告預供擔保\r\n，得免為假執行。\r\n    事實及理由要領\r\n一、原告主張：被告於民國93年9月14日向原告貸款新臺幣（下\r\n    同）10萬元，並簽立信用貸款契約書暨約定書，約定借款期\r\n    間內分30期平均按月攤還本金，貸款到期或經視為到期時，\r\n    被告如未依約清償本金，則自其到期日或視為到期日起按本\r\n    金餘額依週年利率10％計付遲延利息，逾期6個月以內者，\r\n    按本金餘額依年息1％計付；逾期超過6個月者，其超逾部分\r\n    另按本金餘額依年息2％計付逾期違約金。詎被告僅清償債\r\n    務至95年7月31日止，依約已喪失期限利益，並喪失於貸款\r\n    期間內因正常屢約所享有之零利率優惠，原告自得請求被告\r\n    一次清償所欠之借款50,005元及其遲延利息、違約金，為此\r\n    ，爰依消費借貸契約之法律關係等語。並聲明：如主文第1\r\n    項所示。\r\n二、被告則以：原告之利息及違約金請求權均已罹於5年時效，\r\n    且被告於94、95年間金融合併時皆有對其他公司為清償，為\r\n    何獨漏原告無清償，應係轉帳問題等語，資為抗辯。並聲明\r\n    ：原告之訴駁回。\r\n三、經查，原告主張之事實，業據提出與其所述相符之信用貸款\r\n    申請書與約定條款、放款帳卡、呆帳帳卡等件為證（分別見\r\n    本院104年度司促字第1121號卷，下稱司促卷，第3頁、第4\r\n    頁、第5頁）。被告雖抗辯原告之利息及違約金請求權均罹\r\n    於時效等語，然查，原告請求之利息係自支付命令送達之翌\r\n    日即104年10月21日起算（見司促卷第13頁送達證書），未\r\n    逾民法第126條規定之5年時效期間；又按違約金之約定，為\r\n    賠償給付遲延所生之損害，於債務人給付遲延時，債權人始\r\n    得請求，既非定期給付之債務，與民法第126條所規定之性\r\n    質不同，其時效為15年而非5年，亦無民法第145條第2項規\r\n    定之適用（最高法院98年度台上字第911號裁判要旨參照）\r\n    ，本件原告請求之違約金起算日為95年8月1日，亦未逾15年\r\n    時效期間，是被告所為時效抗辯，均無理由。被告復辯稱於\r\n    94、95年間應有對原告清償等語，惟未提出任何佐證，是被\r\n    告此節抗辯仍不足為採，堪認原告之主張為真實。從而，原\r\n    告依消費借貸契約之法律關係，請求被告給付如主文第1項\r\n    所示，為有理由，應予准許。\r\n四、本件事證已臻明確，兩造其餘攻擊防禦方法及未經援用之證\r\n    據，經核與判決之結果不生影響，爰不逐一論述，附此敘明\r\n    。 \r\n五、本件係依民事訴訟法第436條之8第1項適用小額訴訟程序所\r\n    為被告敗訴之判決，依同法第436條之20規定，應依職權宣\r\n    告假執行，並依同法第436條之23規定準用同法第436條第2\r\n    項規定適用同法第392條第2項之規定，依職權宣告被告預供\r\n    擔保，得免為假執行。並依同法第436條之19第1項規定，確\r\n    定本件訴訟費用為1,000元。\r\n六、訴訟費用負擔之依據：民事訴訟法第78條。\r\n中    華    民    國   105    年    2     月    4     日\r\n                  臺灣澎湖地方法院馬公簡易庭\r\n                      法  官  王政揚\r\n以上正本係照原本作成。\r\n如不服本判決，應於送達後20日內向本院提出上訴狀並表明上訴\r\n由，如於本判決宣示後送達前提起上訴者，應於判決送達後20日\r\n內補提上訴理由書（須附繕本）。如委任律師提起上訴者，應一\r\n併繳納上訴審裁判費。\r\n中    華    民    國   105    年    2     月    4     日\r\n                      書記官  林德盛","type":"判決","historyHash":"a58130dba7fb0c207218bd9670030ba5","mainText":"被告應給付原告新臺幣伍萬零伍元，及自民國一○四年十月二十一日起至清償日止，按週年利率百分之十計算之利息，暨自民國九十五年八月一日起至清償日止，按週年利率百分之二計算之違約金。\n訴訟費用新臺幣壹仟元由被告負擔。\n本判決得假執行。但被告如以新臺幣伍萬零伍元為原告預供擔保，得免為假執行。","opinion":"三、經查，原告主張之事實，業據提出與其所述相符之信用貸款申請書與約定條款、放款帳卡、呆帳帳卡等件為證（分別見本院104年度司促字第1121號卷，下稱司促卷，第3頁、第4頁、第5頁）。被告雖抗辯原告之利息及違約金請求權均罹於時效等語，然查，原告請求之利息係自支付命令送達之翌日即104年10月21日起算（見司促卷第13頁送達證書），未逾民法第126條規定之5年時效期間；又按違約金之約定，為賠償給付遲延所生之損害，於債務人給付遲延時，債權人始得請求，既非定期給付之債務，與民法第126條所規定之性質不同，其時效為15年而非5年，亦無民法第145條第2項規定之適用（最高法院98年度台上字第911號裁判要旨參照），本件原告請求之違約金起算日為95年8月1日，亦未逾15年時效期間，是被告所為時效抗辯，均無理由。被告復辯稱於94、95年間應有對原告清償等語，惟未提出任何佐證，是被告此節抗辯仍不足為採，堪認原告之主張為真實。從而，原告依消費借貸契約之法律關係，請求被告給付如主文第1項所示，為有理由，應予准許。\n四、本件事證已臻明確，兩造其餘攻擊防禦方法及未經援用之證據，經核與判決之結果不生影響，爰不逐一論述，附此敘明。 \n五、本件係依民事訴訟法第436條之8第1項適用小額訴訟程序所為被告敗訴之判決，依同法第436條之20規定，應依職權宣告假執行，並依同法第436條之23規定準用同法第436條第2項規定適用同法第392條第2項之規定，依職權宣告被告預供擔保，得免為假執行。並依同法第436條之19第1項規定，確定本件訴訟費用為1,000元。\n六、訴訟費用負擔之依據：民事訴訟法第78條。","relatedIssues":[{"lawName":"民事訴訟法","issueRef":"78"},{"lawName":"民事訴訟法","issueRef":"392 2"},{"lawName":"民事訴訟法","issueRef":"436 2"},{"lawName":"民事訴訟法","issueRef":"436-8 1"},{"lawName":"民事訴訟法","issueRef":"436-19 1"},{"lawName":"民事訴訟法","issueRef":"436-20"},{"lawName":"民事訴訟法","issueRef":"436-23"},{"lawName":"民法","issueRef":"126"},{"lawName":"民法","issueRef":"126"},{"lawName":"民法","issueRef":"145 2"}],"party":[{"group":["plaintiff"],"title":"原告","value":"台北富邦商業銀行股份有限公司"},{"group":[],"title":"法定代理人","value":"韓蔚廷"},{"group":["plaintiff","agentAdLitem"],"title":"訴訟代理人","value":"白富中"},{"group":["defendant"],"title":"被告","value":"項淑芝"}]}
