{"court":"臺灣澎湖地方法院","date":"2016-04-01T00:00:00+08:00","no":"105,司促,316","sys":"民事","reason":"支付命令","judgement":"臺灣澎湖地方法院支付命令　　　　　　105年度司促字第316號\r\n債　權　人　澎湖縣農會\r\n法定代理人　陳永祥\r\n債　務　人　陳丁勝\r\n債　務　人　鄭和發\r\n一、(一)債務人陳丁勝應向債權人給付新臺幣壹拾壹萬伍仟元，\r\n　　及自民國一百零四年十月二十八日起至民國一百零四年十一\r\n　　月二十七日止，按年息一點三六計算；自民國一百零四年十\r\n　　一月二十八日起至清償日止，逾期在六個月以內者，按年息\r\n　　三點零九七六計算；逾期在六個月以上者，按年息三點三七\r\n　　九二計算之利息，暨自民國一百零四年十一月二十八日起至\r\n　　清償日止，逾期在六個月以內者，按年息零點三零九七六計\r\n　　算；逾期在六個月以上者，按年息零點六七五八四計算之違\r\n　　約金，並賠償督促程序費用新臺幣伍佰元，否則應於本命令\r\n　　送達後二十日之不變期間內，向本院提出異議；(二)上開金\r\n　　額，如債權人對債務人陳丁勝之財產強制執行而無效果時，\r\n　　由債務人鄭和發給付之。\r\n二、債權人請求之原因事實：\r\n　　債務人陳丁勝夥同保證人鄭和發於民國101年9月27日，向聲\r\n　　請人借款新臺幣300,000元整，約定於民國106年9月27日清\r\n　　償，利息按年息1.360％計付。每月攤繳本息，未按期清償\r\n　　時，即失原定期限及利率之利益，全部借款視為到期。並自\r\n　　逾期起在6個月以內者，本金改按全國農業金庫基準利率加\r\n　　一成計息，並按上開利率10％計付違約金，逾期超過6個月\r\n　　以上部份，本金改按全國農業金庫基準利率加二成計息，並\r\n　　按上開利率20％計付違約金並立借據乙紙為證，詎屆期不為\r\n　　清償迭經催討無效(除獲償部份本金新臺幣185,000元及至\r\n　　104年10月27日止之利息外其餘部份迄未清償)，為此狀請\r\n　　鈞院准對債務人發支付命令，促其清償，以保權益。\r\n　　釋明文件：陳丁勝借據\r\n三、債務人未於不變期間內提出異議時，債權人得依法院核發之\r\n　　支付命令及確定證明書聲請強制執行。\r\n中　　華　　民　　國　 105　　年　　4　　 月　　1　　 日\r\n　　　　　　　　　　　　民事庭　司法事務官\r\n◎附註：\r\n一、債權人、債務人如於事後遞狀均請註明案號、股別。\r\n二、債權人應於收受支付命令後5日內，提出債務人最新戶籍謄\r\n　　本（記事欄勿省略），以核對支付命令是否合法送達債務人\r\n　　（否則無法核發確定證明書）\r\n三、債務人於收受本支付命令後，如認支付命令所述之債權或其\r\n　　金額，有虛偽不實或錯誤情事者，應即向本院聲明異議，切\r\n　　勿認本件支付命令係詐騙手法而置之不理，致支付命令因逾\r\n　　期未聲明異議，可據為強制執行之執行名義，進而所有財產\r\n　　（諸如不動產、存款、薪水）遭受法院查封或拍賣之強制執\r\n　　行。本院非訟中心之聯絡電話(00)0000000分機212。\r\n四、案件一經確定，本院依職權逕行核發確定證明書，債權人毋\r\n　　庸另行聲請。","type":"","historyHash":"","mainText":"","opinion":"","relatedIssues":[],"party":[{"group":[],"title":"債權人","value":"澎湖縣農會"},{"group":[],"title":"法定代理人","value":"陳永祥"},{"group":[],"title":"債務人","value":"陳丁勝"},{"group":[],"title":"債務人","value":"鄭和發"}]}
