{"court":"臺灣澎湖地方法院","date":"2009-12-11T00:00:00+08:00","no":"98,票,77","sys":"民事","reason":"本票裁定","judgement":"臺灣澎湖地方法院民事裁定　　　　　　　　98年度票字第77號\r\n聲　請　人　甲○○\r\n　　　　　　　　　　　　7號\r\n相　對　人　乙○○\r\n上列當事人間聲請本票准許強制執行事件，本院裁定如下：\r\n    主  文\r\n相對人於民國九十八年九月二十三日簽發之本票，票號為五五八\r\n三七七號，內載憑票交付聲請人之新臺幣肆萬肆仟元，得為強制\r\n執行。\r\n聲請程序費用新臺幣伍佰元由相對人負擔。\r\n    理  由\r\n一、聲請意旨略稱：聲請人執有相對人於民國98年9月23日簽發\r\n    之本票1紙，票號為558377號，內載金額新臺幣44,000元，\r\n    未載到期日視為見票即付，並免除作成拒絕證書。詎於上開\r\n    本票到期後，經聲請人向相對人提示未獲付款，為此提出該\r\n    本票1紙，聲請裁定准許強制執行。\r\n二、本件聲請，核與票據法第123條規定相符，應予准許。\r\n三、依非訟事件法第21條第2項，民事訴訟法第95條、第78條，\r\n    裁定如主文。\r\n中　　華　　民　　國　　98　　年　　12　　月　　11　　日\r\n                    馬公簡易庭  法  官  陳介安\r\n一、上列正本係照原本作成。\r\n二、如不服本裁定，應於裁定送達後10日之不變期間內，向本院\r\n    提出抗告狀，並應繳納抗告費新臺幣1,000元。\r\n三、發票人如主張本票係偽造、變造者，得於接到本裁定後20日\r\n    內，對執票人向本院另行提起確認本票債權不存在之訴。\r\n四、本件如欲聲請強制執行，請向執行處提出已合法送達之證明\r\n    。\r\n中　　華　　民　　國　　98　　年　　12　　月　　11　　日\r\n                                書記官　王雅萱","type":"裁定","historyHash":"","mainText":"相對人於民國九十八年九月二十三日簽發之本票，票號為五五八三七七號，內載憑票交付聲請人之新臺幣肆萬肆仟元，得為強制執行。\n聲請程序費用新臺幣伍佰元由相對人負擔。","opinion":"理  由\n一、聲請意旨略稱：聲請人執有相對人於民國98年9月23日簽發之本票1紙，票號為558377號，內載金額新臺幣44,000元，未載到期日視為見票即付，並免除作成拒絕證書。詎於上開本票到期後，經聲請人向相對人提示未獲付款，為此提出該本票1紙，聲請裁定准許強制執行。\n二、本件聲請，核與票據法第123條規定相符，應予准許。\n三、依非訟事件法第21條第2項，民事訴訟法第95條、第78條，裁定如主文。","relatedIssues":[{"lawName":"民事訴訟法","issueRef":"78"},{"lawName":"民事訴訟法","issueRef":"95"},{"lawName":"票據法","issueRef":"123"},{"lawName":"非訟事件法","issueRef":"21 2"}],"party":[{"group":["plaintiff"],"title":"聲請人","value":"甲○○"},{"group":[],"title":"相對人","value":"乙○○"}]}
