{"court":"臺灣澎湖地方法院","date":"2013-08-13T00:00:00+08:00","no":"102,司促,873","sys":"民事","reason":"支付命令","judgement":"臺灣澎湖地方法院民事裁定　　　　　　102年度司促字第873號\r\n債　權　人　遠東國際商業銀行股份有限公司\r\n法定代理人　侯金英\r\n債　務　人　許文玉\r\n上列當事人間請求支付命令事件，本院於民國102年7月23日所為\r\n之支付命令，應裁定更正如下：\r\n    主  文\r\n原支付命令理由欄中關於「按年息百分之十八點二五計算之利息\r\n」之記載，應更正為「按年息百分之十八點二五計算之違約金」\r\n。\r\n    理  由\r\n一、按判決如有誤寫、誤算或其他類此之顯然錯誤者，法院得依\r\n    聲請或依職權以裁定更正；其正本與原本不符者亦同，民事\r\n    訴訟法第232條第1項定有明文。\r\n    此依規定於裁定準用之，同法第239條亦設有明文。另依同\r\n    法第512條規定：「法院應不訊問債務人，就支付命令之聲\r\n    請為裁定。」足認法院所發支付命令亦屬裁定，而得準用前\r\n    開裁定更正之規定。\r\n二、查本院所發前開支付命令有如主文所示之顯然錯誤；支付命\r\n    令之正本與原本不符，應予更正。\r\n三、依首開規定裁定如主文。\r\n四、如不服本裁定，應於裁定送達後 10 日內，以書狀向司法事\r\n    務官提出異議。\r\n中    華    民    國   102    年    8     月    13    日\r\n                  民事庭  司法事務官","type":"裁定","historyHash":"","mainText":"原支付命令理由欄中關於「按年息百分之十八點二五計算之利息」之記載，應更正為「按年息百分之十八點二五計算之違約金」。","opinion":"一、按判決如有誤寫、誤算或其他類此之顯然錯誤者，法院得依聲請或依職權以裁定更正；其正本與原本不符者亦同，民事訴訟法第232條第1項定有明文。\n    此依規定於裁定準用之，同法第239條亦設有明文。另依同法第512條規定：「法院應不訊問債務人，就支付命令之聲請為裁定。」足認法院所發支付命令亦屬裁定，而得準用前開裁定更正之規定。\n二、查本院所發前開支付命令有如主文所示之顯然錯誤；支付命令之正本與原本不符，應予更正。\n三、依首開規定裁定如主文。\n四、如不服本裁定，應於裁定送達後 10 日內，以書狀向司法事務官提出異議。","relatedIssues":[{"lawName":"民事訴訟法","issueRef":"232 1"},{"lawName":"民事訴訟法","issueRef":"239"},{"lawName":"民事訴訟法","issueRef":"512"}],"party":[{"group":[],"title":"債權人","value":"遠東國際商業銀行股份有限公司"},{"group":[],"title":"法定代理人","value":"侯金英"},{"group":[],"title":"債務人","value":"許文玉"}]}
