{"court":"臺灣澎湖地方法院","date":"2011-03-07T00:00:00+08:00","no":"100,司票,18","sys":"民事","reason":"本票裁定","judgement":"臺灣澎湖地方法院民事裁定　　　　　　 100年度司票字第18號\r\n聲　請　人　誠信房屋仲介行即葉.\r\n相　對　人　陳勝會\r\n上列當事人間對本票准許強制執行事件，本院裁定如下：\r\n    主  文\r\n相對人簽發如附表所示之本票金額，准予強制執行。\r\n聲請程序費用新臺幣壹仟元由相對人負擔。\r\n    理  由\r\n一、本件聲請意旨略以：聲請人執有相對人簽發如附表所示之本\r\n    票，並免除作成拒絕證書，詎到期後經提示未獲付款，爰提\r\n    出本票2件，聲請裁定准許強制執行等語。\r\n二、本件聲請，核與票據法第123條規定相符，應予准許。\r\n三、依非訟事件法第21條第2項，民事訴訟法第78條裁定如主文\r\n    。\r\n四、如不服本裁定，應於裁定送達後10日內向本院提出抗告狀，\r\n    並繳納抗告費新臺幣1千元。\r\n五、發票人如主張本票係偽造、變造者，得於接到本裁定後20日\r\n    之不變期間內，對執票人向本院另行提起確認本票債權不存\r\n    在之訴。\r\n六、本件如欲聲請強制執行，請向執行處提出已合法送達之證明\r\n    。\r\n七、發票人已提確認之訴者，得依非訟事件法第195條規定聲請\r\n    法院停止執行。\r\n中    華    民    國   100    年    3     月    7     日\r\n            馬公簡易庭  司法事務官\r\n┌───────────────────────────────────────┐\r\n│本票附表：無利息                                           100年度司票字第18號│\r\n├──┬───────┬────────┬───────┬───────┬───┤\r\n│編號│發    票    日│票面金額(新台幣)│到    期    日│票  據  號  碼│備  考│\r\n├──┼───────┼────────┼───────┼───────┼───┤\r\n│001 │99年11月24日  │90,000元        │99年12月1日   │CH682433      │      │\r\n├──┼───────┼────────┼───────┼───────┼───┤\r\n│002 │99年11月25日  │400,000元       │99年12月1日   │CH682434      │      │\r\n└──┴───────┴────────┴───────┴───────┴───┘","type":"裁定","historyHash":"","mainText":"相對人簽發如附表所示之本票金額，准予強制執行。\n聲請程序費用新臺幣壹仟元由相對人負擔。","opinion":"理  由\n一、本件聲請意旨略以：聲請人執有相對人簽發如附表所示之本票，並免除作成拒絕證書，詎到期後經提示未獲付款，爰提出本票2件，聲請裁定准許強制執行等語。\n二、本件聲請，核與票據法第123條規定相符，應予准許。\n三、依非訟事件法第21條第2項，民事訴訟法第78條裁定如主文。\n四、如不服本裁定，應於裁定送達後10日內向本院提出抗告狀，並繳納抗告費新臺幣1千元。\n五、發票人如主張本票係偽造、變造者，得於接到本裁定後20日之不變期間內，對執票人向本院另行提起確認本票債權不存在之訴。\n六、本件如欲聲請強制執行，請向執行處提出已合法送達之證明。\n七、發票人已提確認之訴者，得依非訟事件法第195條規定聲請法院停止執行。","relatedIssues":[{"lawName":"民事訴訟法","issueRef":"78"},{"lawName":"票據法","issueRef":"123"},{"lawName":"非訟事件法","issueRef":"21 2"},{"lawName":"非訟事件法","issueRef":"195"}],"party":[{"group":["plaintiff"],"title":"聲請人","value":"誠信房屋仲介行即葉."},{"group":[],"title":"相對人","value":"陳勝會"}]}
