{"court":"臺灣澎湖地方法院","date":"2010-07-02T00:00:00+08:00","no":"99,補,24","sys":"民事","reason":"分割共有物","judgement":"臺灣澎湖地方法院民事裁定　　　　　　　　99年度補字第24號\r\n原　　　告　乙○○\r\n上列原告與甲○○間請求分割共有物事件，原告起訴未據繳納裁\r\n判費，查本件訴訟標的價額，依民事訴訟法第77條之11規定以原\r\n告因分割所得利益，核定為新臺幣（下同）柒拾萬參仟伍佰貳拾\r\n貳元，應徵收第一審裁判費柒仟柒佰壹拾元。茲依民事訴訟法第\r\n249 條第1項但書之規定，限原告於收受本裁定送達七日內補繳\r\n，逾期不繳，即駁回其訴，特此裁定。\r\n中　　華　　民　　國　　99　　年　　7　　 月　　2　　 日\r\n　　　　　　　　　　　　民事庭　法　官　陳順輝\r\n以上正本係照原本作成。\r\n如不服本裁定關於訴訟標的價額之核定，得於收受裁定正本後10\r\n日內向本院提出抗告狀，並繳納抗告裁判費新臺幣1,000元（須\r\n附繕本）。\r\n中　　華　　民　　國　　99　　年　　7　　 月　　2　　 日\r\n　　　　　　　　　　　　　　　　書記官　王耀煌","type":"裁定","historyHash":"","mainText":"","opinion":"","relatedIssues":[{"lawName":"民事訴訟法","issueRef":"77-11"},{"lawName":"民事訴訟法","issueRef":"249 1"}],"party":[{"group":["plaintiff"],"title":"原告","value":"乙○○"}]}
