{"court":"臺灣澎湖地方法院","date":"2018-09-20T00:00:00+08:00","no":"106,訴,24","sys":"民事","reason":"分割共有物","judgement":"臺灣澎湖地方法院民事判決　　　　　　　 106年度訴字第24號\r\n原　　　告　黃有廳　\r\n　　　　　　黃陳民美\r\n共　　　同\r\n訴訟代理人　黃俊仁　\r\n被　　　告　黃次生　\r\n訴訟代理人　黃秀惠　\r\n被　　　告　黃雅莉　\r\n　　　　　　黃國銘　\r\n　　　　　　呂格圓　\r\n　　　　　　呂嘉惠　\r\n　　　　　　呂嘉旭　\r\n　　　　　　鄭武雄　\r\n　　　　　　鄭順泰　\r\n　　　　　　鄭順立　\r\n　　　　　　鄭綉絨　\r\n　　　　　　鄭綉絹　\r\n　　　　　　陳呂金蟬\r\n　　　　　　呂月雲　\r\n　　　　　　呂月嬌　\r\n　　　　　　呂榮根　\r\n　　　　　　呂榮源　\r\n　　　　　　呂岳峯　\r\n　　　　　　呂依芬　\r\n　　　　　　洪子婷　\r\n　　　　　　齊蕙良　\r\n　　　　　　呂佳穎　\r\n　　　　　　呂亮瑩　\r\n　　　　　　呂麗玲　\r\n　　　　　　呂素吟　\r\n　　　　　　呂陳色　\r\n　　　　　　呂金花　\r\n　　　　　　呂金玉　\r\n　　　　　　呂嘉在　\r\n　　　　　　呂金葉　\r\n　　　　　　呂行　　\r\n　　　　　　黃春　　\r\n　　　　　　呂金磚　\r\n　　　　　　呂嘉成　\r\n　　　　　　鄭呂月娥\r\n　　　　　　呂月琴　\r\n　　　　　　呂嘉志　\r\n　　　　　　呂桂珍　\r\n　　　　　　洪定邦　\r\n上列當事人間請求分割共有物事件，本院於民國107年9月6日言\r\n詞辯論終結，判決如下：\r\n    主      文\r\n被告呂格圓、呂嘉惠、呂嘉旭、鄭武雄、鄭順泰、鄭順立、鄭綉\r\n絨、鄭綉絹、陳呂金蟬、呂月雲、呂月嬌、呂榮根、呂榮源、呂\r\n岳峯、呂依芬、洪子婷、齊蕙良、呂佳穎、呂亮瑩、呂麗玲、呂\r\n素吟、呂陳色、呂金花、呂金玉、呂嘉在、呂金葉、呂行、黃春\r\n、呂金磚、呂嘉成、鄭呂月娥、呂月琴、呂嘉志、呂桂珍、洪定\r\n邦就○○所有坐落澎湖縣○○市○○段○○○地號土地(面積四\r\n三六點四七平方公尺，權利範圍四分之二)辦理繼承登記。\r\n兩造共有坐落澎湖縣○○市○○段○○○地號土地，應予分割如\r\n附圖所示：暫編地號0000 部分，面積五四點五六平方公尺土地\r\n分歸原告黃陳民美單獨取得；暫編地號0000 部分，面積五四點\r\n五六平方公尺土地分歸由原告黃有廳單獨取得；暫編地號000部\r\n分，面積三二七點三五平方公尺土地分歸由被告黃次生單獨取得\r\n。\r\n被告黃次生應按附表二所示之金額分別補償附表二所示之應受補\r\n償人。\r\n訴訟費用由兩造依附表一所示之比例負擔。\r\n    事實及理由\r\n壹、程序方面：\r\n    本件被告呂嘉惠、呂嘉旭、鄭武雄、鄭順泰、鄭順立、鄭綉\r\n    絨、鄭綉絹、陳呂金蟬、呂月雲、呂月嬌、呂榮根、呂榮源\r\n    、呂岳峯、呂依芬、洪子婷、齊蕙良、呂佳穎、呂亮瑩、呂\r\n    麗玲、呂素吟、呂陳色、呂金花、呂金玉、呂嘉在、呂金葉\r\n    、呂行、黃春、呂金磚、呂嘉成、鄭呂月娥、呂月琴、呂嘉\r\n    志、呂桂珍、洪定邦(下稱呂嘉惠等34人)及黃國銘經合法通\r\n    知，未於最後言詞辯論期日到場，核無民事訴訟法第386條\r\n    各款所列情形，爰依原告之聲請，由其一造辯論而為判決。\r\n貳、實體方面：\r\n一、原告主張：坐落澎湖縣○○市○○段000地號（下稱系爭土\r\n    地，面積436.47平方公尺）係原告與被告黃次生、黃雅莉、\r\n    黃國銘及訴外人○○所共有，然○○已於民國36年12月30日\r\n    死亡，其繼承人即被告呂格圓、呂嘉惠、呂嘉旭、鄭武雄、\r\n    鄭順泰、鄭順立、鄭綉絨、鄭綉絹、陳呂金蟬、呂月雲、呂\r\n    月嬌、呂榮根、呂榮源、呂岳峯、呂依芬、洪子婷、齊蕙良\r\n    、呂佳穎、呂亮瑩、呂麗玲、呂素吟、呂陳色、呂金花、呂\r\n    金玉、呂嘉在、呂金葉、呂行、黃春、呂金磚、呂嘉成、鄭\r\n    呂月娥、呂月琴、呂嘉志、呂桂珍、洪定邦(下稱被告呂格\r\n    圓等35人)迄未辦理繼承登記，又系爭土地依法並無禁止分\r\n    割之限制，兩造亦無不得分割之契約，爰依民法第823條第1\r\n    項、第824條規定，訴請裁判分割等語。並聲明：如主文第\r\n    一、二、三項所示。\r\n二、被告方面：\r\n  (一)被告黃次生則以：系爭土地上有房子一間，是伊兄弟所合建\r\n    ，目前由胞弟黃○○住於該處，伊希望取得該房子所占之土\r\n    地及其房屋旁空地等語。\r\n  (二)被告黃雅莉、黃國銘、呂格圓則以：同意原告所提之分割方\r\n    案，以金錢補償即可等語。\r\n  (三)被告呂嘉惠等34人未於言詞辯論期日到場，亦未提出準備書\r\n    狀作何聲明或陳述。\r\n三、得心證之理由：\r\n  (一)按各共有人，除法令另有規定外，得隨時請求分割共有物。\r\n    但因物之使用目的不能分割或契約訂有不分割之期限者，不\r\n    在此限，民法第823條第1項定有明文。查系爭土地原為原告\r\n    與被告黃次生、黃雅莉、黃國銘及訴外人○○所共有，然○\r\n    ○已於36年12月30日死亡，其繼承人即被告呂格圓等35人，\r\n    其等應有部分比例如附表一所示。又被告呂格圓等35人就黃\r\n    火之應有部分4分之2雖尚未辦理繼承登記，然已因繼承而取\r\n    得系爭土地之所有權，且系爭土地並未訂有不分割之期限，\r\n    且無不能分割之情形，兩造復未能達成分割之協議，則原告\r\n    訴請裁判分割，於法自無不合。\r\n  (二)次按繼承、強制執行、徵收、法院之判決或其他非因法律行\r\n    為，於登記前已取得不動產物權者，應經登記，始得處分其\r\n    物權，民法第759條亦有明文。又分割共有物性質上為處分\r\n    行為，於分割共有物訴訟中，合併請求共有人之繼承人辦理\r\n    繼承登記，並無不可（最高法院69年台上字第1012號判例要\r\n    旨參照）。是○○之繼承人於辦妥繼承登記之前，並不得分\r\n    割共有物即系爭土地，故原告訴請其繼承人即被告呂格圓等\r\n    35人就被繼承人○○所有之應有部分4分之2辦理繼承登記，\r\n    並合併對渠等為分割共有物之請求，自屬有據。\r\n  (三)再按分割共有物之訴，係就有共有關係之共有物，以消滅共\r\n    有關係為目的，予以分割，使共有人就共有物之一部分單獨\r\n    取得所有權之形成訴訟。另按裁判分割共有物，屬形成判決\r\n    ，法院定共有物之分割方法，固應斟酌當事人之聲明、共有\r\n    物之性質、分割後之經濟效用、各共有人之意願、利害關係\r\n    ，而本其自由裁量權為公平合理之分配，但並不受當事人聲\r\n    明、主張或分管約定之拘束（最高法院91年度台上字第728\r\n    號判決要旨參照）。又建物性質上不能與土地分離而存在，\r\n    亦即使用建物必須使用坐落之地基，如土地之共有人在土地\r\n    上有建物，且有繼續使用建物之意願，自應尊重其得以占有\r\n    使用土地之現狀及權利，使長久使用該土地之共有人得以繼\r\n    續居住，以發揮最大之經濟效用，並消滅未占用土地或無意\r\n    願繼續占有使用土地者之共有關係，以兼顧該等共有人權益\r\n    。經查：系爭土地東北側有一聯絡道路，地號為000地號，\r\n    路寬為4.3公尺；系爭土地南側亦為聯絡道路，地號為000地\r\n    號，路寬為5.7公尺；系爭土地西北側有一建物，門牌為○\r\n    ○00號，一層樓，建材為石，現為被告黃次生胞弟居住\r\n    使用等情，業經本院至現場履勘屬實，並有本院勘驗筆錄、\r\n    現場照片在卷可查（見本院卷二第223至243頁）。本院審酌\r\n    系爭土地地目為建，面積為436.47平方公尺，且系爭土地上\r\n    現有○○00號之建物，為被告黃次生等兄弟所建，目前為胞\r\n    弟黃○○居住使用，業據被告黃次生於106年6月27日準備程\r\n    序自陳(見本院卷二第22頁)，是考量若將系爭土地變價分割\r\n    ，恐將造成土地及建物非屬同一人所有，致生法律關係之複\r\n    雜，顯非適當之分割方法，另參酌被告黃次生有繼續使用建\r\n    物之意願，及另審酌系爭土地並非一規則之方型，然原告等\r\n    2 人願就此系爭土地東北側即突出之部分取得所有權，且附\r\n    圖之分割方案分割後之各部分土地均得臨路，堪屬妥適，另\r\n    系爭土地面積僅436.47平方公尺，倘依各被告之應有部分均\r\n    受分配，則各被告分得土地面積過小，無法為土地有效利用\r\n    ，且到場之被告黃雅莉、黃國銘、呂格圓亦同意此方案等語\r\n    (見本院卷三第144 頁)，而被告呂嘉惠等34人均未表示意見\r\n    等情以觀，堪認如主文第二項所示之原物分割當屬公平合理\r\n    之分割方式。\r\n  (四)又以原物為分配時，如共有人中有未受分配，得以金錢補償\r\n    之，民法第824條第3項定有明文。惟所謂金錢補償，係指依\r\n    原物市場交易之價格予以補償而言（最高法院87年度台上字\r\n    第2041號判決要旨參照）。查系爭土地為原物分割，將有被\r\n    告黃雅莉、黃國銘、呂格圓等35人未能依其應有部分受分配\r\n    ，是依上開之規定及說明，被告黃雅莉、黃國銘、呂格圓等\r\n    35人自得向被告黃次生請求以金錢補償。又被告黃次生陳明\r\n    ：願以系爭土地公告現值之1.6倍為標準計算補償等語(見本\r\n    院卷三第144頁)，且被告黃雅莉、黃國銘、呂格圓均表同意\r\n    ，本院審認公告現值係直轄市、縣市政府對於轄區內的土地\r\n    ，根據最近一年來調查的地價動態為估計，應可作為土地的\r\n    交易價格，是本院據此並計算被告黃次生就系爭土地應分別\r\n    補償被告黃雅莉、黃國銘、呂格圓等35人如附表二所示之金\r\n    額。\r\n四、綜上所述，原告訴請被告呂格圓等35人就○○所有系爭土地\r\n    (權利範圍4分之2)辦理繼承登記，並合併對被告訴請分割系\r\n    爭土地，洵屬有據，本院並審酌上情，認應將系爭土地為如\r\n    主文所示之分割與補償。\r\n五、末按因共有物分割、經界或其他性質上類似之事件涉訟，由\r\n    敗訴當事人負擔訴訟費用顯失公平者，法院得酌量情形，命\r\n    勝訴之當事人負擔其一部，民事訴訟法第80條之1 定有明文\r\n    。本件分割共有物之訴，核其性質屬形式之形成訴訟，法院\r\n    本不受原告聲明分割方案之拘束，如准予裁判分割，原告之\r\n    訴即為有理由，並無敗訴與否之問題，況兩造本可互換地位\r\n    ，原告起訴雖於法有據，然被告之應訴乃法律規定所不得不\r\n    然，且兩造均因本件裁判分割而同霑利益，故本院認為於裁\r\n    判分割共有物訴訟，倘法院准予分割，原告之訴為有理由時\r\n    ，仍應由兩造分別就系爭土地之應有部分比例分擔訴訟費用\r\n    較符合公平原則，附此敘明。\r\n六、訴訟費用負擔之依據：民事訴訟法第80條之1。\r\n中    華    民    國   107    年    9     月    20    日\r\n                  民事庭  審判長法  官  呂明燕\r\n                                法  官  陳立祥\r\n                                法  官  王政揚\r\n以上正本係照原本作成。\r\n如對本判決上訴，須於判決送達後20日之不變期間內，向本院提\r\n出上訴狀（須附繕本）。如委任律師提起上訴者，應一併繳納上\r\n訴審裁判費。\r\n中    華    民    國   107    年    9     月    20    日\r\n                                書記官  林映君\r\n附表一：\r\n┌──────────┬───────┬───────┐\r\n│澎湖縣○○市○○段  │應有部分(或潛 │應分擔訴訟費用│\r\n│000地號土地所有權人 │在應有部分)   │之比例        │\r\n├──────────┼───────┼───────┤\r\n│黃有廳              │8分之1        │8分之1        │\r\n├──────────┼───────┼───────┤\r\n│黃陳民美            │8分之1        │8分之1        │\r\n├──────────┼───────┼───────┤\r\n│黃次生              │8分之1        │8分之1        │\r\n├──────────┼───────┼───────┤\r\n│黃雅莉              │16分之1       │16分之1       │\r\n├──────────┼───────┼───────┤\r\n│黃國銘              │16分之1       │16分之1       │\r\n├──────────┼───────┼───────┤\r\n│呂格圓              │56分之1       │56分之1       │\r\n├──────────┼───────┼───────┤\r\n│呂嘉惠              │56分之1       │56分之1       │\r\n├──────────┼───────┼───────┤\r\n│呂嘉旭              │56分之1       │56分之1       │\r\n├──────────┼───────┼───────┤\r\n│鄭武雄              │280分之1      │280分之1      │\r\n├──────────┼───────┼───────┤\r\n│鄭順泰              │280分之1      │280分之1      │\r\n├──────────┼───────┼───────┤\r\n│鄭順立              │280分之1      │280分之1      │\r\n├──────────┼───────┼───────┤\r\n│鄭綉絨              │280分之1      │280分之1      │\r\n├──────────┼───────┼───────┤\r\n│鄭綉絹              │280分之1      │280分之1      │\r\n├──────────┼───────┼───────┤\r\n│陳呂金蟬            │56分之1       │56分之1       │\r\n├──────────┼───────┼───────┤\r\n│呂月雲              │56分之1       │56分之1       │\r\n├──────────┼───────┼───────┤\r\n│呂月嬌              │56分之1       │56分之1       │\r\n├──────────┼───────┼───────┤\r\n│呂榮根              │56分之1       │56分之1       │\r\n├──────────┼───────┼───────┤\r\n│呂榮源              │56分之1       │56分之1       │\r\n├──────────┼───────┼───────┤\r\n│呂岳峯              │112分之1      │112分之1      │\r\n├──────────┼───────┼───────┤\r\n│呂依芬              │112分之1      │112分之1      │\r\n├──────────┼───────┼───────┤\r\n│洪子婷              │112分之1      │112分之1      │\r\n├──────────┼───────┼───────┤\r\n│齊蕙良              │192分之1      │192分之1      │\r\n├──────────┼───────┼───────┤\r\n│呂佳穎              │2688分之17    │2688分之17    │\r\n├──────────┼───────┼───────┤\r\n│呂亮瑩              │2688分之17    │2688分之17    │\r\n├──────────┼───────┼───────┤\r\n│呂麗玲              │56分之1       │56分之1       │\r\n├──────────┼───────┼───────┤\r\n│呂素吟              │56分之1       │56分之1       │\r\n├──────────┼───────┼───────┤\r\n│呂陳色              │48分之1       │48分之1       │\r\n├──────────┼───────┼───────┤\r\n│呂金花              │48分之1       │48分之1       │\r\n├──────────┼───────┼───────┤\r\n│呂金玉              │48分之1       │48分之1       │\r\n├──────────┼───────┼───────┤\r\n│呂嘉在              │48分之1       │48分之1       │\r\n├──────────┼───────┼───────┤\r\n│呂金葉              │48分之1       │48分之1       │\r\n├──────────┼───────┼───────┤\r\n│呂行                │48分之1       │48分之1       │\r\n├──────────┼───────┼───────┤\r\n│黃春                │56分之1       │56分之1       │\r\n├──────────┼───────┼───────┤\r\n│呂金磚              │56分之1       │56分之1       │\r\n├──────────┼───────┼───────┤\r\n│呂嘉成              │56分之1       │56分之1       │\r\n├──────────┼───────┼───────┤\r\n│鄭呂月娥            │56分之1       │56分之1       │\r\n├──────────┼───────┼───────┤\r\n│呂月琴              │56分之1       │56分之1       │\r\n├──────────┼───────┼───────┤\r\n│呂嘉志              │56分之1       │56分之1       │\r\n├──────────┼───────┼───────┤\r\n│呂桂珍              │56分之1       │56分之1       │\r\n├──────────┼───────┼───────┤\r\n│洪定邦              │112分之1      │112分之1      │\r\n└──────────┴───────┴───────┘\r\n\r\n 附表二：\r\n┌───────┬────────────┐\r\n│應受補償人    │應補償之金額（新臺幣，元│\r\n│              │以下四捨五入）          │\r\n├───────┼────────────┤\r\n│黃雅莉        │261,882                 │\r\n├───────┼────────────┤\r\n│黃國銘        │261,882                 │\r\n├───────┼────────────┤\r\n│呂格圓        │74,823                  │\r\n├───────┼────────────┤\r\n│呂嘉惠        │74,823                  │\r\n├───────┼────────────┤\r\n│呂嘉旭        │74,823                  │\r\n├───────┼────────────┤\r\n│鄭武雄        │14,965                  │\r\n├───────┼────────────┤\r\n│鄭順泰        │14,965                  │\r\n├───────┼────────────┤\r\n│鄭順立        │14,965                  │\r\n├───────┼────────────┤\r\n│鄭綉絨        │14,965                  │\r\n├───────┼────────────┤\r\n│鄭綉絹        │14,965                  │\r\n├───────┼────────────┤\r\n│陳呂金蟬      │74,823                  │\r\n├───────┼────────────┤\r\n│呂月雲        │74,823                  │\r\n├───────┼────────────┤\r\n│呂月嬌        │74,823                  │\r\n├───────┼────────────┤\r\n│呂榮根        │74,823                  │\r\n├───────┼────────────┤\r\n│呂榮源        │74,823                  │\r\n├───────┼────────────┤\r\n│呂岳峯        │37,412                  │\r\n├───────┼────────────┤\r\n│呂依芬        │37,412                  │\r\n├───────┼────────────┤\r\n│洪子婷        │37,412                  │\r\n├───────┼────────────┤\r\n│齊蕙良        │21,824                  │\r\n├───────┼────────────┤\r\n│呂佳穎        │26,500                  │\r\n├───────┼────────────┤\r\n│呂亮瑩        │26,500                  │\r\n├───────┼────────────┤\r\n│呂麗玲        │74,823                  │\r\n├───────┼────────────┤\r\n│呂素吟        │74,823                  │\r\n├───────┼────────────┤\r\n│呂陳色        │87,294                  │\r\n├───────┼────────────┤\r\n│呂金花        │87,294                  │\r\n├───────┼────────────┤\r\n│呂金玉        │87,294                  │\r\n├───────┼────────────┤\r\n│呂嘉在        │87,294                  │\r\n├───────┼────────────┤\r\n│呂金葉        │87,294                  │\r\n├───────┼────────────┤\r\n│呂行          │87,294                  │\r\n├───────┼────────────┤\r\n│黃春          │74,823                  │\r\n├───────┼────────────┤\r\n│呂金磚        │74,823                  │\r\n├───────┼────────────┤\r\n│呂嘉成        │74,823                  │\r\n├───────┼────────────┤\r\n│鄭呂月娥      │74,823                  │\r\n├───────┼────────────┤\r\n│呂月琴        │74,823                  │\r\n├───────┼────────────┤\r\n│呂嘉志        │74,823                  │\r\n├───────┼────────────┤\r\n│呂桂珍        │74,823                  │\r\n├───────┼────────────┤\r\n│洪定邦        │37,412                  │\r\n└───────┴────────────┘","type":"判決","historyHash":"5cdf61ec0a1a8c2312956d30","mainText":"被告呂格圓、呂嘉惠、呂嘉旭、鄭武雄、鄭順泰、鄭順立、鄭綉絨、鄭綉絹、陳呂金蟬、呂月雲、呂月嬌、呂榮根、呂榮源、呂岳峯、呂依芬、洪子婷、齊蕙良、呂佳穎、呂亮瑩、呂麗玲、呂素吟、呂陳色、呂金花、呂金玉、呂嘉在、呂金葉、呂行、黃春、呂金磚、呂嘉成、鄭呂月娥、呂月琴、呂嘉志、呂桂珍、洪定邦就○○所有坐落澎湖縣○○市○○段○○○地號土地(面積四三六點四七平方公尺，權利範圍四分之二)辦理繼承登記。\n兩造共有坐落澎湖縣○○市○○段○○○地號土地，應予分割如附圖所示：暫編地號0000 部分，面積五四點五六平方公尺土地分歸原告黃陳民美單獨取得；暫編地號0000 部分，面積五四點五六平方公尺土地分歸由原告黃有廳單獨取得；暫編地號000部分，面積三二七點三五平方公尺土地分歸由被告黃次生單獨取得。\n被告黃次生應按附表二所示之金額分別補償附表二所示之應受補償人。\n訴訟費用由兩造依附表一所示之比例負擔。","opinion":"三、得心證之理由：\n(一)按各共有人，除法令另有規定外，得隨時請求分割共有物。\n    但因物之使用目的不能分割或契約訂有不分割之期限者，不在此限，民法第823條第1項定有明文。查系爭土地原為原告與被告黃次生、黃雅莉、黃國銘及訴外人○○所共有，然○○已於36年12月30日死亡，其繼承人即被告呂格圓等35人，其等應有部分比例如附表一所示。又被告呂格圓等35人就黃火之應有部分4分之2雖尚未辦理繼承登記，然已因繼承而取得系爭土地之所有權，且系爭土地並未訂有不分割之期限，且無不能分割之情形，兩造復未能達成分割之協議，則原告訴請裁判分割，於法自無不合。\n  (二)次按繼承、強制執行、徵收、法院之判決或其他非因法律行為，於登記前已取得不動產物權者，應經登記，始得處分其物權，民法第759條亦有明文。又分割共有物性質上為處分行為，於分割共有物訴訟中，合併請求共有人之繼承人辦理繼承登記，並無不可（最高法院69年台上字第1012號判例要旨參照）。是○○之繼承人於辦妥繼承登記之前，並不得分割共有物即系爭土地，故原告訴請其繼承人即被告呂格圓等35人就被繼承人○○所有之應有部分4分之2辦理繼承登記，並合併對渠等為分割共有物之請求，自屬有據。\n  (三)再按分割共有物之訴，係就有共有關係之共有物，以消滅共有關係為目的，予以分割，使共有人就共有物之一部分單獨取得所有權之形成訴訟。另按裁判分割共有物，屬形成判決，法院定共有物之分割方法，固應斟酌當事人之聲明、共有物之性質、分割後之經濟效用、各共有人之意願、利害關係，而本其自由裁量權為公平合理之分配，但並不受當事人聲明、主張或分管約定之拘束（最高法院91年度台上字第728號判決要旨參照）。又建物性質上不能與土地分離而存在，亦即使用建物必須使用坐落之地基，如土地之共有人在土地上有建物，且有繼續使用建物之意願，自應尊重其得以占有使用土地之現狀及權利，使長久使用該土地之共有人得以繼續居住，以發揮最大之經濟效用，並消滅未占用土地或無意願繼續占有使用土地者之共有關係，以兼顧該等共有人權益。經查：系爭土地東北側有一聯絡道路，地號為000地號，路寬為4.3公尺；系爭土地南側亦為聯絡道路，地號為000地號，路寬為5.7公尺；系爭土地西北側有一建物，門牌為○○00號，一層樓，建材為石，現為被告黃次生胞弟居住使用等情，業經本院至現場履勘屬實，並有本院勘驗筆錄、現場照片在卷可查（見本院卷二第223至243頁）。本院審酌系爭土地地目為建，面積為436.47平方公尺，且系爭土地上現有○○00號之建物，為被告黃次生等兄弟所建，目前為胞弟黃○○居住使用，業據被告黃次生於106年6月27日準備程序自陳(見本院卷二第22頁)，是考量若將系爭土地變價分割，恐將造成土地及建物非屬同一人所有，致生法律關係之複雜，顯非適當之分割方法，另參酌被告黃次生有繼續使用建物之意願，及另審酌系爭土地並非一規則之方型，然原告等2 人願就此系爭土地東北側即突出之部分取得所有權，且附圖之分割方案分割後之各部分土地均得臨路，堪屬妥適，另系爭土地面積僅436.47平方公尺，倘依各被告之應有部分均受分配，則各被告分得土地面積過小，無法為土地有效利用，且到場之被告黃雅莉、黃國銘、呂格圓亦同意此方案等語(見本院卷三第144 頁)，而被告呂嘉惠等34人均未表示意見等情以觀，堪認如主文第二項所示之原物分割當屬公平合理之分割方式。\n  (四)又以原物為分配時，如共有人中有未受分配，得以金錢補償之，民法第824條第3項定有明文。惟所謂金錢補償，係指依原物市場交易之價格予以補償而言（最高法院87年度台上字第2041號判決要旨參照）。查系爭土地為原物分割，將有被告黃雅莉、黃國銘、呂格圓等35人未能依其應有部分受分配，是依上開之規定及說明，被告黃雅莉、黃國銘、呂格圓等35人自得向被告黃次生請求以金錢補償。又被告黃次生陳明：願以系爭土地公告現值之1.6倍為標準計算補償等語(見本院卷三第144頁)，且被告黃雅莉、黃國銘、呂格圓均表同意，本院審認公告現值係直轄市、縣市政府對於轄區內的土地，根據最近一年來調查的地價動態為估計，應可作為土地的交易價格，是本院據此並計算被告黃次生就系爭土地應分別補償被告黃雅莉、黃國銘、呂格圓等35人如附表二所示之金額。\n四、綜上所述，原告訴請被告呂格圓等35人就○○所有系爭土地(權利範圍4分之2)辦理繼承登記，並合併對被告訴請分割系爭土地，洵屬有據，本院並審酌上情，認應將系爭土地為如主文所示之分割與補償。\n五、末按因共有物分割、經界或其他性質上類似之事件涉訟，由敗訴當事人負擔訴訟費用顯失公平者，法院得酌量情形，命勝訴之當事人負擔其一部，民事訴訟法第80條之1 定有明文。本件分割共有物之訴，核其性質屬形式之形成訴訟，法院本不受原告聲明分割方案之拘束，如准予裁判分割，原告之訴即為有理由，並無敗訴與否之問題，況兩造本可互換地位，原告起訴雖於法有據，然被告之應訴乃法律規定所不得不然，且兩造均因本件裁判分割而同霑利益，故本院認為於裁判分割共有物訴訟，倘法院准予分割，原告之訴為有理由時，仍應由兩造分別就系爭土地之應有部分比例分擔訴訟費用較符合公平原則，附此敘明。\n六、訴訟費用負擔之依據：民事訴訟法第80條之1。","relatedIssues":[{"lawName":"民事訴訟法","issueRef":"80-1"},{"lawName":"民事訴訟法","issueRef":"80-1"},{"lawName":"民事訴訟法","issueRef":"386"},{"lawName":"民法","issueRef":"759"},{"lawName":"民法","issueRef":"823 1"},{"lawName":"民法","issueRef":"823 1"},{"lawName":"民法","issueRef":"824"},{"lawName":"民法","issueRef":"824 3"}],"party":[{"group":["plaintiff"],"title":"原告","value":"黃有廳"},{"group":["plaintiff"],"title":"原告","value":"黃陳民美"},{"group":["plaintiff","agentAdLitem"],"title":"共同訴訟代理人","value":"黃俊仁"},{"group":["defendant"],"title":"被告","value":"黃次生"},{"group":["defendant","agentAdLitem"],"title":"訴訟代理人","value":"黃秀惠"},{"group":["defendant"],"title":"被告","value":"黃雅莉"},{"group":["defendant"],"title":"被告","value":"黃國銘"},{"group":["defendant"],"title":"被告","value":"呂格圓"},{"group":["defendant"],"title":"被告","value":"呂嘉惠"},{"group":["defendant"],"title":"被告","value":"呂嘉旭"},{"group":["defendant"],"title":"被告","value":"鄭武雄"},{"group":["defendant"],"title":"被告","value":"鄭順泰"},{"group":["defendant"],"title":"被告","value":"鄭順立"},{"group":["defendant"],"title":"被告","value":"鄭綉絨"},{"group":["defendant"],"title":"被告","value":"鄭綉絹"},{"group":["defendant"],"title":"被告","value":"陳呂金蟬"},{"group":["defendant"],"title":"被告","value":"呂月雲"},{"group":["defendant"],"title":"被告","value":"呂月嬌"},{"group":["defendant"],"title":"被告","value":"呂榮根"},{"group":["defendant"],"title":"被告","value":"呂榮源"},{"group":["defendant"],"title":"被告","value":"呂岳峯"},{"group":["defendant"],"title":"被告","value":"呂依芬"},{"group":["defendant"],"title":"被告","value":"洪子婷"},{"group":["defendant"],"title":"被告","value":"齊蕙良"},{"group":["defendant"],"title":"被告","value":"呂佳穎"},{"group":["defendant"],"title":"被告","value":"呂亮瑩"},{"group":["defendant"],"title":"被告","value":"呂麗玲"},{"group":["defendant"],"title":"被告","value":"呂素吟"},{"group":["defendant"],"title":"被告","value":"呂陳色"},{"group":["defendant"],"title":"被告","value":"呂金花"},{"group":["defendant"],"title":"被告","value":"呂金玉"},{"group":["defendant"],"title":"被告","value":"呂嘉在"},{"group":["defendant"],"title":"被告","value":"呂金葉"},{"group":["defendant"],"title":"被告","value":"呂行"},{"group":["defendant"],"title":"被告","value":"黃春"},{"group":["defendant"],"title":"被告","value":"呂金磚"},{"group":["defendant"],"title":"被告","value":"呂嘉成"},{"group":["defendant"],"title":"被告","value":"鄭呂月娥"},{"group":["defendant"],"title":"被告","value":"呂月琴"},{"group":["defendant"],"title":"被告","value":"呂嘉志"},{"group":["defendant"],"title":"被告","value":"呂桂珍"},{"group":["defendant"],"title":"被告","value":"洪定邦"}]}
