{"court":"臺灣澎湖地方法院","date":"2015-02-26T00:00:00+08:00","no":"102,訴,10","sys":"民事","reason":"減少價金","judgement":"臺灣澎湖地方法院民事判決　　　　　　　 102年度訴字第10號\r\n原　　　告　陳立真　\r\n訴訟代理人　陳純仁律師\r\n被　　　告　洪敏政即全富企業行\r\n訴訟代理人　許文贊律師\r\n上列當事人間減少價金事件，本院於民國104年2月5日言詞辯論\r\n終結，判決如下：\r\n    主      文\r\n確認原告與被告間就坐落澎湖縣馬公市○○段○○○○○○地號\r\n土地上戶號B1不動產所訂立之買賣契約之買賣價金新台幣壹仟肆\r\n佰捌拾萬元中，被告對原告之新台幣捌拾參萬貳仟玖佰肆拾壹元\r\n之價款請求權不存在。\r\n原告其餘之訴駁回。\r\n訴訟費用由被告負擔二分之一，餘由原告負擔。\r\n    事實及理由\r\n甲、程序部分\r\n    按確認法律關係之訴，非原告有即受確認判決之法律上利益\r\n    者，不得提起之，民事訴訟法第247條第1項前段定有明文。\r\n    次按民事訴訟法第247條所謂即受確認判決之法律上利益，\r\n    係指因法律關係之存否不明確，致被上訴人在私法上之地位\r\n    有受侵害之危險，而此項危險得以對於上訴人之確認判決除\r\n    去之者而言，故確認法律關係成立或不成立之訴，苟具備前\r\n    開要件，即得謂有即受確認判決之法律上利益，縱其所請求\r\n    確認者為他人間之法律關係，亦非不得提起（最高法院42年\r\n    台上字第1031號判例意旨參照）。本件原告主張被告基於兩\r\n    造所簽訂之買賣契約，對原告所得請求之價金請求權中有新\r\n    台幣（下同）1,359,225元之價款請求權不存在，惟為被告\r\n    所否認，因此涉及原告應給付被告價金之多寡，若無確認，\r\n    將使原告私法上地位處於不安之中，而該不安狀態得以確認\r\n    判決除去之，揆諸前引規定及說明，堪認原告就此部分有即\r\n    受即受確認判決之法律上利益，此合先敘明。\r\n乙、兩造爭執要旨：\r\n一、原告主張：原告於民國100年0月00日經由○○房屋居間仲介\r\n    ，與被告洪敏政即全富企業行簽立不動產買賣契約，購買被\r\n    告所預售之建案名稱為○○○○二期店鋪住宅興建工程（下\r\n    稱○○○○二期）中坐落澎湖縣馬公市○○段000000地號土\r\n    地上戶號B1建築物乙棟（下稱系爭B1房屋），買賣價金為\r\n    14,800,000元（下稱系爭買賣契約）。依系爭買賣契約第四\r\n    條約定：「使用建材及房屋樣式如附圖說明」，而依該附圖\r\n    即建物平面配置圖（本院卷第17頁背面-18頁，下稱配置圖\r\n    ）所示，原告所購買之系爭B1房屋係位於邊間位置，有三面\r\n    採光，僅一面與同一建案編號B2之房屋相連。惟被告之後卻\r\n    因與他人（即○○○○一期之購買戶）發生相鄰之建築物買\r\n    賣糾紛而將本件○○○○二期建案房屋之部份基地過戶予第\r\n    三人而變更原本之建築物設計，將系爭B1房屋之基地位置向\r\n    左位移，且擅自在後側之空地上新增同一建案編號D7之房屋\r\n    ，使得系爭B1房屋西側不得設窗戶及任何開口，因而僅剩下\r\n    兩面採光，並造成系爭B1房屋在進出使用條件上之採光、通\r\n    風、視野以及建物隱私上，均受到相當大的不利影響，顯與\r\n    兩造當初訂約時之約定品質不符，有違反公平交易法第24條\r\n    規定之情形，被告應依民法第354條負出賣人之物之瑕疵擔\r\n    保責任。又被告之「○○○○二期店舖住宅新建工程」廣告\r\n    單（即原證五，下稱系爭廣告單）上之圖片已顯示原告所購\r\n    邊間房屋之一、二、三、四層樓之臨馬路兩邊均有門窗，可\r\n    以進出及通風與接受日光，且被告於訂約時所交付原告之「\r\n    ○○○○二期16互店鋪住宅全區示意圖」（即原證六，下稱\r\n    系爭示意圖）中亦顯示系爭B1房屋西側各層樓面臨馬路部份\r\n    均有窗戶之圖形，與其他三戶邊間之房屋（即B7、C7、C1）\r\n    之圖形相同，且該窗戶對照行政院公共工程製圖手冊製圖標\r\n    準條例，應為符號代碼082063A之三拉窗（見本院卷第105頁\r\n    ），足見被告以廣告招攬原告購買者應如同系爭廣告單所設\r\n    計規劃之臨馬路兩邊均有開窗之透天厝，但實際所興建系爭\r\n    B1房屋西側之一、二、三、四層卻均封閉，被告之行為顯然\r\n    違反消費者保護法第22條之規定，原告亦可依不完全給付之\r\n    規定請求被告負損害賠償責任。本件經送請鈞院指定之○○\r\n    不動產估價師事務所（下稱○○事務所）鑑定之結果，認定\r\n    系爭B1房屋因變更設計且臨路不開窗因而減損價值金額為\r\n    1,359,225元，原告自可依據民法第359條規定主張減少價金\r\n    1,359,225元，且減少價金請求權係形成權，一經債權人行\r\n    使而通知出賣人即發生減少價金之形成效力，原告已於102\r\n    年2月23日以台北北門郵局000549號之存證信函對被告行使\r\n    減少價金請求權，則被告依系爭買賣契約之得向原告請求之\r\n    壹仟肆佰捌拾萬元價金中，就該1,359,225元之價款請求權\r\n    應不存在，然因被告對原告之上開存證信函置不理會，故提\r\n    起本件確認之訴。並聲明：確認原告與被告間就系爭買賣契\r\n    約之價金壹仟肆佰捌拾萬元中，被告對原告之1,359,225之\r\n    價款請求權不存在。\r\n二、被告則辯稱：\r\n（一）原告購買系爭B1房屋後，被告確有變更設計，並將系爭B1\r\n      房屋之基地位置更動，然○○房屋仲介員甲○○曾受被告\r\n      委託，於101年5月間在工地現場告知原告，同時交付原告\r\n      有關更動後之配置圖，並當場以噴漆方式確認地基位置，\r\n      原告當場表明可接受並無任何異議，原告自不得出爾反爾\r\n      復行爭執。又○○○○二期之房屋均屬店鋪住宅，每戶房\r\n      屋均有獨立之法定空地，觀諸系爭房屋更動前之配置圖，\r\n      系爭房屋後邊未規劃之土地即同段180-54、180-57、180\r\n      -58等土地，並非○○○○二期之法定空地或公有土地，\r\n      而係被告所有之私人土地，上開土地被告原擬與合夥人乙\r\n      ○○興建○○○○三期公寓房屋出售，則系爭B1房屋後邊\r\n      將來勢必有相鄰房屋存在，正與更動後配置圖之現況相同\r\n      ，實際上不可能三面採光，故不論依更動前後之配置圖，\r\n      系爭B1房屋均僅有二面採光，被告亦未將未出售部分逕自\r\n      變更設計，增加戶數銷售，故原告主張系爭B1房屋原設計\r\n      係三面採光，然因變更配置圖後新增編號D7房屋，致使系\r\n      爭房屋之後邊無法採光，變成兩面採光，且被告擅自在原\r\n      本之空地上增加住宅銷售，違反公平交易法第24條規定云\r\n      云，顯屬誤會。\r\n（二）被告否認兩造於100年4月28日簽訂系爭買賣契約時曾交付\r\n      原證6之系爭示意圖予原告，且系爭買賣契約之附件「建\r\n      材設備說明」載明：「結構：...並依政府核准之圖樣施\r\n      工..」，故原告主張被告應依系爭示意圖施工云云，於法\r\n      自屬無據。事實上，系爭B1房屋之規劃因西側邊牆面距地\r\n      界線未達1公尺，依建築法規本不得有開窗之設計，故不\r\n      論系爭B1房屋基地位置變更前或變更後之建築平面圖上，\r\n      西面均無開窗之設計。至於原告主張依系爭廣告顯示系爭\r\n      B1房屋側邊均有門窗之設計云云，然系爭廣告單顯示側邊\r\n      牆面有開窗設計者係更動前配置圖編號B7（更動後為B6）\r\n      之房屋，而非系爭B1房屋，B7房屋因緊臨四米計劃道路，\r\n      故依建築法規得有開窗之設計，故原告上開主張應屬誤解\r\n      。原告復主張系爭示意圖上顯示系爭B1房屋西側一至四樓\r\n      皆有開窗設計，且該窗戶對照行政院公共工程製圖手冊製\r\n      圖標準條例，為符號代碼082063A之三拉窗云云，被告亦\r\n      否認，原告上開主張除與證人丙○○證述不符外，且細觀\r\n      原告所提符號代碼082063A之三拉窗圖形，與系爭示意圖\r\n      中B1房屋之所顯示之圖形亦不同，自難比附援引。並聲明\r\n      ：原告之訴駁回。\r\n丙、得心證之理由\r\n一、原告主張兩造於100年4月28日簽訂系爭買賣契約，由原告向\r\n    被告以14,800,000元之價格購買系爭B1房屋，系爭B1房屋之\r\n    基地位置於簽約後有所變更，變更前後之位置詳如配置圖（\r\n    本院卷第17頁背面-第18頁）所示一情，業據其提出系爭買\r\n    賣契約書及配置圖為證（本院卷第1-9頁、第17頁背面-18頁\r\n    ），並為被告所不爭執，堪信為實。惟原告主張被告擅自變\r\n    更設計，並將系爭B1房屋之基地位置移位，造成無法三面採\r\n    光及西側邊無法開窗之瑕疵，且其設計規劃與被告招攬之廣\r\n    告不同，違反消費者保護法第22條之規定，應負買賣契約之\r\n    瑕疵擔保責任一節，則為被告所否認，茲就兩造爭點論述如\r\n    下。\r\n二、系爭B1房屋基地位置之變更是否經原告同意？此基地位置之\r\n    變更是否造成系爭房屋無法三面採光，並使得系爭房屋西側\r\n    因此不能設窗戶及任何開口？\r\n（一）證人即受被告委託銷售系爭B1房屋之○○房屋仲介人員甲\r\n      ○○於審理時證稱：○○○○二期的房屋透過我們成交有\r\n      好幾戶，系爭B1房屋也是由我們仲介成交。成交前是我們\r\n      營業員帶原告到現場，簽約是在我們公司簽約，簽約以後\r\n      ，有變更設計，變更設計後是由我跟我們公司業務員帶同\r\n      原告到現場，告知位置有變更。我們業務員丁○○有交付\r\n      變更後的配置圖給原告，被告也已經先在就變更後的位置\r\n      先噴上紅漆，並當場告訴原告這紅漆代表就是變更後的位\r\n      置，原告沒有表示意見，只表示他知道了等語（本院卷第\r\n      84-85頁），足證原告就系爭B1房屋於簽約後基地位置變\r\n      更一情已有所知悉，且未表示反對之意見。\r\n（二）觀諸系爭B1房屋變更前之配置圖（本院卷第17頁背面），\r\n      並對照地籍圖（本院卷第143頁），可知系爭B1房屋基地\r\n      變更前後方未規劃之土地為同段180-54、180-57、180-58\r\n      地號等土地（下稱系爭空地），而系爭空地均屬被告所有\r\n      之私人土地，有被告提出之土地登記謄本為證（本院卷第\r\n      144-149頁），是系爭空地並非○○○○二期之法定空地\r\n      或公有土地，且系爭空地被告原擬與合夥人乙○○興建\r\n      ○○○○三期公寓房屋出售一情，亦據證人乙○○於審理\r\n      時證稱：○○○○二期住宅是我跟被告合夥蓋的，系爭空\r\n      地不是法定空地，是我跟被告所有的，登記為被告的名下\r\n      ，原本打算要在系爭空地上蓋公寓大樓，後來因為公寓大\r\n      樓在那個時間不好銷售，所以變更了設計，在上面興建○\r\n      ○○○二期之透天房屋。變更設計之後，○○○○二期的\r\n      房屋戶數有增加編號D7之房屋等語明確（本院卷第152-15\r\n      4頁），足證系爭空地勢必會興建房屋，故不論系爭B1房\r\n      屋之基地位置有無變，被告有無變更○○○○二期之設計\r\n      ，系爭B1房屋之後方均會有相鄰房屋存在，故原告主張系\r\n      爭B1房屋原設計係三面採光，然因被告變更設計後新增編\r\n      號D7房屋，致使系爭B1房屋之後邊無法採光，變成兩面採\r\n      光云云，難認與事實相符，更無所謂原告所稱被告有違反\r\n      公平交易法第24條所規定之足以影響交易秩序之欺罔行為\r\n      。\r\n（三）關於系爭B1房屋西側無法開窗之原因，經本院提示被告提\r\n      出之○○○○二期變更設計前後之平面圖（見外放證物，\r\n      被證三、被證四）供證人即澎湖縣政府建築管理科人員丙\r\n      ○○閱覽辨識，丙某證稱：依照建築技術規則建築設計施\r\n      工篇第45條規定，距離地界線必須超過一公尺，才可以開\r\n      窗，依照被證三變更設計前之平面圖，系爭B1房屋西側距\r\n      離地界線不足一公尺，所以依照上開規定沒有辦法開窗。\r\n      變更之後，系爭B1房屋西側也是沒有開窗等語（本院卷第\r\n      86-87頁），可知系爭B1房屋之因西側邊牆距地界線未達1\r\n      公尺，依建築法規本不得有開窗之設計，故不論系爭B1房\r\n      屋基地位置變更前或變更後之建築平面圖上，西面均無開\r\n      窗之設計，原告主張因被告變更設計始造成系爭B1房屋西\r\n      側無法開窗云云，亦非可採。\r\n三、被告於銷售系爭B1房屋時，有無在銷售廣告上顯示系爭B1房\r\n    屋各層樓西側部份均有窗戶？被告是否應依消費者保護法之\r\n    規定，就其廣告所顯示之內容負契約責任？\r\n（一）按企業經營者應確保廣告內容之真實，其對消費者所負之\r\n      義務不得低於廣告之內容，消費者保護法第22條定有明文\r\n      。是以企業經營者與消費者間所訂定之契約，雖無廣告內\r\n      容記載，但消費者如因信賴廣告內容，而與企業經營者簽\r\n      訂契約時，企業經營者所負之契約責任應及於該廣告內容\r\n      （最高法院101年度台上字第246號判決要旨參照）。又所\r\n      謂消費者，指以消費為目的而為交易、使用商品或接受服\r\n      務者；而企業經營者，則指以設計、生產、製造、輸入、\r\n      經銷商品或提供服務為營業者，此觀消費者保護法第2條\r\n      第1、2款之立法解釋自明。本件被告係以「全富企業行」\r\n      名義，經營營造及銷售房屋為業之企業營經者，且其係以\r\n      自行規劃之廣告圖面及預先制定之定型化契約招攬不特定\r\n      購屋人訂購預售屋（見本院卷第5-8頁、第44頁），訂購\r\n      者僅能依被告單方提供之資訊得知房屋興建之狀況，決定\r\n      是否訂約。而原告向被告購買系爭B1房屋，係供最終自己\r\n      使用，並非為供轉售或其他業務生產之用，自屬以消費為\r\n      目的而為交易，其與被告間自屬消費關係，應受消費者保\r\n      護法之規範。\r\n（二）其次，所謂「廣告」，係指利用電視、廣播、影片、幻燈\r\n      片、報紙、雜誌、傳單、海報、招牌、牌坊、電腦、電話\r\n      傳真、電子視訊、電子語音或其他方法，可使不特定多數\r\n      人知悉其宣傳內容之傳播，消費者保護法施行細則第23條\r\n      定有明文。又內政部102年6月13日內授中辦地字第\r\n      00000000000號函公布之「不動產經紀業廣告處理原則」\r\n      第二條亦明示所稱「廣告」，包括廣告圖冊、模型在內。\r\n      原告主張被告銷售○○○○二期時，乃以系爭廣告單用以\r\n      宣傳銷售，且於訂約時復交付原告系爭示意圖一情，業據\r\n      證人甲○○於審理時證稱：我們就是依照系爭示意圖來代\r\n      銷，系爭廣告單是我們用來銷售的等語無誤（本院卷第86\r\n      頁），足見被告製作系爭廣告與系爭示意圖之目的確係用\r\n      於銷售系爭B1房屋時作為廣告宣傳，應屬消費者保護法所\r\n      規範之「廣告」，被告空言否認有交付系爭示意圖於原告\r\n      ，顯不足採，其就該廣告之內容自應負契約上之責任。\r\n（三）系爭廣告單上之建物圖片雖未能看出系爭B1房屋之一、二\r\n      、三、四層樓西面有無開窗，惟系爭示意圖中已顯示系爭\r\n      B1房屋各層樓西側部份均有窗戶之圖示，其圖形與其他三\r\n      戶邊間之房屋（即編號B7、C7、C1）之圖示相同，自足以\r\n      使消費者將示意圖與建物圖片作對等之聯想，足見被告以\r\n      廣告招攬原告購買之系爭B1房屋應如同系爭示意圖所顯示\r\n      之西側部分均有開窗之設計規劃，但被告實際所興建之系\r\n      爭B1房屋西側一、二、三、四層卻均為封閉未開窗之設計\r\n      ，已明顯與廣告內容不符。被告雖辯稱系爭廣告單顯示側\r\n      邊牆面有開窗設計者係更動前配置圖編號B7（更動後為B6\r\n      ）之房屋，而非系爭B1房屋，且系爭B1房屋之因側邊牆面\r\n      距地界線未達1公尺，依建築法規本不得有開窗之設計，\r\n      故不論系爭B1房屋基地位置變更前或變更後之建築平面圖\r\n      上，西面均無開窗之設計，另被告亦否認系爭示意圖中系\r\n      爭B1房屋側面一至四樓皆有開窗設計，亦否認該示意圖中\r\n      之圖示對照行政院公共工程製圖手冊製圖標準條例，為符\r\n      號代碼082063A之三拉窗云云，然原告為欠缺建築專業知\r\n      識之消費者，廣告內容中既已呈現邊間房屋鄰路部分有開\r\n      窗，自難思及另一側之邊間房屋會有不開窗之情形，且被\r\n      告訂約時所提供者僅系爭示意圖，建築平面圖乃被告用以\r\n      申請建照所用，原告實無從得知該平面圖之內容，更難查\r\n      覺平面圖與示意圖之差異，且系爭示意圖亦顯示系爭B1房\r\n      屋各層樓西側均有類似窗戶之圖示，其圖形與其他三戶邊\r\n      間之房屋（即編號B7、C7、C1）之圖形相同，參諸證人丙\r\n      ○○證述：由系爭示意圖來看，不能確定系爭B1房屋鄰路\r\n      部分是否開窗，如果照我看是沒有開窗，可能有一點誤導\r\n      ，B7也看不出來等語（本院卷第87頁），足證非專業的消\r\n      費者確實會因系爭示意圖之圖形遭受誤導，而認為系爭B1\r\n      房屋西側部分有開窗，故被告自應依據系爭廣告及示意圖\r\n      所顯示之內容負契約上責任，就其所興建完成之系爭B1房\r\n      屋西側應有開窗之設計，始符合系爭買賣契約之約定，被\r\n      告前開所辯，不足採信。\r\n四、按物之出賣人對於買受人，應擔保其物依第373條之規定危\r\n    險移轉於買受人時無滅失或減少其價值之瑕疵，亦無滅失或\r\n    減少其通常效用或契約預定效用之瑕疵。但減少之程度，無\r\n    關重要者，不得視為瑕疵。出賣人並應擔保其物於危險移轉\r\n    時，具有其所保證之品質。又買賣因物有瑕疵，而出賣人依\r\n    前五條之規定，應負擔保之責者，買受人得請求解除契約或\r\n    減少其價金，民法第354條、第359條前段分別定有明文。如\r\n    前所述，興建完成之系爭B1房屋西側未設窗戶及任何開口，\r\n    與系爭買賣契約之約定不符，此情形自然會使系爭B 1房屋\r\n    之採光、通風、視野受到相當之影響，而屬有減少其價值之\r\n    瑕疵，揆諸前開規定，原告請求減少價金，自屬有據。本件\r\n    經送請○○事務所鑑定之結果，認為系爭房屋在變更設計後\r\n    ，考量其採光通風的改變、視野景觀的改變、臨街面與開闊\r\n    程度、使用的方便性與隱私性、有無開窗所受之損害，綜合\r\n    分析之結果，其價值減損之金額為1,359,225元，而其中採\r\n    光通風的改變、視野景觀的改變、臨街面與開闊程度等項目\r\n    所減損之金額分別為248,638元、248,639元、248,639元，\r\n    使用的方便性與隱私性、有無開窗等項目所減損之金額各為\r\n    306,655元，此有外放鑑定報告一份以及○○事務所104年1\r\n    月27日遠澎估字第0000000000號函在卷可佐（本院卷第250\r\n    -252頁）。本院斟酌上開鑑定意見中有關採光通風的改變、\r\n    視野景觀的改變、臨街面與開闊程度、使用的方便性與隱私\r\n    性等項目，均一併考量系爭B1房屋後方在變更設計前原為空\r\n    地之情況，惟系爭B1房屋之後方本即會有相鄰房屋存在，實\r\n    際上不可能三面採光，亦無法享有後方空地之開闊與方便性\r\n    ，已如前述，故此部分價值之減損應非可歸責於被告，本院\r\n    認上開四個項目所減損之價值中僅一半屬於系爭B1房屋西側\r\n    未開窗所造成之價值減損，故系爭B1房屋因西側未開窗所減\r\n    損之價值應為832,941元【（248,638+248,639+248,639+\r\n    306,655）/2+306,655=832,941，小數點以下四捨五入】。\r\n    是原告請求確認原告與被告間就系爭買賣契約價金\r\n    14,800,000中，被告對原告之832,941元之價款請求權不存\r\n    在，為有理，應予准許，逾此部分之請求為無理由，應予駁\r\n    回。\r\n五、結論：原告之訴為一部有理由、一部無理由，依民事訴訟法\r\n    第79 條，判決如主文。\r\n\r\n中    華    民    國   104    年    2     月    26    日\r\n\r\n                        民事庭  法  官  吳宏榮    \r\n\r\n以上正本係照原本作成。\r\n如對本判決上訴，須於判決送達後廿日內向本院提出上訴狀。\r\n如委任律師提起上訴者，應一併繳納上訴審裁判費。\r\n\r\n中    華    民    國   104    年    2     月    26    日\r\n\r\n                                書記官  楊依靚","type":"判決","historyHash":"e80e91921b1ef9218dc83cc5ebb192c9","mainText":"確認原告與被告間就坐落澎湖縣馬公市○○段○○○○○○地號土地上戶號B1不動產所訂立之買賣契約之買賣價金新台幣壹仟肆佰捌拾萬元中，被告對原告之新台幣捌拾參萬貳仟玖佰肆拾壹元之價款請求權不存在。\n原告其餘之訴駁回。\n訴訟費用由被告負擔二分之一，餘由原告負擔。","opinion":"丙、得心證之理由\n一、原告主張兩造於100年4月28日簽訂系爭買賣契約，由原告向被告以14,800,000元之價格購買系爭B1房屋，系爭B1房屋之基地位置於簽約後有所變更，變更前後之位置詳如配置圖（本院卷第17頁背面-第18頁）所示一情，業據其提出系爭買賣契約書及配置圖為證（本院卷第1-9頁、第17頁背面-18頁），並為被告所不爭執，堪信為實。惟原告主張被告擅自變更設計，並將系爭B1房屋之基地位置移位，造成無法三面採光及西側邊無法開窗之瑕疵，且其設計規劃與被告招攬之廣告不同，違反消費者保護法第22條之規定，應負買賣契約之瑕疵擔保責任一節，則為被告所否認，茲就兩造爭點論述如下。\n二、系爭B1房屋基地位置之變更是否經原告同意？此基地位置之變更是否造成系爭房屋無法三面採光，並使得系爭房屋西側因此不能設窗戶及任何開口？\n（一）證人即受被告委託銷售系爭B1房屋之○○房屋仲介人員甲○○於審理時證稱：○○○○二期的房屋透過我們成交有好幾戶，系爭B1房屋也是由我們仲介成交。成交前是我們營業員帶原告到現場，簽約是在我們公司簽約，簽約以後，有變更設計，變更設計後是由我跟我們公司業務員帶同原告到現場，告知位置有變更。我們業務員丁○○有交付變更後的配置圖給原告，被告也已經先在就變更後的位置先噴上紅漆，並當場告訴原告這紅漆代表就是變更後的位置，原告沒有表示意見，只表示他知道了等語（本院卷第84-85頁），足證原告就系爭B1房屋於簽約後基地位置變更一情已有所知悉，且未表示反對之意見。\n（二）觀諸系爭B1房屋變更前之配置圖（本院卷第17頁背面），並對照地籍圖（本院卷第143頁），可知系爭B1房屋基地變更前後方未規劃之土地為同段180-54、180-57、180-58地號等土地（下稱系爭空地），而系爭空地均屬被告所有之私人土地，有被告提出之土地登記謄本為證（本院卷第144-149頁），是系爭空地並非○○○○二期之法定空地或公有土地，且系爭空地被告原擬與合夥人乙○○興建○○○○三期公寓房屋出售一情，亦據證人乙○○於審理時證稱：○○○○二期住宅是我跟被告合夥蓋的，系爭空地不是法定空地，是我跟被告所有的，登記為被告的名下，原本打算要在系爭空地上蓋公寓大樓，後來因為公寓大樓在那個時間不好銷售，所以變更了設計，在上面興建○○○○二期之透天房屋。變更設計之後，○○○○二期的房屋戶數有增加編號D7之房屋等語明確（本院卷第152-15 4頁），足證系爭空地勢必會興建房屋，故不論系爭B1房屋之基地位置有無變，被告有無變更○○○○二期之設計，系爭B1房屋之後方均會有相鄰房屋存在，故原告主張系爭B1房屋原設計係三面採光，然因被告變更設計後新增編號D7房屋，致使系爭B1房屋之後邊無法採光，變成兩面採光云云，難認與事實相符，更無所謂原告所稱被告有違反公平交易法第24條所規定之足以影響交易秩序之欺罔行為。\n（三）關於系爭B1房屋西側無法開窗之原因，經本院提示被告提出之○○○○二期變更設計前後之平面圖（見外放證物，被證三、被證四）供證人即澎湖縣政府建築管理科人員丙○○閱覽辨識，丙某證稱：依照建築技術規則建築設計施工篇第45條規定，距離地界線必須超過一公尺，才可以開窗，依照被證三變更設計前之平面圖，系爭B1房屋西側距離地界線不足一公尺，所以依照上開規定沒有辦法開窗。\n      變更之後，系爭B1房屋西側也是沒有開窗等語（本院卷第86-87頁），可知系爭B1房屋之因西側邊牆距地界線未達1公尺，依建築法規本不得有開窗之設計，故不論系爭B1房屋基地位置變更前或變更後之建築平面圖上，西面均無開窗之設計，原告主張因被告變更設計始造成系爭B1房屋西側無法開窗云云，亦非可採。\n三、被告於銷售系爭B1房屋時，有無在銷售廣告上顯示系爭B1房屋各層樓西側部份均有窗戶？被告是否應依消費者保護法之規定，就其廣告所顯示之內容負契約責任？\n（一）按企業經營者應確保廣告內容之真實，其對消費者所負之義務不得低於廣告之內容，消費者保護法第22條定有明文。是以企業經營者與消費者間所訂定之契約，雖無廣告內容記載，但消費者如因信賴廣告內容，而與企業經營者簽訂契約時，企業經營者所負之契約責任應及於該廣告內容（最高法院101年度台上字第246號判決要旨參照）。又所謂消費者，指以消費為目的而為交易、使用商品或接受服務者；而企業經營者，則指以設計、生產、製造、輸入、經銷商品或提供服務為營業者，此觀消費者保護法第2條第1、2款之立法解釋自明。本件被告係以「全富企業行」名義，經營營造及銷售房屋為業之企業營經者，且其係以自行規劃之廣告圖面及預先制定之定型化契約招攬不特定購屋人訂購預售屋（見本院卷第5-8頁、第44頁），訂購者僅能依被告單方提供之資訊得知房屋興建之狀況，決定是否訂約。而原告向被告購買系爭B1房屋，係供最終自己使用，並非為供轉售或其他業務生產之用，自屬以消費為目的而為交易，其與被告間自屬消費關係，應受消費者保護法之規範。\n（二）其次，所謂「廣告」，係指利用電視、廣播、影片、幻燈片、報紙、雜誌、傳單、海報、招牌、牌坊、電腦、電話傳真、電子視訊、電子語音或其他方法，可使不特定多數人知悉其宣傳內容之傳播，消費者保護法施行細則第23條定有明文。又內政部102年6月13日內授中辦地字第00000000000號函公布之「不動產經紀業廣告處理原則」第二條亦明示所稱「廣告」，包括廣告圖冊、模型在內。\n      原告主張被告銷售○○○○二期時，乃以系爭廣告單用以宣傳銷售，且於訂約時復交付原告系爭示意圖一情，業據證人甲○○於審理時證稱：我們就是依照系爭示意圖來代銷，系爭廣告單是我們用來銷售的等語無誤（本院卷第86頁），足見被告製作系爭廣告與系爭示意圖之目的確係用於銷售系爭B1房屋時作為廣告宣傳，應屬消費者保護法所規範之「廣告」，被告空言否認有交付系爭示意圖於原告，顯不足採，其就該廣告之內容自應負契約上之責任。\n（三）系爭廣告單上之建物圖片雖未能看出系爭B1房屋之一、二、三、四層樓西面有無開窗，惟系爭示意圖中已顯示系爭B1房屋各層樓西側部份均有窗戶之圖示，其圖形與其他三戶邊間之房屋（即編號B7、C7、C1）之圖示相同，自足以使消費者將示意圖與建物圖片作對等之聯想，足見被告以廣告招攬原告購買之系爭B1房屋應如同系爭示意圖所顯示之西側部分均有開窗之設計規劃，但被告實際所興建之系爭B1房屋西側一、二、三、四層卻均為封閉未開窗之設計，已明顯與廣告內容不符。被告雖辯稱系爭廣告單顯示側邊牆面有開窗設計者係更動前配置圖編號B7（更動後為B6）之房屋，而非系爭B1房屋，且系爭B1房屋之因側邊牆面距地界線未達1公尺，依建築法規本不得有開窗之設計，故不論系爭B1房屋基地位置變更前或變更後之建築平面圖上，西面均無開窗之設計，另被告亦否認系爭示意圖中系爭B1房屋側面一至四樓皆有開窗設計，亦否認該示意圖中之圖示對照行政院公共工程製圖手冊製圖標準條例，為符號代碼082063A之三拉窗云云，然原告為欠缺建築專業知識之消費者，廣告內容中既已呈現邊間房屋鄰路部分有開窗，自難思及另一側之邊間房屋會有不開窗之情形，且被告訂約時所提供者僅系爭示意圖，建築平面圖乃被告用以申請建照所用，原告實無從得知該平面圖之內容，更難查覺平面圖與示意圖之差異，且系爭示意圖亦顯示系爭B1房屋各層樓西側均有類似窗戶之圖示，其圖形與其他三戶邊間之房屋（即編號B7、C7、C1）之圖形相同，參諸證人丙○○證述：由系爭示意圖來看，不能確定系爭B1房屋鄰路部分是否開窗，如果照我看是沒有開窗，可能有一點誤導，B7也看不出來等語（本院卷第87頁），足證非專業的消費者確實會因系爭示意圖之圖形遭受誤導，而認為系爭B1房屋西側部分有開窗，故被告自應依據系爭廣告及示意圖所顯示之內容負契約上責任，就其所興建完成之系爭B1房屋西側應有開窗之設計，始符合系爭買賣契約之約定，被告前開所辯，不足採信。\n四、按物之出賣人對於買受人，應擔保其物依第373條之規定危險移轉於買受人時無滅失或減少其價值之瑕疵，亦無滅失或減少其通常效用或契約預定效用之瑕疵。但減少之程度，無關重要者，不得視為瑕疵。出賣人並應擔保其物於危險移轉時，具有其所保證之品質。又買賣因物有瑕疵，而出賣人依前五條之規定，應負擔保之責者，買受人得請求解除契約或減少其價金，民法第354條、第359條前段分別定有明文。如前所述，興建完成之系爭B1房屋西側未設窗戶及任何開口，與系爭買賣契約之約定不符，此情形自然會使系爭B 1房屋之採光、通風、視野受到相當之影響，而屬有減少其價值之瑕疵，揆諸前開規定，原告請求減少價金，自屬有據。本件經送請○○事務所鑑定之結果，認為系爭房屋在變更設計後，考量其採光通風的改變、視野景觀的改變、臨街面與開闊程度、使用的方便性與隱私性、有無開窗所受之損害，綜合分析之結果，其價值減損之金額為1,359,225元，而其中採光通風的改變、視野景觀的改變、臨街面與開闊程度等項目所減損之金額分別為248,638元、248,639元、248,639元，使用的方便性與隱私性、有無開窗等項目所減損之金額各為306,655元，此有外放鑑定報告一份以及○○事務所104年1月27日遠澎估字第0000000000號函在卷可佐（本院卷第250-252頁）。本院斟酌上開鑑定意見中有關採光通風的改變、視野景觀的改變、臨街面與開闊程度、使用的方便性與隱私性等項目，均一併考量系爭B1房屋後方在變更設計前原為空地之情況，惟系爭B1房屋之後方本即會有相鄰房屋存在，實際上不可能三面採光，亦無法享有後方空地之開闊與方便性，已如前述，故此部分價值之減損應非可歸責於被告，本院認上開四個項目所減損之價值中僅一半屬於系爭B1房屋西側未開窗所造成之價值減損，故系爭B1房屋因西側未開窗所減損之價值應為832,941元【（248,638+248,639+248,639+306,655）/2+306,655=832,941，小數點以下四捨五入】。\n    是原告請求確認原告與被告間就系爭買賣契約價金14,800,000中，被告對原告之832,941元之價款請求權不存在，為有理，應予准許，逾此部分之請求為無理由，應予駁回。\n五、結論：原告之訴為一部有理由、一部無理由，依民事訴訟法第79 條，判決如主文。","relatedIssues":[{"lawName":"公平交易法","issueRef":"24"},{"lawName":"公平交易法","issueRef":"24"},{"lawName":"公平交易法","issueRef":"24"},{"lawName":"民事訴訟法","issueRef":"79"},{"lawName":"民事訴訟法","issueRef":"247"},{"lawName":"民事訴訟法","issueRef":"247 1"},{"lawName":"民法","issueRef":"354"},{"lawName":"民法","issueRef":"354"},{"lawName":"民法","issueRef":"359"},{"lawName":"民法","issueRef":"359"},{"lawName":"消費者保護法","issueRef":"2 1 1"},{"lawName":"消費者保護法","issueRef":"2 1 2"},{"lawName":"消費者保護法","issueRef":"22"},{"lawName":"消費者保護法","issueRef":"22"},{"lawName":"消費者保護法","issueRef":"22"},{"lawName":"消費者保護法施行細則","issueRef":"23"}],"party":[{"group":["plaintiff"],"title":"原告","value":"陳立真"},{"group":["plaintiff","agentAdLitem","lawyer"],"title":"訴訟代理人","value":"陳純仁律師"},{"group":["defendant"],"title":"被告","value":"洪敏政即全富企業行"},{"group":["defendant","agentAdLitem","lawyer"],"title":"訴訟代理人","value":"許文贊律師"}]}
