{"court":"臺灣澎湖地方法院","date":"2018-11-15T00:00:00+08:00","no":"107,家救,12","sys":"民事","reason":"訴訟救助","judgement":"臺灣澎湖地方法院民事裁定　　　　　　 107年度家救字第12號\r\n聲　請　人　董俊卿　\r\n\r\n訴訟代理人　毛鈺棻律師(法扶律師)　　　　　　\r\n相　對　人　葉喬豔　\r\n\r\n上列當事人間請求訴訟救助事件，聲請調解，本院裁定如下：\r\n    主  文\r\n准予訴訟救助。\r\n    理  由\r\n一、按當事人無資力支出訴訟費用者，法院應依聲請，以裁定准\r\n    予訴訟救助。但顯無勝訴之望者，不在此限。法院認定前項\r\n    資力時，應斟酌當事人及其共同生活親屬基本生活之需要，\r\n    民事訴訟法第107 條定有明文。又經分會准許法律扶助之無\r\n    資力者，其於訴訟或非訟程序中，向法院聲請訴訟救助時，\r\n    除顯無理由者外，應准予訴訟救助，不受民事訴訟法第108\r\n    條規定之限制，亦為法律扶助法第63條所明定。\r\n二、經查，聲請人與相對人間請求離婚等事件，聲請人業經向財\r\n    團法人法律扶助基金會澎湖分會申請核准扶助在案，此有聲\r\n    請人所提出之該會審查表為證，並經本院依職權調閱本院10\r\n    7 年度家調補字第55號家事卷核閱無誤，本院認聲請人所釋\r\n    明其無資力乙節，應可認定。又聲請人請求離婚等事件，為\r\n    形式審查之結果，亦非顯無勝訴之望。從而，聲請人聲請訴\r\n    訟救助，符合前揭民事訴訟法第107 條第1 項及法律扶助法\r\n    第63條規定，故應予准許。\r\n三、爰裁定如主文。\r\n中    華    民    國   107    年    11    月    15    日\r\n                      家事法庭  法  官  吳宏榮\r\n以上正本係照原本作成。\r\n如對本裁定抗告，須於裁定送達後10日之不變期間內，向本院提\r\n出抗告狀，並繳納抗告費新臺幣1,000元。\r\n中    華    民    國   107    年    11    月    15    日\r\n                                書記官  莊心羽","type":"裁定","historyHash":"","mainText":"准予訴訟救助。","opinion":"二、經查，聲請人與相對人間請求離婚等事件，聲請人業經向財團法人法律扶助基金會澎湖分會申請核准扶助在案，此有聲請人所提出之該會審查表為證，並經本院依職權調閱本院10 7 年度家調補字第55號家事卷核閱無誤，本院認聲請人所釋明其無資力乙節，應可認定。又聲請人請求離婚等事件，為形式審查之結果，亦非顯無勝訴之望。從而，聲請人聲請訴訟救助，符合前揭民事訴訟法第107 條第1 項及法律扶助法第63條規定，故應予准許。\n三、爰裁定如主文。","relatedIssues":[{"lawName":"民事訴訟法","issueRef":"107"},{"lawName":"民事訴訟法","issueRef":"107 1"},{"lawName":"民事訴訟法","issueRef":"108"},{"lawName":"法律扶助法","issueRef":"63"},{"lawName":"法律扶助法","issueRef":"63"}],"party":[{"group":["plaintiff"],"title":"聲請人","value":"董俊卿"},{"group":["plaintiff","agentAdLitem","lawyer"],"title":"訴訟代理人","value":"毛鈺棻律師"},{"group":[],"title":"相對人","value":"葉喬豔"}]}
