{"court":"臺灣澎湖地方法院","date":"2008-07-10T00:00:00+08:00","no":"97,家救,12","sys":"民事","reason":"訴訟救助","judgement":"臺灣澎湖地方法院民事裁定　　　　　　　97年度家救字第12號\r\n聲　請　人　甲○○\r\n代　理　人　黃見志律師\r\n相　對　人　乙○○\r\n　　　　　　　　　　　現於臺灣澎湖監獄執行中\r\n上列聲請人與相對人間改定監護權事件，聲請人聲請訴訟救助，\r\n本院裁定如下：\r\n    主  文\r\n准予訴訟救助。\r\n    理  由\r\n一、按當事人無資力支出訴訟費用者，法院應依聲請，以裁定准\r\n    予訴訟救助，民事訴訟法第107條第1項前段定有明文。次按\r\n    無資力者，得申請法律扶助；經分會准予法律扶助之無資力\r\n    者，其於訴訟程序中，向法院聲請訴訟救助時，應准予訴訟\r\n    救助，法律扶助法第13條、第62條前段亦分別定有明文。\r\n二、本件聲請人以其與相對人間改定監護權事件，無資力支出訴\r\n    訟費用，向財團法人法律扶助基金會澎湖分會申請法律扶助\r\n    獲准，為此爰依民事訴訟法第107條，法律扶助法第62條之\r\n    規定，向本院聲請訴訟救助，有財團法人法律扶助基金會專\r\n    用委任狀、審查表、聲請人財產資料等影本為證。\r\n三、本件聲請核無不合，應予准許，爰依民事訴訟法第107條第1\r\n    項前段，裁定如主文。\r\n中　　華　　民　　國　　97　　年　　7 　　月　　10　　日\r\n                        民事庭  法  官  李宛玲\r\n以上正本係照原本作成。\r\n如對本裁定抗告，須於裁定送達後之翌日起10日內向本院提出抗\r\n告狀（須附繕本），並應繳納抗告費新臺幣1,000元。\r\n中　　華　　民　　國　　97　　年　　7 　　月　　10　　日\r\n                                書記官　王耀煌\r\n","type":"裁定","historyHash":"","mainText":"准予訴訟救助。","opinion":"一、按當事人無資力支出訴訟費用者，法院應依聲請，以裁定准予訴訟救助，民事訴訟法第107條第1項前段定有明文。次按無資力者，得申請法律扶助；經分會准予法律扶助之無資力者，其於訴訟程序中，向法院聲請訴訟救助時，應准予訴訟救助，法律扶助法第13條、第62條前段亦分別定有明文。\n二、本件聲請人以其與相對人間改定監護權事件，無資力支出訴訟費用，向財團法人法律扶助基金會澎湖分會申請法律扶助獲准，為此爰依民事訴訟法第107條，法律扶助法第62條之規定，向本院聲請訴訟救助，有財團法人法律扶助基金會專用委任狀、審查表、聲請人財產資料等影本為證。\n三、本件聲請核無不合，應予准許，爰依民事訴訟法第107條第1項前段，裁定如主文。","relatedIssues":[{"lawName":"民事訴訟法","issueRef":"107"},{"lawName":"民事訴訟法","issueRef":"107 1"},{"lawName":"民事訴訟法","issueRef":"107 1"},{"lawName":"法律扶助法","issueRef":"13"},{"lawName":"法律扶助法","issueRef":"62"},{"lawName":"法律扶助法","issueRef":"62"}],"party":[{"group":["plaintiff"],"title":"聲請人","value":"甲○○"},{"group":["plaintiff","agentAdLitem","lawyer"],"title":"代理人","value":"黃見志律師"},{"group":[],"title":"相對人","value":"乙○○"},{"group":[],"title":"相對人","value":"現於臺灣澎湖監獄執行中"}]}
