{"court":"臺灣澎湖地方法院","date":"2018-05-03T00:00:00+08:00","no":"107,司促,437","sys":"民事","reason":"支付命令","judgement":"臺灣澎湖地方法院支付命令　　　　　　107年度司促字第437號\r\n債　權　人　滙豐（台灣）商業銀行股份有限公司\r\n法定代理人　黃碧娟\r\n債　務　人　顏宏銘\r\n一、債務人應向債權人給付新臺幣肆萬壹仟零捌拾壹元，及其中\r\n　　新臺幣參萬伍仟伍佰伍拾伍元，自民國九十三年八月二十八\r\n　　日起至清償日止，按年息百分之十五計算之利息，並賠償督\r\n　　促程序費用新臺幣伍佰元，否則應於本命令送達後二十日之\r\n　　不變期間內，向本院提出異議。\r\n二、債權人請求之原因事實：\r\n　　（一）、聲請人滙豐（台灣）商業銀行股份有限公司【下稱\r\n　　「滙豐（台灣）」】業於民國（下同）99年05月01日依企業\r\n　　併購法有關分割規定，將香港上海滙豐銀行在台分行部分營\r\n　　業、資產及負債分割予滙豐（台灣）商業銀行股份有限公司\r\n　　。依行政院金融監督管理委員會99年3月22日金管銀外字第0\r\n　　9950000770號函令，核准在案。並依金融機構合併法第18條\r\n　　之規定，於99年05月01日起連續五日將債權分割之通知，公\r\n　　告在經濟日報A14版。是本案之債權業已合法分割讓予，特\r\n　　此敘明。\r\n　　（二）、緣債務人與債權人訂立信用卡契約，並持有債權人\r\n　　所發行之國際信用卡，卡號：0000000000000000\r\n　　。案經債權人數次通知其前來履行，未獲全數清償，故債務\r\n　　人顯有故意違約之實，確有督促其履行之必要。\r\n　　（三）、依前簽訂之契約第十五條之規定：各筆循環信用之\r\n　　計算，係將每筆「得計入循環信用本金之帳款」，自各筆帳\r\n　　款入帳日起，以年息百分之十五按日計算至該筆帳款結清之\r\n　　日止﹝元以下四捨五入﹞。本件係請求給付一定數量之金錢\r\n　　債務，為此特依民事訴訟法第五百零八條之規定，狀請鈞院\r\n　　鑒核，依督促程序迅速賜支付命令，以維權益，實為法便。\r\n　　（四）、聲請人請求若因不獲會晤應受送達人，亦無有辨別\r\n　　事理能力之同居人或受僱人可代為收受，請求郵務機關遂以\r\n　　寄存送達方式，將系爭支付命令寄存於送達地之警察機關依\r\n　　據民事訴訟法第138條為寄存送達之。\r\n　　釋明文件：申請書\r\n三、債務人未於不變期間內提出異議時，債權人得依法院核發之\r\n　　支付命令及確定證明書聲請強制執行。\r\n中　　華　　民　　國　 107　　年　　5　　 月　　3　　 日\r\n　　　　　　　　　　　　民事庭　司法事務官\r\n◎附註：\r\n一、債權人、債務人如於事後遞狀均請註明案號、股別。\r\n二、債權人應於收受支付命令後5日內，提出債務人最新戶籍謄\r\n　　本（記事欄勿省略），以核對支付命令是否合法送達債務人\r\n　　；如債務人係法人，則應提出法人最近登記資料（例如公司\r\n　　設立變更登記事項表）及法定代理人最新戶籍謄本（記事欄\r\n　　勿省略），以核對是否合法送達。（否則無法核發確定證明\r\n　　書）\r\n三、債務人於收受本支付命令後，如認支付命令所述之債權或其\r\n　　金額，有虛偽不實或錯誤情事者，應即向本院聲明異議，切\r\n　　勿認本件支付命令係詐騙手法而置之不理，致支付命令因逾\r\n　　期未聲明異議，可據為強制執行之執行名義，進而所有財產\r\n　　（諸如不動產、存款、薪水）遭受法院查封或拍賣之強制執\r\n　　行。本院非訟中心之聯絡電話(00)0000000分機212。\r\n四、案件一經確定，本院依職權逕行核發確定證明書，債權人毋\r\n　　庸另行聲請。","type":"","historyHash":"","mainText":"","opinion":"","relatedIssues":[{"lawName":"民事訴訟法","issueRef":"138"},{"lawName":"民事訴訟法","issueRef":"508"},{"lawName":"金融機構合併法","issueRef":"18"}],"party":[{"group":[],"title":"債權人","value":"滙豐"},{"group":[],"title":"法定代理人","value":"黃碧娟"},{"group":[],"title":"債務人","value":"顏宏銘"}]}
