{"court":"臺灣澎湖地方法院","date":"2018-06-05T00:00:00+08:00","no":"107,訴,18","sys":"民事","reason":"確認債權關係不存在","judgement":"臺灣澎湖地方法院民事判決　　　　　　　 107年度訴字第18號\r\n原　　　告　吳麗卿\r\n　　　　　　吳麗靜\r\n　　　　　　吳麗莉\r\n　　　　　　吳麗珊\r\n　　　　　　李重諺\r\n　　　　　　翁宥淞\r\n　　　　　　翁秋雲\r\n　　　　　　吳瑞祥\r\n　　　　　　王麗香\r\n　　　　　　王麗秀\r\n共　　　同\r\n訴訟代理人　謝易澄律師\r\n被　　　告　澎湖區漁會\r\n法定代理人　歐英豐\r\n訴訟代理人　歐仁富\r\n上列當事人間請求確認債權不存在事件，本院於民國107年5月22\r\n日言詞辯論終結，判決如下：\r\n    主      文\r\n確認被告對原告所有本金新臺幣壹佰伍拾萬元，及自民國八十年\r\n五月十六日起至清償日止，按週年利率百分之十二點五計算之利\r\n息，暨自民國八十年六月十七日起至清償日止，逾期在六個月內\r\n者，按上開利率百分之十，超過六個月者，按上開利率百分之二\r\n十計算之違約金之債權逾吳清泉遺產範圍部分不存在。\r\n訴訟費用由被告負擔。\r\n    事實及理由\r\n壹、程序方面：\r\n    按確認法律關係之訴，非原告有即受確認判決之法律上利益\r\n    者，不得提起之，民事訴訟法第247條第1項定有明文。所謂\r\n    即受確認判決之法律上利益，係指法律關係存否不明確，原\r\n    告在法律上之地位有不安之狀態存在或受侵害之危險，而此\r\n    種不安之狀態或危險，能以確認判決除去者而言（最高法院\r\n    52年台上字第1240號判例要旨參照）。本件原告主張被告對\r\n    原告之債權，於逾原告繼承被繼承人吳○○之遺產範圍部分\r\n    不存在，為被告所否認，則兩造間就原告繼承吳○○遺產範\r\n    圍部分以外之債權債務關係是否存在即屬不明，原告就前開\r\n    部分之債權是否仍具有債務人之法律上地位有不安之狀態，\r\n    且得以確認判決除去，是原告提起本件訴訟，自有即受確認\r\n    判決之法律上利益，合先敘明。\r\n貳、實體方面：\r\n一、原告主張：訴外人吳○○前於民國80年3月16日向被告借款\r\n    新臺幣（下同）150萬元，另邀吳○○擔任連帶保證人，並\r\n    由吳○○提供坐落澎湖縣○○市○○○段000○000地號土地\r\n    (下稱280、281地號土地)為擔保。而吳○○旋於80年5月16\r\n    日起即未攤還借款本息，積欠本金150萬元及自80年5月16日\r\n    起至清償日止，按年息12.5%計算之利息，暨自同年6月17日\r\n    起至清償日止，逾期在6個月內者，按上開利率10%，超過6\r\n    個月者，按上開利率20%計算之違約金之債權（下稱系爭保\r\n    證債務或系爭保證債權）。又吳○○已於81年8月15日死亡\r\n    ，系爭保證債務雖於繼承開始前已發生代負履行責任，然依\r\n    民法繼承編施行法第1條之3第2項之規定，原告應僅就繼承\r\n    吳○○之遺產範圍內為限，負清償責任，甚且原告並未與吳\r\n    ○○同財共居，於繼承開始時並不知悉系爭保證債務存在，\r\n    況原告亦未繼承吳○○任何遺產，倘令原告繼續履行系爭保\r\n    證債務，實有顯失公平之處，為此，請求確認在繼承被繼承\r\n    人吳清泉之遺產範圍內對被告負清償責任等語。並聲明：如\r\n    主文第一項所示。\r\n二、被告則以：吳○○於81年8月15日過世，第一順位繼承人皆\r\n    拋棄繼承，由被告代辦繼承，故本件原告於84年起應已知悉\r\n    繼承之土地及債務，自不得主張民法繼承編施行法第1條之3\r\n    「第4項」之適用。又原告既未於法定期間內聲明限定或拋\r\n    棄繼承，依民法第1148條、第1153條之規定，應繼承吳○○\r\n    之財產及債務等語，資為抗辯。並聲明：原告之訴駁回。\r\n三、得心證之理由：\r\n  (一)原告之祖父吳○○前於80年3月16日擔任主債務人吳○○向\r\n    被告借款150萬元之連帶保證人，並提供其所有之280、281\r\n    地號土地為擔保，嗣吳○○於81年8月15日死亡，原告未辦\r\n    理拋棄或限定繼承，而吳○○自80年5月16日起即滯納應繳\r\n    之本息，積欠本金150萬元，及自80年5月16日起至清償日止\r\n    ，按年息12.5%計算之利息，暨自80年6月17日起至清償日止\r\n    ，逾期在6個月內者，按上開利率10%，超過6個月者，按上\r\n    開利率20%計算之違約金等情，為兩造所不爭執，復有吳○\r\n    ○之除戶戶籍謄本、繼承系統表、借據等件在卷可稽，堪信\r\n    為真實。\r\n  (二)按繼承在民法繼承編中華民國98年5月22日修正施行前開始\r\n    ，繼承人對於繼承開始以前已發生代負履行責任之保證契約\r\n    債務，以所得遺產為限，負清償責任。但債權人證明顯失公\r\n    平者，不在此限，民法繼承編施行法第1條之3第2項定有明\r\n    文。查吳○○於81年8月15日死亡，主債務人吳○○於80年5\r\n    月16日起即滯納借款本息，業如前述，堪認原告於吳○○81\r\n    年8月15日死亡時即開始繼承吳○○之債務，而該保證債務\r\n    係於繼承開始前之80年5月16日即發生保證人吳○○需代負\r\n    履行責任之情形，故原告對被告所負之債務即屬於繼承開始\r\n    以前，已發生代負履行責任之保證契約債務，自有前揭民法\r\n    繼承編施行法第1條之3第2項規定之適用。又原告等人為被\r\n    繼承人吳○○之孫，僅係第一順位親等遠者之繼承人，且原\r\n    告陳明：未有於求學、分居或營業時，於吳○○處取得財產\r\n    等語，是原告並未曾於吳○○生前取得任何財產，本院並審\r\n    酌被告曾就系爭保證債務，實行抵押權拍賣280、281地號土\r\n    地獲償2,892,617元，有本院107年1月17日強制執行金額分\r\n    配表可參，另衡諸民法繼承編及其施行法之修正意旨，係為\r\n    保護繼承人，避免因繼承保證契約債務，致影響其財產權及\r\n    生存權與人格發展，加以修法理由已提及「債權人須舉證證\r\n    明繼承人以所得遺產為限負清償責任，顯失公平者，繼承人\r\n    始不以所得遺產為限，負清償責任」，是復未據被告舉證證\r\n    明原告以所得遺產為限，負清償責任，屬顯失公平。從而，\r\n    原告主張本件應有前開民法繼承編施行法第1條之3第2項本\r\n    文之適用，應屬有據。\r\n四、綜上所述，原告依民法繼承編施行法第1條之3第2項規定，\r\n    主張僅以繼承吳○○所得之遺產為限，清償系爭保證債務，\r\n    為有理由，應予准許。\r\n五、本件事證已臻明確，兩造其餘攻擊防禦方法及所提之證據，\r\n    經核與判決之結果不生影響，爰不逐一論述，附此敘明。\r\n六、訴訟費用負擔之依據：民事訴訟法第78條。\r\n中    華    民    國   107    年     6     月    5    日\r\n                  民事庭  法  官  王政揚\r\n以上正本係照原本作成。\r\n如對本判決上訴，須於判決送達後20日內向本院提出上訴狀。如\r\n委任律師提起上訴者，應一併繳納上訴審裁判費。\r\n中    華    民    國   107    年     6     月    5    日\r\n                          書記官  林映君","type":"判決","historyHash":"","mainText":"確認被告對原告所有本金新臺幣壹佰伍拾萬元，及自民國八十年五月十六日起至清償日止，按週年利率百分之十二點五計算之利息，暨自民國八十年六月十七日起至清償日止，逾期在六個月內者，按上開利率百分之十，超過六個月者，按上開利率百分之二十計算之違約金之債權逾吳清泉遺產範圍部分不存在。\n訴訟費用由被告負擔。","opinion":"三、得心證之理由：\n  (一)原告之祖父吳○○前於80年3月16日擔任主債務人吳○○向被告借款150萬元之連帶保證人，並提供其所有之280、281地號土地為擔保，嗣吳○○於81年8月15日死亡，原告未辦理拋棄或限定繼承，而吳○○自80年5月16日起即滯納應繳之本息，積欠本金150萬元，及自80年5月16日起至清償日止，按年息12.5%計算之利息，暨自80年6月17日起至清償日止，逾期在6個月內者，按上開利率10%，超過6個月者，按上開利率20%計算之違約金等情，為兩造所不爭執，復有吳○○之除戶戶籍謄本、繼承系統表、借據等件在卷可稽，堪信為真實。\n  (二)按繼承在民法繼承編中華民國98年5月22日修正施行前開始，繼承人對於繼承開始以前已發生代負履行責任之保證契約債務，以所得遺產為限，負清償責任。但債權人證明顯失公平者，不在此限，民法繼承編施行法第1條之3第2項定有明文。查吳○○於81年8月15日死亡，主債務人吳○○於80年5月16日起即滯納借款本息，業如前述，堪認原告於吳○○81年8月15日死亡時即開始繼承吳○○之債務，而該保證債務係於繼承開始前之80年5月16日即發生保證人吳○○需代負履行責任之情形，故原告對被告所負之債務即屬於繼承開始以前，已發生代負履行責任之保證契約債務，自有前揭民法繼承編施行法第1條之3第2項規定之適用。又原告等人為被繼承人吳○○之孫，僅係第一順位親等遠者之繼承人，且原告陳明：未有於求學、分居或營業時，於吳○○處取得財產等語，是原告並未曾於吳○○生前取得任何財產，本院並審酌被告曾就系爭保證債務，實行抵押權拍賣280、281地號土地獲償2,892,617元，有本院107年1月17日強制執行金額分配表可參，另衡諸民法繼承編及其施行法之修正意旨，係為保護繼承人，避免因繼承保證契約債務，致影響其財產權及生存權與人格發展，加以修法理由已提及「債權人須舉證證明繼承人以所得遺產為限負清償責任，顯失公平者，繼承人始不以所得遺產為限，負清償責任」，是復未據被告舉證證明原告以所得遺產為限，負清償責任，屬顯失公平。從而，原告主張本件應有前開民法繼承編施行法第1條之3第2項本文之適用，應屬有據。\n四、綜上所述，原告依民法繼承編施行法第1條之3第2項規定，主張僅以繼承吳○○所得之遺產為限，清償系爭保證債務，為有理由，應予准許。\n五、本件事證已臻明確，兩造其餘攻擊防禦方法及所提之證據，經核與判決之結果不生影響，爰不逐一論述，附此敘明。\n六、訴訟費用負擔之依據：民事訴訟法第78條。","relatedIssues":[{"lawName":"民事訴訟法","issueRef":"78"},{"lawName":"民事訴訟法","issueRef":"247 1"},{"lawName":"民法","issueRef":"1148"},{"lawName":"民法","issueRef":"1153"},{"lawName":"民法繼承編施行法","issueRef":"1-3"},{"lawName":"民法繼承編施行法","issueRef":"1-3 2"},{"lawName":"民法繼承編施行法","issueRef":"1-3 2"},{"lawName":"民法繼承編施行法","issueRef":"1-3 2"},{"lawName":"民法繼承編施行法","issueRef":"1-3 2"},{"lawName":"民法繼承編施行法","issueRef":"1-3 2"}],"party":[{"group":["plaintiff"],"title":"原告","value":"吳麗卿"},{"group":["plaintiff"],"title":"原告","value":"吳麗靜"},{"group":["plaintiff"],"title":"原告","value":"吳麗莉"},{"group":["plaintiff"],"title":"原告","value":"吳麗珊"},{"group":["plaintiff"],"title":"原告","value":"李重諺"},{"group":["plaintiff"],"title":"原告","value":"翁宥淞"},{"group":["plaintiff"],"title":"原告","value":"翁秋雲"},{"group":["plaintiff"],"title":"原告","value":"吳瑞祥"},{"group":["plaintiff"],"title":"原告","value":"王麗香"},{"group":["plaintiff"],"title":"原告","value":"王麗秀"},{"group":["plaintiff","agentAdLitem","lawyer"],"title":"共同訴訟代理人","value":"謝易澄律師"},{"group":["defendant"],"title":"被告","value":"澎湖區漁會"},{"group":[],"title":"法定代理人","value":"歐英豐"},{"group":["defendant","agentAdLitem"],"title":"訴訟代理人","value":"歐仁富"}]}
