{"court":"臺灣澎湖地方法院","date":"2008-06-18T00:00:00+08:00","no":"97,補,12","sys":"民事","reason":"清償債務","judgement":"臺灣澎湖地方法院民事裁定　　　　　　　　97年度補字第12號\r\n原　　　告　臺灣土地銀行股份有限公司\r\n法定代理人　乙○○\r\n代　理　人　丙○○\r\n被　　　告　甲○○\r\n上列當事人間請求清償債務事件，原告起訴僅繳納部分裁判費。\r\n查本件訴訟標的金額核定為新臺幣陸拾伍萬捌仟捌佰柒拾捌元，\r\n應徵第一審裁判費新臺幣柒仟壹佰陸拾元，扣除已繳納之支付命\r\n令費用新臺幣壹仟元，尚應繳納新臺幣陸仟壹佰陸拾元，茲依民\r\n事訴訟法第249條第1項但書之規定，限原告於收受本裁定送達5\r\n日內補繳，逾期不繳即駁回其訴，特此裁定。\r\n中　　華　　民　　國　　97　　年　　6 　　月　　18　　日\r\n　　　　　　　　　　　　民事庭　法　官　李宛玲\r\n以上正本證明與原本無異。\r\n如不服本裁定關於訴訟標的價額之核定，得於裁定送達之翌日起\r\n10日內向本院提出抗告狀，並繳納抗告裁判費新臺幣1,000元（\r\n須附繕本）。\r\n中　　華　　民　　國　　97　　年　　6 　　月　　18　　日\r\n　　　　　　　　　　　　　　　　書記官　莊茹茵","type":"裁定","historyHash":"","mainText":"","opinion":"","relatedIssues":[{"lawName":"民事訴訟法","issueRef":"249 1"}],"party":[{"group":["plaintiff"],"title":"原告","value":"臺灣土地銀行股份有限公司"},{"group":[],"title":"法定代理人","value":"乙○○"},{"group":["plaintiff","agentAdLitem"],"title":"代理人","value":"丙○○"},{"group":["defendant"],"title":"被告","value":"甲○○"}]}
