{"court":"臺灣澎湖地方法院","date":"2017-07-14T00:00:00+08:00","no":"106,司促,595","sys":"民事","reason":"支付命令","judgement":"臺灣澎湖地方法院支付命令　　　　　　106年度司促字第595號\r\n債　權　人　玉山商業銀行股份有限公司\r\n法定代理人　曾國烈\r\n債　務　人　夏秋雅\r\n一、債務人應向債權人給付新臺幣壹拾壹萬貳仟壹佰柒拾參元，\r\n　　及其中新臺幣參萬貳仟玖佰柒拾參元，自民國一百零六年六\r\n　　月二十五日起至清償日止，按年息百分之十五計算之利息，\r\n　　暨當期（月）繳款發生延滯時，計付新臺幣參佰元，連續二\r\n　　個月發生繳款延滯時，第二個月計付新臺幣肆佰元，連續三\r\n　　個月發生繳款延滯時，第三個月計付新臺幣伍佰元之違約金\r\n　　，惟違約金每次連續收取期數，最高以三期為限，並賠償督\r\n　　促程序費用新臺幣伍佰元，否則應於本命令送達後二十日之\r\n　　不變期間內，向本院提出異議。\r\n二、債權人請求之原因事實：\r\n　　（一）緣債務人夏秋雅於民國94年9月2日向聲請人請領信用\r\n　　卡使用（VISA CARD:NO：0000-0000-0000-0000），依約定\r\n　　債務人得於該信用卡特約商店刷卡消費或向指定辦理預借現\r\n　　金之機構預借現金。債務人應於當期繳款截止日前向聲請人\r\n　　清償，逾期應自各筆帳款入帳日起給付按年息15%計算之利\r\n　　息，並依帳單週期收取違約金，惟每次連續收取期數最高以\r\n　　三期為上限，違約金之計算方式為：當期(月)繳款發生延滯\r\n　　時，計付違約金300元；連續2個月發生繳款延滯時，第2個\r\n　　月計付違約金400元，連續3個月發生繳款延滯時，第3個月\r\n　　計付違約金500元，有預借現金者則應另給付依照每筆預借\r\n　　現金金額之3.5%加上新臺幣100元計算之手續費，此有債務\r\n　　人親簽之信用卡申請書可稽（證一）。\r\n　　（二）詎債務人自申請信用卡使用至96年4月19日止共消費\r\n　　簽帳32,973元整均未按期給付（證二），雖屢經催討，債務\r\n　　人均置之不理。故依民事訴訟法第508條規定，聲請貴院就\r\n　　前項債權，依督促程序，對債務人發支付命令，促其清償。\r\n　　釋明文件：信用卡申請書影本、應收帳務明細表、信用卡約\r\n　　定條款\r\n三、債務人未於不變期間內提出異議時，債權人得依法院核發之\r\n　　支付命令及確定證明書聲請強制執行。\r\n中　　華　　民　　國　 106　　年　　7　　 月　　14　　日\r\n　　　　　　　　　　　　民事庭　司法事務官\r\n◎附註：\r\n一、債權人、債務人如於事後遞狀均請註明案號、股別。\r\n二、債權人應於收受支付命令後5日內，提出債務人最新戶籍謄\r\n　　本（記事欄勿省略），以核對支付命令是否合法送達債務人\r\n　　。（否則無法核發確定證明書）\r\n三、債務人於收受本支付命令後，如認支付命令所述之債權或其\r\n　　金額，有虛偽不實或錯誤情事者，應即向本院聲明異議，切\r\n　　勿認本件支付命令係詐騙手法而置之不理，致支付命令因逾\r\n　　期未聲明異議，可據為強制執行之執行名義，進而所有財產\r\n　　（諸如不動產、存款、薪水）遭受法院查封或拍賣之強制執\r\n　　行。本院非訟中心之聯絡電話(00)0000000分機212。\r\n四、案件一經確定，本院依職權逕行核發確定證明書，債權人毋\r\n　　庸另行聲請。","type":"","historyHash":"","mainText":"","opinion":"","relatedIssues":[{"lawName":"民事訴訟法","issueRef":"508"}],"party":[{"group":[],"title":"債權人","value":"玉山商業銀行股份有限公司"},{"group":[],"title":"法定代理人","value":"曾國烈"},{"group":[],"title":"債務人","value":"夏秋雅"}]}
