{"court":"臺灣澎湖地方法院","date":"2017-09-26T00:00:00+08:00","no":"106,司促,857","sys":"民事","reason":"支付命令","judgement":"臺灣澎湖地方法院支付命令　　　　　　106年度司促字第857號\r\n債　權　人　元大商業銀行股份有限公司\r\n法定代理人　范志強\r\n債　務　人　郭鳳鳴\r\n一、債務人應向債權人給付新臺幣參萬壹仟貳佰貳拾陸元，及其\r\n　　中新臺幣貳萬玖仟貳佰參拾捌元，自民國一百零六年九月十\r\n　　日起至清償日止，按年息百分之十五計算之利息，並賠償督\r\n　　促程序費用新臺幣伍佰元，否則應於本命令送達後二十日之\r\n　　不變期間內，向本院提出異議。\r\n二、債權人請求之原因事實：\r\n　　(一)債務人郭鳳鳴 於97年5月7日向聲請人請領並核准發予(\r\n　　卡號：0000000000000000)之信用卡使用，依信用卡契約規\r\n　　定，債務人得於該信用卡之特約商店記帳消費或向指定辦理\r\n　　預借現金之機構預借現金。但應於次月繳款截止日前向聲請\r\n　　人清償，逾期依信用卡約定條款第十五條應自該筆帳款入帳\r\n　　日起至清償日止給付按年息百分之15計算之利息。\r\n　　(二)債務人郭鳳鳴 自104年09月至105年01月共消費簽新臺\r\n　　幣29,238元，但於106年06月繳款後即未按期給付，依約計\r\n　　算利息、違約金及預借現金手續費為新臺幣1,988元，以上\r\n　　共計新臺幣31,226元，雖屢經催討，債務人仍未繳款，爰依\r\n　　民事訴訟法第五百零八條規定，狀請　鈞院鑒核並迅賜對債\r\n　　務人發給支付命令，實感德便。\r\n　　釋明文件：信用卡申請書影本、信用卡約定條款影本、應收\r\n　　帳款明細表\r\n三、債務人未於不變期間內提出異議時，債權人得依法院核發之\r\n　　支付命令及確定證明書聲請強制執行。\r\n中　　華　　民　　國　 106　　年　　9　　 月　　26　　日\r\n　　　　　　　　　　　　民事庭　司法事務官\r\n◎附註：\r\n一、債權人、債務人如於事後遞狀均請註明案號、股別。\r\n二、債權人應於收受支付命令後5日內，提出債務人最新戶籍謄\r\n　　本（記事欄勿省略），以核對支付命令是否合法送達債務人\r\n　　；如債務人係法人，則應提出法人最近登記資料（例如公司\r\n　　設立變更登記事項表）及法定代理人最新戶籍謄本（記事欄\r\n　　勿省略），以核對是否合法送達。（否則無法核發確定證明\r\n　　書）\r\n三、債務人於收受本支付命令後，如認支付命令所述之債權或其\r\n　　金額，有虛偽不實或錯誤情事者，應即向本院聲明異議，切\r\n　　勿認本件支付命令係詐騙手法而置之不理，致支付命令因逾\r\n　　期未聲明異議，可據為強制執行之執行名義，進而所有財產\r\n　　（諸如不動產、存款、薪水）遭受法院查封或拍賣之強制執\r\n　　行。本院非訟中心之聯絡電話(00)0000000分機212。\r\n四、案件一經確定，本院依職權逕行核發確定證明書，債權人毋\r\n　　庸另行聲請。","type":"","historyHash":"","mainText":"","opinion":"","relatedIssues":[{"lawName":"民事訴訟法","issueRef":"508"}],"party":[{"group":[],"title":"債權人","value":"元大商業銀行股份有限公司"},{"group":[],"title":"法定代理人","value":"范志強"},{"group":[],"title":"債務人","value":"郭鳳鳴"}]}
