{"court":"臺灣澎湖地方法院","date":"2009-08-25T00:00:00+08:00","no":"98,繼,50","sys":"民事","reason":"拋棄繼承","judgement":"臺灣澎湖地方法院民事裁定　　　　　　　　98年度繼字第50號\r\n聲　請　人　丁○○\r\n　　　　　　乙○○\r\n　　　　　　戊○○\r\n　　　　　　庚○○\r\n　　　　　　甲○○\r\n　　　　　　己○○\r\n　　　　　　辛○○\r\n　　　　　　　　　　　　4樓\r\n上　一　人\r\n法定代理人　壬○○\r\n　　　　　　　　　　　　4樓\r\n上列聲請人聲請拋棄繼承事件，聲請人應於收受本裁定之日起7\r\n日內，補正下列事項，逾期即駁回其聲請，特此裁定。\r\n應補正之事項：\r\n一、聲請人辛○○之法定代理人壬○○之印鑑證明。\r\n二、被繼承人丙○○之祖父母邱進二、吳秀玉之除戶謄本或死亡\r\n　　證明。\r\n中　　華　　民　　國　　98　　年　　8 　　月　　25　　日\r\n　　　　　　　　　　　　民事庭　法　官　李宛玲\r\n以上正本證明與原本無異。\r\n本裁定不得抗告。\r\n中　　華　　民　　國　　98　　年　　8 　　月　　25　　日\r\n　　　　　　　　　　　　　　　　書記官　莊茹茵","type":"裁定","historyHash":"","mainText":"","opinion":"","relatedIssues":[],"party":[{"group":["plaintiff"],"title":"聲請人","value":"丁○○"},{"group":["plaintiff"],"title":"聲請人","value":"乙○○"},{"group":["plaintiff"],"title":"聲請人","value":"戊○○"},{"group":["plaintiff"],"title":"聲請人","value":"庚○○"},{"group":["plaintiff"],"title":"聲請人","value":"甲○○"},{"group":["plaintiff"],"title":"聲請人","value":"己○○"},{"group":["plaintiff"],"title":"聲請人","value":"辛○○"},{"group":[],"title":"上一人法定代理人","value":"壬○○"}]}
