{"court":"臺灣澎湖地方法院","date":"2017-03-01T00:00:00+08:00","no":"106,司促,161","sys":"民事","reason":"支付命令","judgement":"臺灣澎湖地方法院支付命令　　　　　　106年度司促字第161號\r\n債　權　人　臺灣銀行股份有限公司\r\n法定代理人　魏江霖\r\n債　務　人　費秉鉞\r\n債　務　人　費驊強\r\n債　務　人　劉秀娟\r\n一、債務人應向債權人連帶給付新臺幣伍萬伍仟貳佰陸拾壹元，\r\n　　及自民國一百零五年九月一日起至清償日止，按年息百分之\r\n　　二點一五計算之利息；暨自民國一百零五年十月二日起至清\r\n　　償日止，其逾期在六個月以內者，按上開利率百分之十，超\r\n　　過六個月者，按上開利率百分之二十計算之違約金，並連帶\r\n　　賠償督促程序費用新臺幣伍佰元，否則應於本命令送達後二\r\n　　十日之不變期間內，向本院提出異議。\r\n二、債權人請求之原因事實：\r\n　　（一）、緣債務人費秉鉞於民國100年間至民國101年間邀同\r\n　　債務人費驊強、劉秀娟為連帶保證人向聲請人訂借【高中以\r\n　　上學生就學貸款】2筆，共計新臺幣6萬0,226元整。並約定\r\n　　自借款人該階段學業完成後（休學或退學）滿一年之日起，\r\n　　依年金法按月平均攤還本息，共分24期。倘借款人不依約償\r\n　　還本息時，除自逾期日起按本借款利率計付逾期利息外，對\r\n　　應付未付本息自應還款日起，照應還款額，逾期六個月以內\r\n　　者，按本借款利率百分之十，逾期六個月以上者，按本借款\r\n　　利率百分之二十計付違約金。\r\n　　（二）、詎債務人費秉鉞自就讀學校完成後，並未依約履行\r\n　　，尚欠本金新臺幣5萬5,261元整及如附表所載之利息、違約\r\n　　金未償，爰依前訂借據約定借用人有任何一宗債務不依約清\r\n　　償或攤還本金時，借款即視為全部到期。另債務人費驊強、\r\n　　劉秀娟既為連帶保證人，對本債務自應負連帶清償責任。\r\n　　釋明文件：放款借據影本一份及就學貸款放出查詢單一份。\r\n三、債務人未於不變期間內提出異議時，債權人得依法院核發之\r\n　　支付命令及確定證明書聲請強制執行。\r\n中　　華　　民　　國　 106　　年　　3　　 月　　1　　 日\r\n　　　　　　　　　　　　民事庭　司法事務官\r\n◎附註：\r\n一、債權人、債務人如於事後遞狀均請註明案號、股別。\r\n二、債權人應於收受支付命令後5日內，提出債務人最新戶籍謄\r\n　　本（記事欄勿省略），以核對支付命令是否合法送達債務人\r\n　　；如債務人係法人，則應提出法人最近登記資料（例如公司\r\n　　設立變更登記事項表）及法定代理人最新戶籍謄本（記事欄\r\n　　勿省略），以核對是否合法送達。（否則無法核發確定證明\r\n　　書）\r\n三、債務人於收受本支付命令後，如認支付命令所述之債權或其\r\n　　金額，有虛偽不實或錯誤情事者，應即向本院聲明異議，切\r\n　　勿認本件支付命令係詐騙手法而置之不理，致支付命令因逾\r\n　　期未聲明異議，可據為強制執行之執行名義，進而所有財產\r\n　　（諸如不動產、存款、薪水）遭受法院查封或拍賣之強制執\r\n　　行。本院非訟中心之聯絡電話(00)0000000分機212。\r\n四、案件一經確定，本院依職權逕行核發確定證明書，債權人毋\r\n　　庸另行聲請。","type":"","historyHash":"","mainText":"","opinion":"","relatedIssues":[],"party":[{"group":[],"title":"債權人","value":"臺灣銀行股份有限公司"},{"group":[],"title":"法定代理人","value":"魏江霖"},{"group":[],"title":"債務人","value":"費秉鉞"},{"group":[],"title":"債務人","value":"費驊強"},{"group":[],"title":"債務人","value":"劉秀娟"}]}
