{"court":"臺灣澎湖地方法院","date":"2008-02-19T00:00:00+08:00","no":"97,聲,3","sys":"民事","reason":"准予發還提存物","judgement":"臺灣澎湖地方法院民事裁定　　　　　　　　 97年度聲字第3號\r\n聲　請　人　板信商業銀行股份有限公司\r\n法定代理人　甲○○\r\n相　對　人　乙○○\r\n上列當事人間聲請准予發還提存物事件，本院裁定如下：\r\n    主  文\r\n本院九十六年度存字第四號提存事件聲請人所提存之面額新臺幣\r\n伍拾萬元之中央政府重大交通建設公債八十六年度甲類第九期債\r\n票之無實體公債，准予返還。\r\n    理  由\r\n一、按訴訟終結後，供擔保人證明已定20日以上之期間，催告受\r\n    擔保利益人行使權利而不行使，或法院依供擔保人之聲請通\r\n    知受擔保利益人於一定期間內行使權利並向法院為行使權利\r\n    之證明而未證明者，法院應依供擔保人之聲請，以裁定命返\r\n    還其提存物，民事訴訟法第104條第1項第3款定有明文。另\r\n    依同法第106條，前開規定於其他依法令供訴訟上之擔保者\r\n    準用之。\r\n二、本件聲請意旨略以：聲請人與相對人間假扣押事件，聲請人\r\n    前遵本院86年度裁全字第44號裁定為擔保假扣押，曾提供面\r\n    額新臺幣50萬元之中央政府重大交通建設公債八十六年度甲\r\n    類第九期債票之無實體公債為擔保，並以本院96度存字第4\r\n    號提存事件提存，惟聲請人業已撤銷假扣押裁定，並撤回假\r\n    扣押執行程序，訴訟業已終結，而聲請人亦已定20日以上期\r\n    間催告受擔保利益人即相對人行使權利而未行使，已據其提\r\n    出提存書、撤銷假扣押裁定、行使權利通知等為證。\r\n三、經本院審核聲請人所提資料，並依職權調閱相關卷宗查核後\r\n    ，認本件聲請，於法並無不合，應予准許。依首揭規定，裁\r\n    定如主文。\r\n中　　華　　民　　國　　97　　年　　2 　　月　　19　　日\r\n                        民事庭  法  官  陳順輝\r\n以上正本係照原本作成。\r\n如不服本裁定，應於裁定送達後10日內，向本院提出抗告狀（須\r\n附繕本）。\r\n中　　華　　民　　國　　97　　年　　2 　　月　　19　　日\r\n                                書記官  王耀煌","type":"裁定","historyHash":"","mainText":"本院九十六年度存字第四號提存事件聲請人所提存之面額新臺幣伍拾萬元之中央政府重大交通建設公債八十六年度甲類第九期債票之無實體公債，准予返還。","opinion":"一、按訴訟終結後，供擔保人證明已定20日以上之期間，催告受擔保利益人行使權利而不行使，或法院依供擔保人之聲請通知受擔保利益人於一定期間內行使權利並向法院為行使權利之證明而未證明者，法院應依供擔保人之聲請，以裁定命返還其提存物，民事訴訟法第104條第1項第3款定有明文。另依同法第106條，前開規定於其他依法令供訴訟上之擔保者準用之。\n二、本件聲請意旨略以：聲請人與相對人間假扣押事件，聲請人前遵本院86年度裁全字第44號裁定為擔保假扣押，曾提供面額新臺幣50萬元之中央政府重大交通建設公債八十六年度甲類第九期債票之無實體公債為擔保，並以本院96度存字第4號提存事件提存，惟聲請人業已撤銷假扣押裁定，並撤回假扣押執行程序，訴訟業已終結，而聲請人亦已定20日以上期間催告受擔保利益人即相對人行使權利而未行使，已據其提出提存書、撤銷假扣押裁定、行使權利通知等為證。\n三、經本院審核聲請人所提資料，並依職權調閱相關卷宗查核後，認本件聲請，於法並無不合，應予准許。依首揭規定，裁定如主文。","relatedIssues":[{"lawName":"民事訴訟法","issueRef":"104 1 3"},{"lawName":"民事訴訟法","issueRef":"106"}],"party":[{"group":["plaintiff"],"title":"聲請人","value":"板信商業銀行股份有限公司"},{"group":[],"title":"法定代理人","value":"甲○○"},{"group":[],"title":"相對人","value":"乙○○"}]}
