{"court":"臺灣澎湖地方法院","date":"2016-03-15T00:00:00+08:00","no":"104,勞簡上,1","sys":"民事","reason":"給付薪資","judgement":"臺灣澎湖地方法院民事判決　　　　104年度勞簡上字第1號　\r\n上　訴　人　衛生福利部澎湖醫院（原名行政院衛生署澎湖\r\n　　　　　　醫院）　　　　　　　　　　 \r\n法定代理人　郭○宏　\r\n訴訟代理人　劉家榮律師\r\n複　代理人　林福容律師\r\n被上訴人　　秦秋玲　\r\n訴訟代理人　王叡齡律師\r\n　　　　　　陳建誌律師\r\n　　　　　　黃國瑋律師\r\n上列當事人間請求給付薪資事件，上訴人對於中華民國103年11\r\n月27日本院馬公簡易庭103年度馬簡字第17號第一審判決提起上\r\n訴，本院於民國105年2月23日言詞辯論終結，判決如下：\r\n    主  文\r\n上訴駁回。\r\n第二審訴訟費用由上訴人負擔。\r\n    事實及理由\r\n一、被上訴人起訴主張：兩造間存有勞動僱傭契約，約定其自民\r\n    國101年3月1日起至102年2月28日止擔任上訴人之約用行政\r\n    專員（下稱系爭僱傭契約），並簽訂約用人員契約書為憑。\r\n    其就該工作勝任無礙，通過系爭僱傭契約約定3個月之試用\r\n    期，並經上訴人考核合格而正式僱用，且無任何職務上疏失\r\n    。詎上訴人於101年9月3日突然告知其不適任該職，且預告\r\n    於同年月13日起終止兩造間之系爭僱傭契約（下稱系爭解僱\r\n    決定）。其於同年月12日發函告知上訴人解僱不合法，要求\r\n    復職，嗣又申請勞資爭議調解，均無法改變系爭解僱決定。\r\n    系爭解僱決定未合於勞動基準法（下稱勞基法）第11條規定\r\n    之契約終止事由，上訴人系爭解僱決定並不合法，因此兩造\r\n    間系爭僱傭契約關係仍有效存續至102年2月28日止，其即得\r\n    對上訴人請求(一)自101年9月13日起至102年2月28日止，尚未\r\n    給付之5.6個月薪資，每月薪資以30,620元計，扣除其於此\r\n    段期間於澎湖縣政府環境保護局（下稱環保局）服勞務1天\r\n    所得新臺幣（下同）900元，共170,572元。(二)101年之年終\r\n    獎金為1.5個月薪資，計45,930元。(三)102年2月28日後因兩\r\n    造未續約，視為終止系爭僱傭契約，而依勞基法第17條規定\r\n    ，其任職滿1年，得請求上訴人發給相當於1個月平均工資之\r\n    資遣費即30,620元。(四)勞工保險、全民健康保險及勞工退休\r\n    金均自101年9月至102年2月之上訴人應負擔額再扣除已負擔\r\n    部分。以上(一)(二)(三)(四)合計為278,591元。又其亦得依勞基法\r\n    第19條之規定，請求上訴人交付在職服務證明。爰依系爭僱\r\n    傭契約、民法第482條、第487條及勞基法第17條、19條之規\r\n    定，請求上訴人給付其278,591元、相關利息及交付上開在\r\n    職服務證明等語，並聲明：(一)上訴人應給付被上訴人278,59\r\n    1元及自起訴狀繕本送達翌日起至清償日止，按週年利率5%\r\n    計算之利息。(二)上訴人應交付被上訴人任職期間為101年3月\r\n    1日起至102年2月28日止之在職服務證明。(三)願供擔保，請\r\n    准宣告假執行。\r\n二、上訴人則以：兩造間確有簽訂系爭僱傭契約，其確有為系爭\r\n    解僱決定。而其為上開決定係因被上訴人到職後，依約在試\r\n    用期3個月內，由訴外人即當時總務室主任薛○宏對被上訴\r\n    人為工作考核，經薛○宏評量後認為被上訴人無法獨力完成\r\n    重點性業務，經口頭規勸後，又評估其他單位因有業務特殊\r\n    條件需求，而無其他職缺可供調整被上訴人之職務，故將被\r\n    上訴人提列專案考核審議，其法定代理人郭○宏亦裁示由政\r\n    風室進行瞭解，政風室乃於調查後提交調查報告，嗣人事單\r\n    位將該報告交辦考績委員會審議，經考績委員會於101年8月\r\n    29日101年第6次審查會議做出決議認為被上訴人不適任後，\r\n    簽呈郭○宏裁示依勞基法執行，乃依勞基法第11條第5款、\r\n    系爭僱傭契約第11條、第13條之約定，為本件合法解僱被上\r\n    訴人之行為。又縱認被上訴人本件請求為有理由，因被上訴\r\n    人於102年2月份有另在環保局工作，亦應自被上訴人得請求\r\n    之數額中扣除其所受領之薪資等語置辯。\r\n三、原審就被上訴人之請求，判決：(一)上訴人應給付被上訴人17\r\n    萬572元，及自103年5月6日起至清償日止，按週年利率5%計\r\n    算之利息。(二)上訴人應交付被上訴人任職期間為101年3月1\r\n    日起至102年2月28日止之在職證明。並駁回被上訴人其餘之\r\n    訴，另就被上訴人(一)勝訴部分，依職權宣告假執行（被上訴\r\n    人就敗訴部分並未上訴，業已確定）。上訴人不服原審判決\r\n    ，提起上訴，另主張薛○宏經口頭規勸後，被上訴人未能服\r\n    從主管人員所為之工作指導，而被上訴人應完成之工作反由\r\n    薛○宏接過承辦，且被上訴人每月考評均為同科室最低。另\r\n    系爭解僱決定係依據工作規則，該工作規則並有送縣政府備\r\n    查等語，並聲明：(一)原判決廢棄。(二)被上訴人於第一審之訴\r\n    駁回。被上訴人則補陳：上訴人所提不能勝任之具體事由均\r\n    在其試用期滿前，既上訴人認其試用合格，即不得以試用期\r\n    滿前之事由主張其不適任該職。上訴人所提函文僅能證明工\r\n    作規則第50條有修正備查等語，並聲明：上訴駁回。\r\n四、兩造不爭執事實：\r\n  (一)兩造簽訂系爭僱傭契約，約定僱傭期間自101年3月1日起至\r\n    102年2月28日止。被上訴人並先經上訴人試用3個月，於101\r\n    年6月1日正式僱用為總務室約用行政人員，從事營繕業務及\r\n    政府採購案之規劃。\r\n  (二)被上訴人每月薪資為30,620元。\r\n  (三)上訴人於101年9月13日依勞基法第11條第5款之規定，終止\r\n    兩造間僱傭契約，並給付被上訴人9月1日到13日之薪資，另\r\n    被上訴人並未領取資遣費。\r\n  (四)被上訴人於102年2月間於環保局從事勞務，領有900元之薪\r\n    資。\r\n五、得心證之理由：\r\n    本件兩造所爭執之處應在於(一)系爭解僱決定是否合法？(二)被\r\n    上訴人請求上訴人給付其自101年9月13日遭解僱之日起至10\r\n    2年2月28日止，以5.6個月計算之薪資及法定遲延利息，有\r\n    無理由？(三)被上訴人依勞基法第19條規定，請求上訴人發給\r\n    在職服務證明，有無理由？茲分述如下：\r\n  (一)系爭解僱決定是否合法？\r\n  1.按勞工對於所擔任之工作確不能勝任時，雇主得預告勞工終\r\n    止勞動契約，勞基法第11條第5款定有明文。揆其立法意旨\r\n    ，重在勞工提供之勞務，如無法達成雇主透過勞動契約所欲\r\n    達成客觀合理之經濟目的，雇主始得解僱勞工，其造成此項\r\n    合理經濟目的不能達成之原因，應兼括勞工客觀行為及主觀\r\n    意志，是該條款所稱之「勞工對於所擔任之工作確不能勝任\r\n    」者，舉凡勞工客觀上之能力、學識、品行及主觀上違反忠\r\n    誠履行勞務給付義務（包括勞工主觀上「能為而不為」、「\r\n    可以做而無意願做」，亦屬之）均應涵攝在內，且須雇主於\r\n    其使用勞基法所賦予保護之各種手段後，仍無法改善情況下\r\n    ，始得終止勞動契約，以符「解僱最後手段性原則」。又工\r\n    作規則中倘就勞工平日工作表現訂有考評標準，並就不符雇\r\n    主透過勞動契約所欲達成客觀合理之經濟目的者，亦訂明處\r\n    理準則，且未低於勞基法就勞動條件所規定之最低標準，勞\r\n    資雙方自應予以尊重並遵守，始足兼顧勞工權益之保護及雇\r\n    主事業之有效經營及管理（最高法院96年度台上字第2630號\r\n    、98年度台上字第1088號判決意旨參照）。\r\n  2.經查，上訴人雖主張系爭解僱決定係依據工作規則等語，然\r\n    並未具體提出係依何規定內容，自應回歸勞基法就勞動條件\r\n    所規定之最低標準予以檢視系爭解僱決定是否符合勞基法所\r\n    規定之解僱事由。再查，試用期間之目的，既係雇主用以評\r\n    價受雇人之職務適合性及能力，作為是否於期滿後締結僱傭\r\n    契約之考量，雇主於試用期間屆滿後未立即考核，亦非不得\r\n    再為考核及終止契約，而係應以雇主行使考核及終止權之期\r\n    間是否相當為斷。復參勞基法第12條第4款有關違反勞動契\r\n    約或工作規則，情節重大者，雇主得不經預告終止契約之規\r\n    定，其終止權之行使，以雇主自知悉其情形之日起30日內為\r\n    行使期間。而本件上訴人主張被上訴人有不能勝任工作之具\r\n    體事項如下：(1)安宅安宅院區精神急性一般病床16床開放期\r\n    限展延案，發生時間：101年3月30日前；(2)安宅院區擴床整\r\n    修案，發生時間：同年1月至6月30日；(3)製水機請修案，發\r\n    生時間：同年4月上旬；(4)拒絕訓練派遣，發生時間：同年4\r\n    月上旬；(5)各項庶務係指從一進醫院開始工作一直到解僱陸\r\n    續發生等語（見本院卷第58頁反面）。觀諸上開上訴人所提\r\n    事由，其中(1)(3)(4)係發生於被上訴人試用期滿前，而(2)(5)係\r\n    從被上訴人開始進醫院工作陸續發生之事由等情，則上訴人\r\n    即令係於被上訴人試用期滿後方進行考核而認被上訴人確有\r\n    不能勝任工作之情事，亦應於知悉上開事由起30日內行使考\r\n    核並終止系爭僱傭契約，方符合試用期之目的與本旨。再者\r\n    ，上訴人亦陳稱：其對被上訴人除口頭規勸外，無其他正式\r\n    懲處行為等語（見本院卷第45頁），是上訴人並未依勞基法\r\n    先為保護上訴人之各種手段，並在被上訴人仍無法改善情況\r\n    下，終止系爭僱傭契約，而不符解僱最後手段性原則，綜上\r\n    ，足認系爭解僱決定並不合法。\r\n  (二)被上訴人請求上訴人給付其自101年9月13日遭解雇之日起至\r\n    102年2月28日止，以5.6個月計算之薪資及法定遲延利息，\r\n    有無理由？\r\n  1.按稱僱傭者，為當事人約定一方於一定或不定之期限內為他\r\n    方服勞務，他方給付報酬之契約，民法第482條定有明文。\r\n  2.經查，系爭解僱決定並不合法，業如前述，則被上訴人請求\r\n    上訴人給付自101年9月13日起至102年2月28日止，共5.6個\r\n    月薪資，並扣除被上訴人於102年2月間於環保局從事勞務，\r\n    領有之900元薪資，共應給付170,572元（計算式：30,620×\r\n    5.6月-900＝170,572元），即有理由。又系爭僱傭契約業於\r\n    102年2月28日期滿，而本件薪資係採每月給付方式，是上訴\r\n    人所負擔之上開薪資債務170,572元均已屆至，從而，被上\r\n    訴人請求自起訴狀繕本送達翌日即103年5月6日（見原審卷\r\n    第20頁送達回證）起至清償日止，按週年利率5%計算之法定\r\n    遲延利息，亦屬於法有據。\r\n  (三)被上訴人依勞基法第19條規定，請求上訴人發給在職服務證\r\n    明，有無理由？\r\n  1.按勞動契約終止時，勞工如請求發給服務證明書，雇主或其\r\n    代理人不得拒絕，勞基法第19條定有明文。\r\n  2.經查，勞基法第19條規定係為便利勞工謀求新職，以證明其\r\n    工作經驗，雇主有發給服務證明書之義務，而此項規定不限\r\n    於何種情形之解僱，雇主均負有發給義務。查被上訴人自10\r\n    1年3月1日起受僱於上訴人，系爭僱傭契約業於102年2月28\r\n    日終止，是上訴人請求被上訴人發給自101年3月1日起至102\r\n    年2月28日止服務於被上訴人此一事實之服務證明書，核屬\r\n    有據，應予准許。\r\n六、綜上所述，被上訴人本於僱傭契約關係及勞基法之規定，請\r\n    求上訴人應給付被上訴人170,572元，及自103年5月6日起至\r\n    清償日止，按週年利率5%計算之利息、上訴人應交付被上訴\r\n    人任職期間為101年3月1日起至102年2月28日止之在職服務\r\n    證明，均為有理由，應予准許。原審就上開應准許部分，命\r\n    上訴人如數給付並為假執行之宣告，核無不合。上訴意旨指\r\n    摘原判決不當，求予廢棄改判，為無理由，應予駁回。\r\n七、本件事證已臻明確，兩造其餘主張及陳述，核與判決結果不\r\n    生影響，毋庸逐一論述，附此敘明。\r\n八、據上論結，本件上訴為無理由，依民事訴訟訟法第436條之1\r\n    第3項、第449條第1項、第78條，判決如主文。\r\n中    華    民    國   105    年    3     月    15    日\r\n                  民事庭  審判長法  官  吳宏榮\r\n                                法  官  王政揚  \r\n                                法  官  倪霈棻\r\n以上正本係照原本作成。\r\n不得上訴。 \r\n中    華    民    國   105    年    3     月    15    日\r\n\r\n                                書記官  王耀煌","type":"判決","historyHash":"b924ea96979d564793e5729d9e32eaa6","mainText":"上訴駁回。\n第二審訴訟費用由上訴人負擔。","opinion":"五、得心證之理由：\n    本件兩造所爭執之處應在於(一)系爭解僱決定是否合法？(二)被上訴人請求上訴人給付其自101年9月13日遭解僱之日起至10 2年2月28日止，以5.6個月計算之薪資及法定遲延利息，有無理由？(三)被上訴人依勞基法第19條規定，請求上訴人發給在職服務證明，有無理由？茲分述如下：\n(一)系爭解僱決定是否合法？\n  1.按勞工對於所擔任之工作確不能勝任時，雇主得預告勞工終止勞動契約，勞基法第11條第5款定有明文。揆其立法意旨，重在勞工提供之勞務，如無法達成雇主透過勞動契約所欲達成客觀合理之經濟目的，雇主始得解僱勞工，其造成此項合理經濟目的不能達成之原因，應兼括勞工客觀行為及主觀意志，是該條款所稱之「勞工對於所擔任之工作確不能勝任」者，舉凡勞工客觀上之能力、學識、品行及主觀上違反忠誠履行勞務給付義務（包括勞工主觀上「能為而不為」、「可以做而無意願做」，亦屬之）均應涵攝在內，且須雇主於其使用勞基法所賦予保護之各種手段後，仍無法改善情況下，始得終止勞動契約，以符「解僱最後手段性原則」。又工作規則中倘就勞工平日工作表現訂有考評標準，並就不符雇主透過勞動契約所欲達成客觀合理之經濟目的者，亦訂明處理準則，且未低於勞基法就勞動條件所規定之最低標準，勞資雙方自應予以尊重並遵守，始足兼顧勞工權益之保護及雇主事業之有效經營及管理（最高法院96年度台上字第2630號、98年度台上字第1088號判決意旨參照）。\n  2.經查，上訴人雖主張系爭解僱決定係依據工作規則等語，然並未具體提出係依何規定內容，自應回歸勞基法就勞動條件所規定之最低標準予以檢視系爭解僱決定是否符合勞基法所規定之解僱事由。再查，試用期間之目的，既係雇主用以評價受雇人之職務適合性及能力，作為是否於期滿後締結僱傭契約之考量，雇主於試用期間屆滿後未立即考核，亦非不得再為考核及終止契約，而係應以雇主行使考核及終止權之期間是否相當為斷。復參勞基法第12條第4款有關違反勞動契約或工作規則，情節重大者，雇主得不經預告終止契約之規定，其終止權之行使，以雇主自知悉其情形之日起30日內為行使期間。而本件上訴人主張被上訴人有不能勝任工作之具體事項如下：(1)安宅安宅院區精神急性一般病床16床開放期限展延案，發生時間：101年3月30日前；(2)安宅院區擴床整修案，發生時間：同年1月至6月30日；(3)製水機請修案，發生時間：同年4月上旬；(4)拒絕訓練派遣，發生時間：同年4月上旬；(5)各項庶務係指從一進醫院開始工作一直到解僱陸續發生等語（見本院卷第58頁反面）。觀諸上開上訴人所提事由，其中(1)(3)(4)係發生於被上訴人試用期滿前，而(2)(5)係從被上訴人開始進醫院工作陸續發生之事由等情，則上訴人即令係於被上訴人試用期滿後方進行考核而認被上訴人確有不能勝任工作之情事，亦應於知悉上開事由起30日內行使考核並終止系爭僱傭契約，方符合試用期之目的與本旨。再者，上訴人亦陳稱：其對被上訴人除口頭規勸外，無其他正式懲處行為等語（見本院卷第45頁），是上訴人並未依勞基法先為保護上訴人之各種手段，並在被上訴人仍無法改善情況下，終止系爭僱傭契約，而不符解僱最後手段性原則，綜上，足認系爭解僱決定並不合法。\n  (二)被上訴人請求上訴人給付其自101年9月13日遭解雇之日起至102年2月28日止，以5.6個月計算之薪資及法定遲延利息，有無理由？\n  1.按稱僱傭者，為當事人約定一方於一定或不定之期限內為他方服勞務，他方給付報酬之契約，民法第482條定有明文。\n  2.經查，系爭解僱決定並不合法，業如前述，則被上訴人請求上訴人給付自101年9月13日起至102年2月28日止，共5.6個月薪資，並扣除被上訴人於102年2月間於環保局從事勞務，領有之900元薪資，共應給付170,572元（計算式：30,620×5.6月-900＝170,572元），即有理由。又系爭僱傭契約業於102年2月28日期滿，而本件薪資係採每月給付方式，是上訴人所負擔之上開薪資債務170,572元均已屆至，從而，被上訴人請求自起訴狀繕本送達翌日即103年5月6日（見原審卷第20頁送達回證）起至清償日止，按週年利率5%計算之法定遲延利息，亦屬於法有據。\n  (三)被上訴人依勞基法第19條規定，請求上訴人發給在職服務證明，有無理由？\n  1.按勞動契約終止時，勞工如請求發給服務證明書，雇主或其代理人不得拒絕，勞基法第19條定有明文。\n  2.經查，勞基法第19條規定係為便利勞工謀求新職，以證明其工作經驗，雇主有發給服務證明書之義務，而此項規定不限於何種情形之解僱，雇主均負有發給義務。查被上訴人自10 1年3月1日起受僱於上訴人，系爭僱傭契約業於102年2月28日終止，是上訴人請求被上訴人發給自101年3月1日起至102年2月28日止服務於被上訴人此一事實之服務證明書，核屬有據，應予准許。\n六、綜上所述，被上訴人本於僱傭契約關係及勞基法之規定，請求上訴人應給付被上訴人170,572元，及自103年5月6日起至清償日止，按週年利率5%計算之利息、上訴人應交付被上訴人任職期間為101年3月1日起至102年2月28日止之在職服務證明，均為有理由，應予准許。原審就上開應准許部分，命上訴人如數給付並為假執行之宣告，核無不合。上訴意旨指摘原判決不當，求予廢棄改判，為無理由，應予駁回。\n七、本件事證已臻明確，兩造其餘主張及陳述，核與判決結果不生影響，毋庸逐一論述，附此敘明。\n八、據上論結，本件上訴為無理由，依民事訴訟訟法第436條之1第3項、第449條第1項、第78條，判決如主文。","relatedIssues":[{"lawName":"勞動基準法","issueRef":"11"},{"lawName":"勞動基準法","issueRef":"11 1 5"},{"lawName":"勞動基準法","issueRef":"11 1 5"},{"lawName":"勞動基準法","issueRef":"11 1 5"},{"lawName":"勞動基準法","issueRef":"12 1 4"},{"lawName":"勞動基準法","issueRef":"17"},{"lawName":"勞動基準法","issueRef":"17"},{"lawName":"勞動基準法","issueRef":"19"},{"lawName":"勞動基準法","issueRef":"19"},{"lawName":"勞動基準法","issueRef":"19"},{"lawName":"勞動基準法","issueRef":"19"},{"lawName":"勞動基準法","issueRef":"19"},{"lawName":"勞動基準法","issueRef":"19"},{"lawName":"民法","issueRef":"482"},{"lawName":"民法","issueRef":"482"},{"lawName":"民法","issueRef":"487"}],"party":[{"group":["plaintiff"],"title":"上訴人","value":"衛生福利部澎湖醫院"},{"group":[],"title":"法定代理人","value":"郭○宏"},{"group":["plaintiff","agentAdLitem","lawyer"],"title":"訴訟代理人","value":"劉家榮律師"},{"group":["plaintiff","agentAdLitem","lawyer"],"title":"複代理人","value":"林福容律師"},{"group":["defendant"],"title":"被上訴人","value":"秦秋玲"},{"group":["defendant","agentAdLitem","lawyer"],"title":"訴訟代理人","value":"王叡齡律師"},{"group":["defendant","agentAdLitem","lawyer"],"title":"訴訟代理人","value":"陳建誌律師"},{"group":["defendant","agentAdLitem","lawyer"],"title":"訴訟代理人","value":"黃國瑋律師"}]}
