{"court":"臺灣澎湖地方法院","date":"2018-06-04T00:00:00+08:00","no":"107,補,33","sys":"民事","reason":"分割共有物","judgement":"臺灣澎湖地方法院民事裁定　　　　　　　 107年度補字第33號\r\n原　　　告　鄭明現　\r\n上列原告與被告陳敏儀等5人間請求分割共有物事件，原告應於\r\n收受本裁定之日起7日內，補正下列事項，逾期即駁回其訴，特\r\n此裁定。\r\n應補正之事項：\r\n一、原告起訴未據繳納裁判費，查本件訴訟標的價額經核定為新\r\n　　臺幣（下同）232,917元（計算式：公告土地現值1,400元/\r\n　　平方公尺×面積1,663.96平方公尺×原告權利範圍1/10＝23\r\n　　2,917元，元以下採四捨五入），應徵收第一審裁判費2,540\r\n　　元。\r\n二、被告陳敏儀、陳碧兒、陳敏松、呂玉珠、陳威全之最新戶籍\r\n　　謄本（須含記事欄）。\r\n中　　華　　民　　國　 107　　年　　6　　 月　　4　　 日\r\n　　　　　　　　　　　　民事庭　法　官　陳順輝\r\n以上正本證明與原本無異。\r\n如不服本裁定關於核定訴訟標的價額部分，應於送達後10日內向\r\n本院提出抗告狀，並繳納抗告費新臺幣1,000 元；其餘關於命補\r\n繳裁判費及補正部分，不得抗告。\r\n中　　華　　民　　國　 107　　年　　6　　 月　　4　　 日\r\n　　　　　　　　　　　　　　　　書記官　許致愷","type":"裁定","historyHash":"","mainText":"","opinion":"","relatedIssues":[],"party":[{"group":["plaintiff"],"title":"原告","value":"鄭明現"}]}
