{"court":"臺灣澎湖地方法院","date":"2016-12-05T00:00:00+08:00","no":"105,司拍,20","sys":"民事","reason":"拍賣抵押物","judgement":"臺灣澎湖地方法院民事裁定　　　　　　 105年度司拍字第20號\r\n聲　請　人　玉山商業銀行股份有限公司\r\n法定代理人　曾國烈\r\n代　理　人　黃義雄\r\n相　對　人　顏秀雲\r\n上列當事人間拍賣抵押物事件，本院裁定如下：\r\n    主  文\r\n相對人所有如附表所示之不動產准予拍賣。\r\n聲請程序費用新臺幣參仟元由相對人負擔。\r\n    理  由\r\n一、按最高限額抵押權人於債權已屆清償期而未受清償者，得聲\r\n    請法院拍賣抵押物，就其賣得價金而受清償，民法第881條\r\n    之17準用第873條定有明文。\r\n二、本件聲請意旨略以︰(一)相對人顏秀雲於民國104年1月21日\r\n    ，將其所有如附表所示之不動產，設定新台幣（下同）749\r\n    萬元之最高限額抵押權予聲請人，以擔保其對聲請人現在(\r\n    包括過去所負現在尚未清償)及將來所負一切債務(包括借款\r\n    、透支、墊款、票據、保證及信用卡契約)之清償，擔保債\r\n    權確定之期日為134年1月19日，債務清償日期依照各個契約\r\n    約定，業經登記在案。(二)嗣相對人分別於103年12月17日\r\n    、104年1月23日、104年4月2日，向聲請人借款三筆合計2,\r\n    474萬元，並約定如逾期攤繳利息，除按原訂利率付息外，\r\n    自逾期之日起，其逾期6個月以內者，按原定利率10%計算，\r\n    超過6個月者，按原訂利率20%計算加付違約金，且依房屋借\r\n    款契約書及個人授信約定書規定任何一宗債務不依約清償或\r\n    償付本金時，無須由聲請人事先通知或催告，借款人即喪失\r\n    期限之利益，應立即全部償還。詎相對人自105年8月2日起\r\n    即未繳本息，是相對人已喪失期限利益，應立即全部清償，\r\n    核其積欠聲請人本金22,896,711元，屢經催討均未清償，為\r\n    此聲請拍賣抵押物，以資受償等語。\r\n三、查聲請人上開主張，業據提出借款契約書、個人授信約定書\r\n    、信用卡申請書、抵押權設定契約書、他項權利證明書、土\r\n    地登記謄本等影本為證，並經本院於105年11月16日通知相\r\n    對人，於文到10日內就本件聲請陳述意見，且經相對人本人\r\n    於105年11月16日收受送達，惟相對人迄今並未有所陳述。\r\n    是本件聲請，經核於法尚無不合，應予准許。\r\n四、爰依非訟事件法第21條第2項、民事訴訟法第78條，裁定如\r\n    主文。\r\n五、如不服本裁定，應於裁定送達後10日內向本院提出抗告狀，\r\n    並繳納抗告費1,000元。如持本裁定聲請強制執行時，請一\r\n    併檢附相對人收受本裁定之送達證書影本提出於民事執行處\r\n    。\r\n中    華    民    國  105    年    12    月    5    日\r\n                  馬公簡易庭  司法事務官\r\n┌──────────────────────────────────────────────────────┐\r\n│附表：                                                                                   105年度司拍字第20號│\r\n├──┬──────────────────────┬──┬──────────┬───────┬──────┤\r\n│    │      土        地        坐        落      │    │    面        積    │              │            │\r\n│編號├───┬────┬────┬────┬───┤地目├──┬──┬────┤權  利  範  圍│備        考│\r\n│    │縣  市│鄉鎮市區│   段   │ 小  段 │地  號│    │公頃│公畝│平方公尺│              │            │\r\n├──┼───┼────┼────┼────┼───┼──┼──┼──┼────┼───────┼──────┤\r\n│001 │澎湖縣│馬公市  │文化    │        │441   │建  │    │    │188.05  │全部          │重測前：文澳│\r\n│    │      │        │        │        │      │    │    │    │        │              │段1009-8地號│\r\n└──┴───┴────┴────┴────┴───┴──┴──┴──┴────┴───────┴──────┘\r\n◎附註：\r\n一、聲請人、相對人如於事後遞狀均請註明案號、股別。\r\n二、聲請人應於收受本裁定後10日內，提出相對人最新戶籍謄本\r\n    （記事欄勿省略），以核對本裁定是否合法送達相對人。（\r\n    否則無法核發確定證明書）\r\n三、案件一經確定，本院依職權逕行核發確定證明書，聲請人毋\r\n    庸另行聲請。","type":"裁定","historyHash":"","mainText":"相對人所有如附表所示之不動產准予拍賣。\n聲請程序費用新臺幣參仟元由相對人負擔。","opinion":"一、按最高限額抵押權人於債權已屆清償期而未受清償者，得聲請法院拍賣抵押物，就其賣得價金而受清償，民法第881條之17準用第873條定有明文。\n二、本件聲請意旨略以︰(一)相對人顏秀雲於民國104年1月21日，將其所有如附表所示之不動產，設定新台幣（下同）749萬元之最高限額抵押權予聲請人，以擔保其對聲請人現在(包括過去所負現在尚未清償)及將來所負一切債務(包括借款、透支、墊款、票據、保證及信用卡契約)之清償，擔保債權確定之期日為134年1月19日，債務清償日期依照各個契約約定，業經登記在案。(二)嗣相對人分別於103年12月17日、104年1月23日、104年4月2日，向聲請人借款三筆合計2,474萬元，並約定如逾期攤繳利息，除按原訂利率付息外，自逾期之日起，其逾期6個月以內者，按原定利率10%計算，超過6個月者，按原訂利率20%計算加付違約金，且依房屋借款契約書及個人授信約定書規定任何一宗債務不依約清償或償付本金時，無須由聲請人事先通知或催告，借款人即喪失期限之利益，應立即全部償還。詎相對人自105年8月2日起即未繳本息，是相對人已喪失期限利益，應立即全部清償，核其積欠聲請人本金22,896,711元，屢經催討均未清償，為此聲請拍賣抵押物，以資受償等語。\n三、查聲請人上開主張，業據提出借款契約書、個人授信約定書、信用卡申請書、抵押權設定契約書、他項權利證明書、土地登記謄本等影本為證，並經本院於105年11月16日通知相對人，於文到10日內就本件聲請陳述意見，且經相對人本人於105年11月16日收受送達，惟相對人迄今並未有所陳述。\n是本件聲請，經核於法尚無不合，應予准許。\n四、爰依非訟事件法第21條第2項、民事訴訟法第78條，裁定如主文。\n五、如不服本裁定，應於裁定送達後10日內向本院提出抗告狀，並繳納抗告費1,000元。如持本裁定聲請強制執行時，請一併檢附相對人收受本裁定之送達證書影本提出於民事執行處。","relatedIssues":[{"lawName":"民事訴訟法","issueRef":"78"},{"lawName":"民法","issueRef":"873"},{"lawName":"民法","issueRef":"881-17"},{"lawName":"非訟事件法","issueRef":"21 2"}],"party":[{"group":["plaintiff"],"title":"聲請人","value":"玉山商業銀行股份有限公司"},{"group":[],"title":"法定代理人","value":"曾國烈"},{"group":["plaintiff","agentAdLitem"],"title":"代理人","value":"黃義雄"},{"group":[],"title":"相對人","value":"顏秀雲"}]}
