{"court":"臺灣澎湖地方法院","date":"2016-03-31T00:00:00+08:00","no":"104,消債更,10","sys":"民事","reason":"更生事件","judgement":"臺灣澎湖地方法院民事裁定　　　　　 104年度消債更字第10號\r\n聲　請　人　陳文聰　\r\n代　理　人　魯惠良律師\r\n上列聲請人因消費者債務清理事件聲請更生，本院裁定如下：\r\n    主  文                   \r\n聲請駁回。\r\n聲請程序費用新臺幣壹仟元由聲請人負擔。\r\n    理  由                   \r\n一、按債務人不能清償債務或有不能清償之虞者，得依消費者債\r\n    務清理條例所定更生或清算程序，清理其債務；債務人無擔\r\n    保或無優先權之債務總額未逾新臺幣（下同）1,200萬元者\r\n    ，於法院裁定開始清算程序或宣告破產前，得向法院聲請更\r\n    生；法院開始更生程序之裁定，應載明其年、月、日、時，\r\n    並即時發生效力，消費者債務清理條例（下稱消債條例）第\r\n    3條、第42條第1項及第45條第1項分別定有明文。又按債務\r\n    人對於金融機構負債務者，在聲請更生或清算前，應向最大\r\n    債權金融機構請求協商債務清償方案，或向其住、居所地之\r\n    法院或鄉、鎮、市、區調解委員會聲請債務清理之調解；協\r\n    商或調解成立者，債務人不得聲請更生或清算。但因不可歸\r\n    責於己之事由，致履行有困難者，不在此限，消費者債務清\r\n    理條例第151條第1項及第7項，亦分別定有明文。\r\n二、本件聲請意旨略以：聲請人即債務人陳文聰前與最大債權金\r\n    融機構即玉山商業銀行股份有限公司（下稱玉山銀行）進行\r\n    債務調解，惟因無法負擔債權人所提每月清償1,680元，共\r\n    168期之方案，致調解不成立。債務人於澎湖縣政府大城北\r\n    游泳池擔任約聘僱救生員，每月薪資為25,109元，因尚須租\r\n    屋及負擔同住之母親膳食及母親醫護等費用，債務人之收入\r\n    扣除每月必要支出後已不能清償債務，且無擔保或無優先權\r\n    之債務總額未逾1,200萬元，爰向本院聲請更生等語。\r\n三、經查：\r\n  (一)債務人無擔保或無優先權之債務總金額為212,368元，前向\r\n    本院具狀聲請債務清理調解，最大債權銀行玉山銀行雖提出\r\n    每月清償1,680元，共168期之方案，然債務人因主張每月收\r\n    入扣除必要支出後，僅能清償1,000元，因而調解不成立，\r\n    債務人並請求聲請更生等情，業經本院依職權調閱本院104\r\n    年度司消債調字第10號卷宗（下稱調解卷）查明無訛，堪信\r\n    為真實。\r\n  (二)債務人主張現任職澎湖縣政府約聘僱救生員，每月收入為\r\n    25,109元，每月需支出房租8,000元、水電費514元、電話費\r\n    （2支行動電話門號）約1,299元、勞健保費899元、勞退提\r\n    撥金1,200元、交通費300元，與母親2人之膳食費用8,500元\r\n    、母親醫護費用3,668元，綜上，每月生活費用共需24,380\r\n    元，故無法負擔上開玉山銀行所提之調解方案。查本件債務\r\n    人固主張每月需支出自己與母親之膳食費用8,500元，母親\r\n    醫護費用3,668元，每月實際支出母親之扶養費約8,000元等\r\n    語，惟查債務人於本院審理時曾到庭陳稱，尚有已出嫁且已\r\n    就業之妹妹2人，則縱認債務人陳稱每月母親之扶養費用支\r\n    出需8,000元，則本院衡以債務人母親自101年1月起每月領\r\n    有3,500元之老人基本保證年金，其每月扣除該年金外，尚\r\n    需扶養費用以8,000元計應屬合理，則衡以債務人母親有含\r\n    債務人在內之成年子女3名，債務人應負擔之扶養母親費用\r\n    自應以每月2,667元為合理（8,000元/扶養義務人3人，元以\r\n    下採無條件進位法），至債務人辯稱：其妹2人應已出嫁，\r\n    不可能要求他們負擔母親扶養義務云云，惟民法第1115條第\r\n    1項規定：「負扶養義務者有數人時，應依左列順序定其履\r\n    行義務之人：一、直系血親卑親屬。二、......」、同條第\r\n    2項規定：「同係直系尊親屬或直系卑親屬者，以親等近者\r\n    為先」，則縱直系血親卑親屬為已出嫁之女兒，於直系血親\r\n    尊親屬有受扶養所需時，亦不應此可免其應負擔之扶養義務\r\n    ，是債務人此節辯稱尚難為採。\r\n  (三)綜上，縱認本件債務人所稱之各項生活必要支出及母親每月\r\n    扶養所需費用數額為可採，則因其負擔之母親扶養費用應以\r\n    2,677元計，非8,000元計，則其每月必要支出費用應以\r\n    19,057元為合理（24,380元-8,000元+2,677元），則依債務\r\n    人所稱每月收入25,109元，扣除上開每月必要支出費用後，\r\n    每月尚餘6,052元﹝計算式：22,000元－（30,276元÷2）＝\r\n    6,052元﹞，復衡諸債務人亦自陳105年間領有年終獎金近4\r\n    萬元等語以觀，應足認債務人收入扣除必要支出後顯能清償\r\n    玉山銀行所提出之還款方案，則債務人應尚無「不能清償債\r\n    務或不能清償之虞」之情事存在。\r\n四、綜上所述，本件債務人應有能力支付最大債權金融機構玉山\r\n    銀行所提出之還款方案，卻無履行之意願，致協商不成立，\r\n    足見本件實因債務人主觀上欠缺清理債務之誠意，而非有不\r\n    能清償債務或有不能清償之虞之情事，是以其提起本件聲請\r\n    ，核與消債條例第3條規定之要件不符，及此要件不符復無\r\n    從補正，應駁回其更生之聲請，爰裁定如主文。\r\n五、依消費者債務清理條例第15條、民事訴訟法第95條、第78條\r\n    ，裁定如主文。\r\n中    華    民    國   105    年    3     月    31    日\r\n                    民事庭  法  官  陳炫谷\r\n以上正本係照原本作成\r\n如對本裁定抗告須於裁定送達後10日內向本院提出抗告狀，並繳\r\n納抗告費新台幣1,000元。\r\n中    華    民    國   105    年    4     月     1    日\r\n                            書記官  呂黎明","type":"裁定","historyHash":"c538b3fd6de276ecc13afe1e99764dfb","mainText":"聲請駁回。\n聲請程序費用新臺幣壹仟元由聲請人負擔。","opinion":"三、經查：\n  (一)債務人無擔保或無優先權之債務總金額為212,368元，前向本院具狀聲請債務清理調解，最大債權銀行玉山銀行雖提出每月清償1,680元，共168期之方案，然債務人因主張每月收入扣除必要支出後，僅能清償1,000元，因而調解不成立，債務人並請求聲請更生等情，業經本院依職權調閱本院104年度司消債調字第10號卷宗（下稱調解卷）查明無訛，堪信為真實。\n  (二)債務人主張現任職澎湖縣政府約聘僱救生員，每月收入為25,109元，每月需支出房租8,000元、水電費514元、電話費（2支行動電話門號）約1,299元、勞健保費899元、勞退提撥金1,200元、交通費300元，與母親2人之膳食費用8,500元、母親醫護費用3,668元，綜上，每月生活費用共需24,380元，故無法負擔上開玉山銀行所提之調解方案。查本件債務人固主張每月需支出自己與母親之膳食費用8,500元，母親醫護費用3,668元，每月實際支出母親之扶養費約8,000元等語，惟查債務人於本院審理時曾到庭陳稱，尚有已出嫁且已就業之妹妹2人，則縱認債務人陳稱每月母親之扶養費用支出需8,000元，則本院衡以債務人母親自101年1月起每月領有3,500元之老人基本保證年金，其每月扣除該年金外，尚需扶養費用以8,000元計應屬合理，則衡以債務人母親有含債務人在內之成年子女3名，債務人應負擔之扶養母親費用自應以每月2,667元為合理（8,000元/扶養義務人3人，元以下採無條件進位法），至債務人辯稱：其妹2人應已出嫁，不可能要求他們負擔母親扶養義務云云，惟民法第1115條第1項規定：「負扶養義務者有數人時，應依左列順序定其履行義務之人：一、直系血親卑親屬。二、......」、同條第2項規定：「同係直系尊親屬或直系卑親屬者，以親等近者為先」，則縱直系血親卑親屬為已出嫁之女兒，於直系血親尊親屬有受扶養所需時，亦不應此可免其應負擔之扶養義務，是債務人此節辯稱尚難為採。\n  (三)綜上，縱認本件債務人所稱之各項生活必要支出及母親每月扶養所需費用數額為可採，則因其負擔之母親扶養費用應以2,677元計，非8,000元計，則其每月必要支出費用應以19,057元為合理（24,380元-8,000元+2,677元），則依債務人所稱每月收入25,109元，扣除上開每月必要支出費用後，每月尚餘6,052元﹝計算式：22,000元－（30,276元÷2）＝6,052元﹞，復衡諸債務人亦自陳105年間領有年終獎金近4萬元等語以觀，應足認債務人收入扣除必要支出後顯能清償玉山銀行所提出之還款方案，則債務人應尚無「不能清償債務或不能清償之虞」之情事存在。\n四、綜上所述，本件債務人應有能力支付最大債權金融機構玉山銀行所提出之還款方案，卻無履行之意願，致協商不成立，足見本件實因債務人主觀上欠缺清理債務之誠意，而非有不能清償債務或有不能清償之虞之情事，是以其提起本件聲請，核與消債條例第3條規定之要件不符，及此要件不符復無從補正，應駁回其更生之聲請，爰裁定如主文。\n五、依消費者債務清理條例第15條、民事訴訟法第95條、第78條，裁定如主文。","relatedIssues":[{"lawName":"民事訴訟法","issueRef":"78"},{"lawName":"民事訴訟法","issueRef":"95"},{"lawName":"民法","issueRef":"1115 1"},{"lawName":"民法","issueRef":"1115 2"},{"lawName":"消費者債務清理條例","issueRef":"3"},{"lawName":"消費者債務清理條例","issueRef":"3"},{"lawName":"消費者債務清理條例","issueRef":"15"},{"lawName":"消費者債務清理條例","issueRef":"42 1"},{"lawName":"消費者債務清理條例","issueRef":"45 1"},{"lawName":"消費者債務清理條例","issueRef":"151 1"},{"lawName":"消費者債務清理條例","issueRef":"151 7"}],"party":[{"group":["plaintiff"],"title":"聲請人","value":"陳文聰"},{"group":["plaintiff","agentAdLitem","lawyer"],"title":"代理人","value":"魯惠良律師"}]}
