{"court":"臺灣澎湖地方法院","date":"2009-02-12T00:00:00+08:00","no":"98,家救,4","sys":"民事","reason":"訴訟救助","judgement":"臺灣澎湖地方法院民事裁定　　　　　　　 98年度家救字第4號\r\n聲　請　人　乙○○\r\n特別代理人　丙○○\r\n代　理　人　施一帆律師\r\n上列聲請人與甲○○之間請求返還不當得利等事件，聲請人聲請\r\n訴訟救助，本院裁定如下\r\n    主  文\r\n准予訴訟救助。\r\n    理  由\r\n一、按當事人無資力支出訴訟費用者，法院應依聲請，以裁定准\r\n    予訴訟救助，民事訴訟法第107條第1項前段定有明文。次按\r\n    無資力者，得申請法律扶助；經分會准予法律扶助之無資力\r\n    者，其於訴訟程序中，向法院聲請訴訟救助時，應准予訴訟\r\n    救助，法律扶助法第13條、第62條前段亦分別定有明文。\r\n二、本件聲請人以其與甲○○之間請求返還不當得利等事件，無\r\n    資力支出訴訟費用，向財團法人法律扶助基金會澎湖分會申\r\n    請法律扶助獲准，為此爰依民事訴訟法第107條，法律扶助\r\n    法第62條之規定，向本院聲請訴訟救助，有本院97年度家聲\r\n    字第5號裁定、戶籍謄本、財團法人法律扶助基金會審查表\r\n    、申請人資力審查詢問表及專用委任狀影本為證。\r\n三、本件聲請核無不合，應予准許，爰依民事訴訟法第107條第1\r\n    項前段，裁定如主文。\r\n中　　華　　民　　國　　98　　年　　2 　　月　　12　　日\r\n                        民事庭  法  官  陳順輝\r\n以上正本係照原本作成。\r\n如對本裁定抗告須於裁定送達後10日內向本院提出抗告狀（須附\r\n繕本），並應繳納抗告費新臺幣1,000 元。\r\n中　　華　　民　　國　　98　　年　　2 　　月　　13　　日\r\n                                書記官　王耀煌","type":"裁定","historyHash":"","mainText":"准予訴訟救助。","opinion":"一、按當事人無資力支出訴訟費用者，法院應依聲請，以裁定准予訴訟救助，民事訴訟法第107條第1項前段定有明文。次按無資力者，得申請法律扶助；經分會准予法律扶助之無資力者，其於訴訟程序中，向法院聲請訴訟救助時，應准予訴訟救助，法律扶助法第13條、第62條前段亦分別定有明文。\n二、本件聲請人以其與甲○○之間請求返還不當得利等事件，無資力支出訴訟費用，向財團法人法律扶助基金會澎湖分會申請法律扶助獲准，為此爰依民事訴訟法第107條，法律扶助法第62條之規定，向本院聲請訴訟救助，有本院97年度家聲字第5號裁定、戶籍謄本、財團法人法律扶助基金會審查表、申請人資力審查詢問表及專用委任狀影本為證。\n三、本件聲請核無不合，應予准許，爰依民事訴訟法第107條第1項前段，裁定如主文。","relatedIssues":[{"lawName":"民事訴訟法","issueRef":"107"},{"lawName":"民事訴訟法","issueRef":"107 1"},{"lawName":"民事訴訟法","issueRef":"107 1"},{"lawName":"法律扶助法","issueRef":"13"},{"lawName":"法律扶助法","issueRef":"62"},{"lawName":"法律扶助法","issueRef":"62"}],"party":[{"group":["plaintiff"],"title":"聲請人","value":"乙○○"},{"group":[],"title":"特別代理人","value":"丙○○"},{"group":["plaintiff","agentAdLitem","lawyer"],"title":"代理人","value":"施一帆律師"}]}
