{"court":"臺灣澎湖地方法院","date":"2014-02-25T00:00:00+08:00","no":"103,司繼,8","sys":"民事","reason":"陳報遺產清冊","judgement":"臺灣澎湖地方法院家事裁定　　　　　　　103年度司繼字第8號\r\n聲　請　人　鄭心德\r\n上列聲請人對被繼承人鄭國寶之遺產聲明法定繼承陳報遺產清冊\r\n事件，本院裁定如下：\r\n一、聲請人因其被繼承人鄭國寶（男，民國00年0月00日生，身\r\n　　分證統一編號：Z000000000號，生前最後住所：澎湖縣馬公\r\n　　市○○里○○路000巷00號）於103年1月5日死亡，聲請人為\r\n　　聲明法定繼承，故開具遺產清冊陳報本院一事，經核並無不\r\n　　合，本院爰依法為公示催告。\r\n二、被繼承人鄭國寶之債權人應於本公示催告最後登載新聞紙之\r\n　　翌日起6個月內，向繼承人報明其債權，如不為報明，而又\r\n　　為繼承人所不知者，僅得就賸餘遺產行使其權利。\r\n三、聲請人應於收受本裁定之日起7日內，將本裁定前二項全文\r\n　　登載公報、新聞紙或其他相類之傳播工具1日，並將登載證\r\n　　明檢送本院。聲請人未依規定登載者，視為撤回公示催告之\r\n　　聲請。\r\n四、程序費用新臺幣1,000元由被繼承人鄭國寶之遺產負擔。\r\n五、如不服本裁定，應於裁定送達後10日內，以書狀向司法事務\r\n　　官提出異議。\r\n中　　華　　民　　國　 103　　年　　2　　 月　　25　　日\r\n　　　　　　　家事法庭　司法事務官","type":"裁定","historyHash":"","mainText":"","opinion":"","relatedIssues":[],"party":[{"group":["plaintiff"],"title":"聲請人","value":"鄭心德"}]}
