{"court":"臺灣澎湖地方法院","date":"2018-11-07T00:00:00+08:00","no":"107,司促,1135","sys":"民事","reason":"支付命令","judgement":"臺灣澎湖地方法院支付命令　　　　　 107年度司促字第1135號\r\n　\r\n債　權　人　花旗(台灣)商業銀行股份有限公司\r\n\r\n\r\n法定代理人　莫兆鴻　\r\n\r\n\r\n債　務　人　楊燕明　\r\n\r\n　\r\n一、債務人應向債權人給付新臺幣肆拾玖萬零貳佰貳拾陸元，及\r\n　　其中（一）新臺幣肆拾萬捌仟捌佰參拾壹元，自民國一百零\r\n　　七年十月十五日起至清償日止，按年息百分之十七點三八計\r\n　　算之利息；（二）新臺幣陸萬貳仟捌佰陸拾玖元，自民國一\r\n　　百零七年十月十四日起至清償日止，按年息百分之十五計算\r\n　　之利息，並賠償督促程序費用新臺幣伍佰元，否則應於本命\r\n　　令送達後二十日之不變期間內，向本院提出異議。\r\n二、債權人請求之原因事實：\r\n　　緣相對人楊燕明於民國97年12月24日向債權人申請個人信用\r\n　　貸款(帳號：0000000000000000)，詎相對人逾期未為繳款，\r\n　　迄今尚欠如利息附表序號2所示之本金及利息，暨自民國107\r\n　　年10月起各筆本金結算至民國107年10月14日止未受償之遲\r\n　　延利息1712元及違約金暨月付金利息15739元。遲延利息計\r\n　　算係自每筆月付金應還款日起，就該筆月付金中本金餘額，\r\n　　依該筆借款約定之借款利率計算至結清之日止；違約金為當\r\n　　期繳款延滯時，以新臺幣三百元；連續二期延滯繳款時，第\r\n　　二期違約金新臺幣四百元，連續三期延滯繳款時，第三期之\r\n　　違約金新臺幣五百元計算；月付金利息係依每筆動用交易之\r\n　　實際撥款日起，以年金法計算按月攤還之借款利息。\r\n　　緣相對人楊燕明於民國92年8月21日向債權人申請信用卡(帳\r\n　　號：0000000000000000)，詎相對人逾期未為繳款，迄今尚\r\n　　欠如利息附表序號3所示之本金及利息，暨自民國107年9月\r\n　　起各筆本金結算至民國107年10月13日止未受償之循環利息7\r\n　　75元及違約金暨手續費300元。已結算未受償之利息係依信\r\n　　用卡約定條款有關遲延利息之約定即將每筆「得計入循環信\r\n　　用本金之帳款」，自各筆帳款入帳日起，就該帳款之餘額以\r\n　　約定之年利率計算至該筆帳款結清之日止；違約金為當期繳\r\n　　款延滯時，以新臺幣三百元，連續二期延滯繳款時，第二期\r\n　　違約金新臺幣四百元，連續三期延滯繳款時，第三期之違約\r\n　　金新臺幣五百元計算；手續費則為(一)預借現金手續費(每\r\n　　筆預借現金金額之3.5%加上新臺幣100元計算)；(二)分期借\r\n　　款手續費用(分期借款金額乘以約定分期費率)；(三)年費：\r\n　　依各信用卡卡別收取，詳見信用卡申請書；(四)國外交易授\r\n　　權結匯：依交易金額乘以1.5%計算；(五)掛失手續費：每卡\r\n　　新臺幣200元；(六)調閱帳單手續費：國內消費簽帳單每張5\r\n　　0元，國外消費簽單每張100元；(七)補送帳單手續費：每次\r\n　　每份100元。\r\n　　本件為請求一定數量金錢為標的，為求簡速，特依民事訴訟\r\n　　法第五百零八條之規定，狀請鈞院鑒核，迅賜對相對人發給\r\n　　支付命令，並負擔督促程序費用，俾保債權，至感德便。\r\n　　釋明文件：債權證明文件\r\n三、債務人未於不變期間內提出異議時，債權人得依法院核發之\r\n　　支付命令及確定證明書聲請強制執行。\r\n　\r\n中　　華　　民　　國　 107　　年　　11　　月　　7　　 日\r\n　\r\n　　　　　　　　　　　　民事庭　司法事務官\r\n　\r\n◎附註：\r\n一、債權人、債務人如於事後遞狀均請註明案號、股別。\r\n二、債權人應於收受支付命令後5日內，提出債務人最新戶籍謄\r\n　　本（記事欄勿省略），以核對支付命令是否合法送達債務人\r\n　　；如債務人係法人，則應提出法人最近登記資料（例如公司\r\n　　設立變更登記事項表）及法定代理人最新戶籍謄本（記事欄\r\n　　勿省略），以核對是否合法送達。（否則無法核發確定證明\r\n　　書）\r\n三、債務人於收受本支付命令後，如認支付命令所述之債權或其\r\n　　金額，有虛偽不實或錯誤情事者，應即向本院聲明異議，切\r\n　　勿認本件支付命令係詐騙手法而置之不理，致支付命令因逾\r\n　　期未聲明異議，可據為強制執行之執行名義，進而所有財產\r\n　　（諸如不動產、存款、薪水）遭受法院查封或拍賣之強制執\r\n　　行。本院非訟中心之聯絡電話(00)0000000分機212。\r\n四、案件一經確定，本院依職權逕行核發確定證明書，債權人毋\r\n　　庸另行聲請。","type":"","historyHash":"","mainText":"","opinion":"","relatedIssues":[{"lawName":"民事訴訟法","issueRef":"508"}],"party":[{"group":[],"title":"債權人","value":"花旗"},{"group":[],"title":"法定代理人","value":"莫兆鴻"},{"group":[],"title":"債務人","value":"楊燕明"}]}
