{"court":"臺灣澎湖地方法院","date":"2017-02-20T00:00:00+08:00","no":"106,司繼,11","sys":"民事","reason":"拋棄繼承","judgement":"臺灣澎湖地方法院民事裁定　　　　　　 106年度司繼字第11號\r\n聲　請　人　吳鎮花　\r\n上列聲請人聲明拋棄繼承事件，本院裁定如下：\r\n    主  文\r\n聲請駁回。\r\n程序費用由聲請人負擔。      \r\n    理  由\r\n一、本件聲請意旨略以：被繼承人呂葉於民國（下同）105 年10\r\n    月7 日死亡，聲請人為被繼承人之子女，因自願拋棄繼承權\r\n    ，並提出繼承系統表、戶籍謄本、印鑑證明等聲請核備等語\r\n    。\r\n二、按繼承人拋棄其繼承權，應於知悉其得繼承之時起三個月內\r\n    ，以書面向法院為之，民法第1174條第2項定有明文。\r\n三、經查：本件被繼承人呂葉於105年10月7日死亡，聲請人為被\r\n    繼承人之子女，屬第一順位直系血親卑親屬一親等之繼承人\r\n    等情，有聲請人提出之被繼承人除戶謄本、聲請人戶籍謄本\r\n    、繼承系統表等件為證。惟查，本院通知聲請人陳報何日知\r\n    悉被繼承人死亡得為繼承，聲請人於106年2月13日具狀陳報\r\n    略以：「聲請人在105年10月7日知被繼承人死亡」等語。顯\r\n    見聲請人於105年10月7日即已知悉被繼承人死亡，而聲請人\r\n    為被繼承人之子女即得為繼承。按上開法條所謂「知悉其得\r\n    繼承之時起」係指知悉被繼承人死亡且自己已依民法第1138\r\n    條規定成為繼承人之時而言，非謂尚須知悉有無繼承之遺產\r\n    ，且不因聲請人不知法律或對法律之誤解而影響法律規定所\r\n    發生之效力，然聲請人卻遲至106年1月18日始以書面向本院\r\n    聲明拋棄繼承，此有聲請人聲明拋棄繼承權狀上本院收狀章\r\n    所示日期可稽，顯已逾三個月法定拋棄繼承期間，其聲明拋\r\n    棄繼承，於法未合，應予駁回。\r\n四、依家事事件法第97條、非訟事件法第21條第1 項前段，裁定\r\n    如主文。\r\n五、如不服本件裁定，得於裁定書送達之翌日起10日內，以書狀\r\n    敘述理由，向本庭提起抗告。並應繳納抗告費新台幣壹仟元\r\n    。\r\n中    華    民    國   106    年     2    月    20    日\r\n                    家事法庭  司法事務官","type":"裁定","historyHash":"","mainText":"聲請駁回。\n程序費用由聲請人負擔。","opinion":"三、經查：本件被繼承人呂葉於105年10月7日死亡，聲請人為被繼承人之子女，屬第一順位直系血親卑親屬一親等之繼承人等情，有聲請人提出之被繼承人除戶謄本、聲請人戶籍謄本、繼承系統表等件為證。惟查，本院通知聲請人陳報何日知悉被繼承人死亡得為繼承，聲請人於106年2月13日具狀陳報略以：「聲請人在105年10月7日知被繼承人死亡」等語。顯見聲請人於105年10月7日即已知悉被繼承人死亡，而聲請人為被繼承人之子女即得為繼承。按上開法條所謂「知悉其得繼承之時起」係指知悉被繼承人死亡且自己已依民法第1138條規定成為繼承人之時而言，非謂尚須知悉有無繼承之遺產，且不因聲請人不知法律或對法律之誤解而影響法律規定所發生之效力，然聲請人卻遲至106年1月18日始以書面向本院聲明拋棄繼承，此有聲請人聲明拋棄繼承權狀上本院收狀章所示日期可稽，顯已逾三個月法定拋棄繼承期間，其聲明拋棄繼承，於法未合，應予駁回。\n四、依家事事件法第97條、非訟事件法第21條第1 項前段，裁定如主文。\n五、如不服本件裁定，得於裁定書送達之翌日起10日內，以書狀敘述理由，向本庭提起抗告。並應繳納抗告費新台幣壹仟元。","relatedIssues":[{"lawName":"家事事件法","issueRef":"97"},{"lawName":"民法","issueRef":"1138"},{"lawName":"民法","issueRef":"1174 2"},{"lawName":"非訟事件法","issueRef":"21 1"}],"party":[{"group":["plaintiff"],"title":"聲請人","value":"吳鎮花"}]}
