{"court":"臺灣澎湖地方法院","date":"2016-01-22T00:00:00+08:00","no":"104,訴,60","sys":"民事","reason":"所有權移轉登記","judgement":"臺灣澎湖地方法院民事裁定　　　　　　　 104年度訴字第60號\r\n上　訴　人\r\n即　原　告　曾貴德\r\n上列上訴人與被上訴人即被告曾俊坤間請求所有權移轉登記事件\r\n，上訴人提起上訴到院，查本件訴訟標的價額核定為新臺幣\r\n928,280元，應徵第二審裁判費新臺幣15,195元，未據上訴人繳\r\n納，茲依民事訴訟法第442條第2項規定，限該上訴人於收受本裁\r\n定後7日內如數向本院繳納，毋得延誤，逾期即駁回其上訴，特\r\n此裁定。\r\n中　　華　　民　　國　 105　　年　　1　　 月　　22　　日\r\n　　　　　　　　　　　　民事庭　法　官　陳順輝\r\n以上正本係照原本作成。\r\n如不服本裁定關於核定訴訟標的價額部分，應於送達後10日內向\r\n本院提出抗告狀，並繳納抗告費新臺幣1,000 元；其餘關於命補\r\n繳裁判費部分，不得抗告。\r\n中　　華　　民　　國　 105　　年　　1　　 月　　22　　日\r\n　　　　　　　　　　　　　　　　書記官　楊依靚","type":"裁定","historyHash":"63128990aa8dabc8633591e81dbfd87d","mainText":"","opinion":"","relatedIssues":[{"lawName":"民事訴訟法","issueRef":"442 2"}],"party":[{"group":["plaintiff"],"title":"上訴人即原告","value":"曾貴德"}]}
