{"court":"臺灣澎湖地方法院","date":"2015-09-08T00:00:00+08:00","no":"104,司促,987","sys":"民事","reason":"支付命令","judgement":"臺灣澎湖地方法院支付命令　　　　　　104年度司促字第987號\r\n債　權　人　星展（台灣）商業銀行股份有限公司\r\n法定代理人　王開源\r\n債　務　人　許峯賓\r\n一、債務人應向債權人給付新臺幣伍萬玖仟伍佰捌拾元，及自民\r\n　　國九十七年一月十五日起至民國一百零四年八月三十一日止\r\n　　，按年息百分之十八點二五計算之利息，自民國一百零四年\r\n　　九月一日起至清償日止，按年息百分之十五計算之利息，暨\r\n　　自民國九十七年一月十五日起至清償日止，其逾期在六個月\r\n　　以內者，按上開利率百分之十，超過六個月者，按上開利率\r\n　　百分之二十，計算之違約金，並賠償督促程序費用新臺幣伍\r\n　　佰元。\r\n二、債權人請求之原因事實如附件（引用聲請書）所載。\r\n三、債務人應向債權人清償其請求並賠償程序費用，否則應於支\r\n　　付命令送達後二十日之不變期間內，向本院提出異議。\r\n四、債務人未於不變期間內提出異議時，債權人得依法院核發之\r\n　　支付命令及確定證明書聲請強制執行。\r\n中　　華　　民　　國　 104　　年　　9　　 月　　8　　 日\r\n　　　　　　　　民事庭　司法事務官\r\n◎附註：\r\n一、債權人、債務人如於事後遞狀均請註明案號、股別。\r\n二、債權人應於收受支付命令後5日內，提出債務人最新戶籍謄\r\n　　本（記事欄勿省略），以核對支付命令是否合法送達債務人\r\n　　；如債務人係法人，則應提出法人最近登記資料（例如公司\r\n　　設立變更登記事項表）及法定代理人最新戶籍謄本（記事欄\r\n　　勿省略），以核對是否合法送達。（否則無法核發確定證明\r\n　　書）\r\n三、債務人於收受本支付命令後，如認支付命令所述之債權或其\r\n　　金額，有虛偽不實或錯誤情事者，應即向本院聲明異議，切\r\n　　勿認本件支付命令係詐騙手法而置之不理，致支付命令因逾\r\n　　期未聲明異議，可據為強制執行之執行名義，進而所有財產\r\n　　（諸如不動產、存款、薪水）遭受法院查封或拍賣之強制執\r\n　　行。本院非訟中心之聯絡電話(00)0000000分機212。\r\n四、案件一經確定，本院依職權逕行核發確定證明書，債權人毋\r\n　　庸另行聲請。","type":"","historyHash":"","mainText":"","opinion":"","relatedIssues":[],"party":[{"group":[],"title":"債權人","value":"星展"},{"group":[],"title":"法定代理人","value":"王開源"},{"group":[],"title":"債務人","value":"許峯賓"}]}
