{"court":"臺灣澎湖地方法院","date":"2015-10-26T00:00:00+08:00","no":"104,馬簡,55","sys":"民事","reason":"分割共有物","judgement":"臺灣澎湖地方法院刑事簡易判決　　　　 104年度馬簡字第55號\r\n聲　請　人　臺灣澎湖地方法院檢察署檢察官\r\n被　　　告　蔡孟樵\r\n上列被告因違反毒品危害防制條例案件，經檢察官聲請以簡易判\r\n決處刑（104年度偵字第110號），本院判決如下：\r\n    主      文\r\n蔡孟樵持有第二級毒品，處有期徒刑參月，如易科罰金，以新臺\r\n幣壹仟元折算壹日，扣案第二級毒品甲基安非他命殘渣及其附著\r\n之燈泡壹個（殘渣量微無法與燈泡析離並計重）均沒收銷燬之。\r\n    事實及理由\r\n一、本件犯罪事實、證據、應適用法條，除下列應補充事項外，\r\n    餘均引用檢察官聲請簡易判決處刑書之記載(如附件)：\r\n  (一)扣案第二級毒品甲基安非他命殘渣及其附著之燈泡1個，均\r\n    係被告所有之違禁物，因甲基安非他命殘渣量微，導致無法\r\n    與燈泡析離並計重，均應依毒品危害防制條例第18條第1項\r\n    前段之規定諭知沒收銷燬之。\r\n  (二)其餘扣案藥丸6顆、藥粉1瓶、香菸17支等物，雖係被告所有\r\n    之物，然非供其為本件持有第二級毒品犯行所用之物，復非\r\n    違禁物，爰不予宣告沒收之。\r\n二、依刑事訴訟法第449條第1項前段、第450條第1項、第454條\r\n    第2項，毒品危害防制條例第11條第2項、第18條第1項前段\r\n    ，刑法第11條、第41條第1項前段，逕以簡易判決處如主文\r\n    所示之刑。\r\n三、如不服本判決應於收受判決後10日內向本院提出上訴書狀，\r\n    並應敘述具體理由；其未敘述上訴理由者，應於上訴期間屆\r\n    滿後20日內向本院補提理由書（均須按他造當事人之人數附\r\n    繕本）「切勿逕送上級法院」。\r\n中    華    民    國   104    年     5    月    29    日\r\n                  臺灣澎湖地方法院馬公簡易庭\r\n                      法  官  陳炫谷\r\n以上正本證明與原本無異。\r\n中    華    民    國   104    年     5    月    29    日\r\n                      書記官  林德盛\r\n附錄本案論罪科刑法條全文：\r\n毒品危害防制條例第11條第2項：\r\n持有第二級毒品者，處2年以下有期徒刑、拘役或新臺幣3萬元以\r\n下罰金。","type":"判決","historyHash":"81ad4a615a260b54378b8efce904dd62","mainText":"蔡孟樵持有第二級毒品，處有期徒刑參月，如易科罰金，以新臺幣壹仟元折算壹日，扣案第二級毒品甲基安非他命殘渣及其附著之燈泡壹個（殘渣量微無法與燈泡析離並計重）均沒收銷燬之。","opinion":"事實及理由\n一、本件犯罪事實、證據、應適用法條，除下列應補充事項外，餘均引用檢察官聲請簡易判決處刑書之記載(如附件)：\n  (一)扣案第二級毒品甲基安非他命殘渣及其附著之燈泡1個，均係被告所有之違禁物，因甲基安非他命殘渣量微，導致無法與燈泡析離並計重，均應依毒品危害防制條例第18條第1項前段之規定諭知沒收銷燬之。\n  (二)其餘扣案藥丸6顆、藥粉1瓶、香菸17支等物，雖係被告所有之物，然非供其為本件持有第二級毒品犯行所用之物，復非違禁物，爰不予宣告沒收之。\n二、依刑事訴訟法第449條第1項前段、第450條第1項、第454條第2項，毒品危害防制條例第11條第2項、第18條第1項前段，刑法第11條、第41條第1項前段，逕以簡易判決處如主文所示之刑。\n三、如不服本判決應於收受判決後10日內向本院提出上訴書狀，並應敘述具體理由；其未敘述上訴理由者，應於上訴期間屆滿後20日內向本院補提理由書（均須按他造當事人之人數附繕本）「切勿逕送上級法院」。","relatedIssues":[{"lawName":"中華民國刑法","issueRef":"11"},{"lawName":"中華民國刑法","issueRef":"41 1"},{"lawName":"刑事訴訟法","issueRef":"449 1"},{"lawName":"刑事訴訟法","issueRef":"450 1"},{"lawName":"刑事訴訟法","issueRef":"454 2"},{"lawName":"毒品危害防制條例","issueRef":"11 2"},{"lawName":"毒品危害防制條例","issueRef":"11 2"},{"lawName":"毒品危害防制條例","issueRef":"18 1"},{"lawName":"毒品危害防制條例","issueRef":"18 1"}],"party":[{"group":["plaintiff"],"title":"聲請人","value":"臺灣澎湖地方法院檢察署檢察官"},{"group":["defendant"],"title":"被告","value":"蔡孟樵"}]}
