{"court":"臺灣澎湖地方法院","date":"2014-07-25T00:00:00+08:00","no":"103,補,29","sys":"民事","reason":"分割共有物","judgement":"臺灣澎湖地方法院民事裁定　　　　　　　 103年度補字第29號\r\n原　　　告　陳怜慧　\r\n上列原告與被告吳安上間請求分割共有物事件，原告應於收受\r\n本裁定之日起5日內，補正下列事項，逾期即駁回其訴，特此裁\r\n定。\r\n應補正之事項：\r\n一、本件原告起訴未據繳納裁判費，查本件訴訟標的價額核定為\r\n　　新臺幣（下同）724,206元，應徵收第一審裁判費7,930元。\r\n二、被告吳安上之最新戶籍謄本（須含記事欄）。\r\n中　　華　　民　　國　 103　　年　　7　　 月　　25　　日\r\n　　　　　　　　　　　　民事庭　法　官　陳炫谷\r\n以上正本係照原本作成。\r\n如對本裁定關於核定訴訟標的價額部分抗告，應於裁定送達後10\r\n日內向本院（澎湖縣馬公市○○里○○○000號）提出抗告狀（\r\n須附繕本），並繳納抗告費新臺幣1,000元；關於命補正部分不\r\n得抗告。\r\n中　　華　　民　　國　 103　　年　　7　　 月　　25　　日\r\n　　　　　　　　　　　　　　　　書記官　林德盛","type":"裁定","historyHash":"","mainText":"","opinion":"","relatedIssues":[],"party":[{"group":["plaintiff"],"title":"原告","value":"陳怜慧"}]}
