{"court":"臺灣澎湖地方法院","date":"2013-09-23T00:00:00+08:00","no":"102,司拍,12","sys":"民事","reason":"拍賣抵押物","judgement":"臺灣澎湖地方法院民事裁定　　　　　　 102年度司拍字第12號\r\n聲　請　人　李美英\r\n相　對　人　李彥瑾即李璻雲\r\n上列當事人間請求拍賣抵押物事件，本院於民國102年8月16日所\r\n為之裁定，應更正如下：\r\n    主  文\r\n原裁定原本、正本當事人欄中關於「李英美」之記載，應更正為\r\n「李美英」。\r\n    理  由\r\n一、按判決如有誤寫、誤算或其他類此之顯然錯誤者，法院得依\r\n    聲請或依職權以裁定更正；其正本與原本不符者亦同，民事\r\n    訴訟法第232條第1項定有明文。此依規定於非訟事件之裁定\r\n    準用之，非訟事件法第20條第2項亦設有明文。\r\n二、查本院所為前開裁定有如主文所示之顯然錯誤；正本與原本\r\n    不符，應予更正。\r\n三、依首開規定裁定如主文。\r\n四、如不服本裁定，應於裁定送達後 10 日內，以書狀向司法事\r\n    務官提出異議。\r\n中    華    民    國   102    年    9     月    23    日\r\n                  民事庭  司法事務官","type":"裁定","historyHash":"d61a45f1a8df521688c644d12fa3cf2a","mainText":"原裁定原本、正本當事人欄中關於「李英美」之記載，應更正為「李美英」。","opinion":"一、按判決如有誤寫、誤算或其他類此之顯然錯誤者，法院得依聲請或依職權以裁定更正；其正本與原本不符者亦同，民事訴訟法第232條第1項定有明文。此依規定於非訟事件之裁定準用之，非訟事件法第20條第2項亦設有明文。\n二、查本院所為前開裁定有如主文所示之顯然錯誤；正本與原本不符，應予更正。\n三、依首開規定裁定如主文。\n四、如不服本裁定，應於裁定送達後 10 日內，以書狀向司法事務官提出異議。","relatedIssues":[{"lawName":"民事訴訟法","issueRef":"232 1"},{"lawName":"非訟事件法","issueRef":"20 2"}],"party":[{"group":["plaintiff"],"title":"聲請人","value":"李美英"},{"group":[],"title":"相對人","value":"李彥瑾即李璻雲"}]}
