{"court":"臺灣澎湖地方法院","date":"2017-10-27T00:00:00+08:00","no":"106,馬簡,76","sys":"民事","reason":"清償借款","judgement":"臺灣澎湖地方法院民事裁定　　　　　　 106年度馬簡字第76號\r\n上　訴　人　顏志豪\r\n即　被　告　　　　\r\n上訴人即被告與被上訴人即原告陳勃志間請求清償借款事件，上\r\n訴人對於中華民國106年10月6日本院第一審判決，提起第二審上\r\n訴。查本件訴訟標的金額為新臺幣（下同）289,900元，應徵第\r\n二審裁判費4,635元，未據上訴人繳納，茲依民事訴訟法第436條\r\n之1第3項、第442條第2項前段規定，限上訴人於收受本裁定送達\r\n後5日內逕向本庭如數補繳，逾期不繳，即駁回上訴，特此裁定\r\n。\r\n中　　華　　民　　國　 106　　年　　10　　月　　27　　日\r\n　　　　　　　　　臺灣澎湖地方法院馬公簡易庭\r\n　　　　　　　　　　　法　官　王政揚\r\n以上為正本係照原本作成。\r\n本件不得抗告。\r\n中　　華　　民　　國　 106　　年　　10　　月　　27　　日\r\n　　　　　　　　　　　書記官　林映君","type":"裁定","historyHash":"","mainText":"","opinion":"","relatedIssues":[{"lawName":"民事訴訟法","issueRef":"436-1 3"},{"lawName":"民事訴訟法","issueRef":"442 2"}],"party":[{"group":["plaintiff","defendant"],"title":"上訴人即被告","value":"顏志豪"}]}
