{"court":"臺灣澎湖地方法院","date":"2018-01-02T00:00:00+08:00","no":"107,訴,1","sys":"民事","reason":"分割共有物","judgement":"臺灣澎湖地方法院民事裁定　　　　　　　　107年度訴字第1號\r\n原　　　告　顏政信　\r\n被　　　告　劉松森　\r\n　　　　　　劉松明　\r\n　　　　　　趙啟盛　\r\n　　　　　　劉建宏　\r\n　　　　　　張劉秀美\r\n上列當事人間請求分割共有物事件，本院裁定如下：\r\n    主  文\r\n原告之訴駁回。\r\n訴訟費用由原告負擔。\r\n    理  由\r\n一、按提起民事訴訟應依民事訴訟法第1編第3章第1節、第2節之\r\n    規定繳納裁判費，此為必須具備之程式。\r\n二、查原告提起本件分割共有物事件，未據繳納裁判費新臺幣\r\n    14,860元，茲於民國106年12月6日裁定命原告於送達後7日\r\n    內補繳，而此項裁定已於106年12月12日合法送達原告，原\r\n    告迄今猶未繳納，有前開補正裁定送達證書、本院民事科查\r\n    詢簡答表等在卷可稽，是以原告提起本件訴訟之程序自非適\r\n    法，應予駁回。\r\n三、依民事訴訟法第249條第1項第6款、第95條、第78條，裁定\r\n    如主文。\r\n中    華    民    國   107    年    1     月    2     日\r\n                  民事庭  法  官  王政揚\r\n以上為正本係照原本作成。\r\n如對本裁定抗告，應於裁定送達後10日內向本院（澎湖縣○○市\r\n○○里○○○000號）提出抗告狀（須附繕本）。\r\n中    華    民    國   107    年    1     月    2     日\r\n                          書記官  林映君","type":"裁定","historyHash":"","mainText":"原告之訴駁回。\n訴訟費用由原告負擔。","opinion":"一、按提起民事訴訟應依民事訴訟法第1編第3章第1節、第2節之規定繳納裁判費，此為必須具備之程式。\n二、查原告提起本件分割共有物事件，未據繳納裁判費新臺幣14,860元，茲於民國106年12月6日裁定命原告於送達後7日內補繳，而此項裁定已於106年12月12日合法送達原告，原告迄今猶未繳納，有前開補正裁定送達證書、本院民事科查詢簡答表等在卷可稽，是以原告提起本件訴訟之程序自非適法，應予駁回。\n三、依民事訴訟法第249條第1項第6款、第95條、第78條，裁定如主文。","relatedIssues":[{"lawName":"民事訴訟法","issueRef":"78"},{"lawName":"民事訴訟法","issueRef":"95"},{"lawName":"民事訴訟法","issueRef":"249 1 6"}],"party":[{"group":["plaintiff"],"title":"原告","value":"顏政信"},{"group":["defendant"],"title":"被告","value":"劉松森"},{"group":["defendant"],"title":"被告","value":"劉松明"},{"group":["defendant"],"title":"被告","value":"趙啟盛"},{"group":["defendant"],"title":"被告","value":"劉建宏"},{"group":["defendant"],"title":"被告","value":"張劉秀美"}]}
