{"court":"臺灣澎湖地方法院","date":"2015-04-22T00:00:00+08:00","no":"103,馬簡,99","sys":"民事","reason":"分割共有物","judgement":"宣　示　判　決　筆　錄　　　　　　　 103年度馬簡字第99號\r\n原　　　告　鄭潘秀惠\r\n被　　　告　謝阿媛　\r\n　　　　　　高謝阿春\r\n受告知訴訟　花旗（台灣）商業銀行股份有限公司\r\n人　　　　　　　　　\r\n法定代理人　管國霖　\r\n上列當事人間分割共有物事件，本院於中華民國104年4月9日言\r\n詞辯論終結，同年月22日在臺灣澎湖地方法院馬公簡易庭簡易法\r\n庭公開宣示判決，出席職員如下︰\r\n　　法　官　陳炫谷\r\n　　書記官　林德盛\r\n　　通　譯　李品儀\r\n兩造均未到\r\n法官宣示判決主文如下，並諭知將判決主文及其事實及理由要領\r\n記載如下：\r\n    主  文\r\n原告與被告謝阿媛、高謝阿春共有坐落澎湖縣白沙鄉○○○段○\r\n○○地號土地、面積四０點四九平方公尺，准予分割，並全部分\r\n歸原告所有。原告並應給付被告謝阿媛新臺幣參萬壹仟肆佰玖拾\r\n參元之補償金，應給付被告高謝阿春新臺幣陸萬貳仟玖佰捌拾陸\r\n元之補償金。\r\n訴訟費用由被告謝阿媛負擔五分之一，由被告高謝阿春負擔五分\r\n之二，餘由原告負擔。\r\n    事實及理由\r\n壹、程序部分：\r\n一、被告二人經合法通知，無正當理由而不到場，核無民事訴訟\r\n    法第386條各款所列情形，爰依原告聲請，由原告一造辯論\r\n    而為判決。\r\n二、被告謝阿媛、高謝阿春分別就本件系爭土地原應有部分5分\r\n    之1、5分之2於96年5月18日遭查封登記，債權人為第三人華\r\n    僑商業銀行股份有限公司（與花旗（台灣）商業銀行股份有\r\n    限公司合併，合併後存續公司為花旗（台灣）商業銀行股份\r\n    有限公司，下簡稱花旗（台灣）銀行），第三人花旗（台灣\r\n    ）銀行經本院依法告知訴訟（見本院卷第71頁之送達證書）\r\n    ，並未於言詞辯論期日到場，且未聲明參加訴訟，亦未提出\r\n    任何資料供本院參酌，合先敘明。\r\n貳、實體部分：\r\n一、原告起訴主張；系爭坐落澎湖縣白沙鄉○○○段000地號、\r\n    面積40.49平方公尺之土地（下稱系爭土地）為原告與被告\r\n    謝阿媛、高謝阿春共有，應有部分為原告2/5，被告謝阿媛\r\n    1/5、被告高謝阿春2/5。兩造就上揭土地，並無不予分割之\r\n    約定，復無不能分割之情形，因不能達成協議分割，故訴請\r\n    裁判分割。爰請求將系爭土地之全部分配與原告，使原告分\r\n    得之土地得與原告所有之澎湖縣白沙鄉○○○段000○00000\r\n    ○00000號土地比鄰，原告願以金錢補償被告二人。並聲明\r\n    ：兩造共有之系爭土地准予分割，並將全部土地分歸原告單\r\n    獨所有，並由原告以金錢補償被告。\r\n二、被告二人未於言詞辯論期日到場，亦未提出書狀為任何聲明\r\n    或陳述。\r\n三、按共有人得隨時請求分割共有物，但因物之使用目的不能分\r\n    割或契約定有不可分割之期限者，不在此限；又共有物之分\r\n    割，依共有人協議之方法行之，分割之方法不能協議者，法\r\n    院得依任何共有人之聲請，命為以原物分配於各共有人或部\r\n    分共有人，或變賣共有物，以價金分配於各共有人；以原物\r\n    為分配時，如共有人中有未受分配，或不能按其應有部分受\r\n    分配者，得以金錢補償之；以原物為分配時，因共有人之利\r\n    益或其他必要情形，得就共有物之一部分仍維持共有，民法\r\n    第823條第1項、第824條第1、2、3、4項分別定有明文。原\r\n    告主張系爭土地為兩造所共有，應有部分比例如前述主張等\r\n    情，業據其提出土地登記謄本、地籍圖謄本為證（分別見本\r\n    院卷第5至6頁、第7頁），堪信為實。又系爭土地地目為道\r\n    ，有土地登記謄本在卷可按，依其使用目的並非不能分割，\r\n    亦無禁止分割之特約或不能分割之情形，兩造間既無法就分\r\n    割方法達成協議，則原告訴請裁判分割共有土地，自無不合\r\n    。\r\n四、復按請求共有物之分割，應由法院依民法第824條命為適當\r\n    之分配，不受當事人主張之拘束。又分割共有物時，法院應\r\n    參酌當事人之聲明、共有物之性質、經濟效用及全體共有人\r\n    利益等公平決之（最高法院49年台上字第2569號、55年台上\r\n    字第1982號判例參照）。經查，系爭土地為交通用地，周邊\r\n    之澎湖縣白沙鄉○○○段000○00000○000○000○000地號\r\n    土地亦為交通用地，而比鄰之澎湖縣白沙鄉○○○段000○\r\n    00000○000地號等3筆土地均為原告所有，土地面積已逾\r\n    2,000平方公尺等情，有前開8筆土地之土地登記謄本、本院\r\n    102年度馬簡字第58號民事判決書附卷可佐（分別見本院卷\r\n    第61至68頁、第8至12頁）。衡量系爭土地為道路用地，面\r\n    積僅40.49平方公尺，為狹長型，若按原物分割依比例分割\r\n    ，分割後兩造取得土地均不足17平方公尺，不利土地利用；\r\n    若按變價分割，因系爭土地全部皆交由市場競爭逐價，對原\r\n    告亦難認公平，本院斟酌上情，並參考原告主張，認爰將系\r\n    爭土地全部分歸原告取得，加之原告所有與系爭土地比鄰之\r\n    同段799、797-1、798地號土地，更有利於土地利用及經濟\r\n    發展。又被告因無法按其應有部分受分配，應由原告以金錢\r\n    補償之。本院參酌不動產實價登錄資料顯示，與系爭土地同\r\n    地段之其他土地，103年3月間之成交金額為每平方公尺\r\n    3,889元（見本院卷第74頁），原告於本院102年度馬簡字第\r\n    58號分割共有物案件亦以每平方公尺3,889元補償對造並取\r\n    得澎湖縣白沙鄉○○○段000地號土地（見本院卷第8至10頁\r\n    ）等情，認原告應比照前開成交金額標準以每平方公尺\r\n    3,889元補償被告二人為適當，亦即原告應補償被告謝阿媛\r\n    31,493元（計算式：3,889元/㎡×40.49㎡×1/5=31,493元\r\n    ，小數點以下四捨五入至整數），應補償被告高謝阿春\r\n    62,986元（計算式：3,889元/㎡×40.49㎡×2/5=62,986元\r\n    ，小數點以下四捨五入至整數）。\r\n五、又稽諸系爭土地登記謄本（見本院卷第5至6頁），顯示被告\r\n    謝阿媛、高謝阿春分別就系爭土地原所有之應有部分5分之1\r\n    、5分之2，業經本院96年5月18日澎院能執義96執全字第29\r\n    號函辦理查封登記（下稱系爭查封登記），按債務人就查封\r\n    物所為移轉、設定負擔或其他有礙執行效果之行為，依強制\r\n    執行法第51條第2項規定，僅對於債權人不生效力而已，並\r\n    非絕對無效；裁判分割，既係法院基於公平原則，決定適當\r\n    之方法分割共有物，自不發生有礙執行效果之問題，債權人\r\n    即不得對之主張不生效力，是本院自得為本件共有物分割之\r\n    裁判。\r\n六、又本件裁判分割命原告給付與被告謝阿媛、高謝阿春之補償\r\n    金為被告謝阿媛、高謝阿春分別就系爭土地原所有應有部分\r\n    5分之1、5分之2之替代物，系爭查封登記之查封效力自應延\r\n    伸對上開補償金部分生效，此部分補償金自應受原假扣押效\r\n    力所及，原告不應逕向被告為清償，而須依執行法院後續之\r\n    指示，依法為相關處理。又被告謝阿媛、高謝阿春分別就系\r\n    爭土地原應有部分5分之1、5分之2既於本件裁判分割後轉為\r\n    原告所有，則系爭查封登記是否應塗銷等問題，原告應向執\r\n    行法院或地政機關為相關之請求，併予敘明。\r\n七、依上所述，原告本於共有物之分割請求權，請求分割共有物\r\n    為有理由，應予准許，爰將系爭土地以主文第一項所示之分\r\n    割方案為分割。又訴訟費用之負擔部分，按分割共有物之訴\r\n    ，核其性質，兩造本可互換地位，本件原告起訴雖於法有據\r\n    ，然被告之應訴乃法律規定所不得不然，實質上並無所謂何\r\n    造勝訴敗訴之問題，是以如將訴訟費用完全命形式上敗訴之\r\n    被告負擔，實欠公允。本院審酌兩造各自因本件訴訟所得之\r\n    利益，認本件之訴訟費用，應由兩造各依其應有部分比例分\r\n    擔，併予敘明。\r\n八、本件事證已臻明確，兩造其餘攻擊防禦方法，經審酌後認與\r\n    判決結果不生影響，爰不逐一論列，附此敘明。\r\n九、訴訟費用負擔之依據：民事訴訟法第80條之1 。\r\n\r\n中    華    民    國   104    年    4     月    22    日\r\n                  臺灣澎湖地方法院馬公簡易庭\r\n                      書記官  林德盛\r\n                      法  官  陳炫谷\r\n以上正本係照原本作成。\r\n如不服本判決，應於送達後20日內向本院提出上訴狀並表明上訴\r\n由，如於本判決宣示後送達前提起上訴者，應於判決送達後20日\r\n內補提上訴理由書（須附繕本）。如委任律師提起上訴者，應一\r\n併繳納上訴審裁判費。\r\n中    華    民    國   104    年    4     月    22    日\r\n                      書記官  林德盛","type":"判決","historyHash":"","mainText":"原告與被告謝阿媛、高謝阿春共有坐落澎湖縣白沙鄉○○○段○○○地號土地、面積四０點四九平方公尺，准予分割，並全部分歸原告所有。原告並應給付被告謝阿媛新臺幣參萬壹仟肆佰玖拾參元之補償金，應給付被告高謝阿春新臺幣陸萬貳仟玖佰捌拾陸元之補償金。\n訴訟費用由被告謝阿媛負擔五分之一，由被告高謝阿春負擔五分之二，餘由原告負擔。","opinion":"二、被告二人未於言詞辯論期日到場，亦未提出書狀為任何聲明或陳述。\n三、按共有人得隨時請求分割共有物，但因物之使用目的不能分割或契約定有不可分割之期限者，不在此限；又共有物之分割，依共有人協議之方法行之，分割之方法不能協議者，法院得依任何共有人之聲請，命為以原物分配於各共有人或部分共有人，或變賣共有物，以價金分配於各共有人；以原物為分配時，如共有人中有未受分配，或不能按其應有部分受分配者，得以金錢補償之；以原物為分配時，因共有人之利益或其他必要情形，得就共有物之一部分仍維持共有，民法第823條第1項、第824條第1、2、3、4項分別定有明文。原告主張系爭土地為兩造所共有，應有部分比例如前述主張等情，業據其提出土地登記謄本、地籍圖謄本為證（分別見本院卷第5至6頁、第7頁），堪信為實。又系爭土地地目為道，有土地登記謄本在卷可按，依其使用目的並非不能分割，亦無禁止分割之特約或不能分割之情形，兩造間既無法就分割方法達成協議，則原告訴請裁判分割共有土地，自無不合。\n四、復按請求共有物之分割，應由法院依民法第824條命為適當之分配，不受當事人主張之拘束。又分割共有物時，法院應參酌當事人之聲明、共有物之性質、經濟效用及全體共有人利益等公平決之（最高法院49年台上字第2569號、55年台上字第1982號判例參照）。經查，系爭土地為交通用地，周邊之澎湖縣白沙鄉○○○段000○00000○000○000○000地號土地亦為交通用地，而比鄰之澎湖縣白沙鄉○○○段000○00000○000地號等3筆土地均為原告所有，土地面積已逾2,000平方公尺等情，有前開8筆土地之土地登記謄本、本院102年度馬簡字第58號民事判決書附卷可佐（分別見本院卷第61至68頁、第8至12頁）。衡量系爭土地為道路用地，面積僅40.49平方公尺，為狹長型，若按原物分割依比例分割，分割後兩造取得土地均不足17平方公尺，不利土地利用；若按變價分割，因系爭土地全部皆交由市場競爭逐價，對原告亦難認公平，本院斟酌上情，並參考原告主張，認爰將系爭土地全部分歸原告取得，加之原告所有與系爭土地比鄰之同段799、797-1、798地號土地，更有利於土地利用及經濟發展。又被告因無法按其應有部分受分配，應由原告以金錢補償之。本院參酌不動產實價登錄資料顯示，與系爭土地同地段之其他土地，103年3月間之成交金額為每平方公尺3,889元（見本院卷第74頁），原告於本院102年度馬簡字第58號分割共有物案件亦以每平方公尺3,889元補償對造並取得澎湖縣白沙鄉○○○段000地號土地（見本院卷第8至10頁）等情，認原告應比照前開成交金額標準以每平方公尺3,889元補償被告二人為適當，亦即原告應補償被告謝阿媛31,493元（計算式：3,889元/㎡×40.49㎡×1/5=31,493元，小數點以下四捨五入至整數），應補償被告高謝阿春62,986元（計算式：3,889元/㎡×40.49㎡×2/5=62,986元，小數點以下四捨五入至整數）。\n五、又稽諸系爭土地登記謄本（見本院卷第5至6頁），顯示被告謝阿媛、高謝阿春分別就系爭土地原所有之應有部分5分之1、5分之2，業經本院96年5月18日澎院能執義96執全字第29號函辦理查封登記（下稱系爭查封登記），按債務人就查封物所為移轉、設定負擔或其他有礙執行效果之行為，依強制執行法第51條第2項規定，僅對於債權人不生效力而已，並非絕對無效；裁判分割，既係法院基於公平原則，決定適當之方法分割共有物，自不發生有礙執行效果之問題，債權人即不得對之主張不生效力，是本院自得為本件共有物分割之裁判。\n六、又本件裁判分割命原告給付與被告謝阿媛、高謝阿春之補償金為被告謝阿媛、高謝阿春分別就系爭土地原所有應有部分5分之1、5分之2之替代物，系爭查封登記之查封效力自應延伸對上開補償金部分生效，此部分補償金自應受原假扣押效力所及，原告不應逕向被告為清償，而須依執行法院後續之指示，依法為相關處理。又被告謝阿媛、高謝阿春分別就系爭土地原應有部分5分之1、5分之2既於本件裁判分割後轉為原告所有，則系爭查封登記是否應塗銷等問題，原告應向執行法院或地政機關為相關之請求，併予敘明。\n七、依上所述，原告本於共有物之分割請求權，請求分割共有物為有理由，應予准許，爰將系爭土地以主文第一項所示之分割方案為分割。又訴訟費用之負擔部分，按分割共有物之訴，核其性質，兩造本可互換地位，本件原告起訴雖於法有據，然被告之應訴乃法律規定所不得不然，實質上並無所謂何造勝訴敗訴之問題，是以如將訴訟費用完全命形式上敗訴之被告負擔，實欠公允。本院審酌兩造各自因本件訴訟所得之利益，認本件之訴訟費用，應由兩造各依其應有部分比例分擔，併予敘明。\n八、本件事證已臻明確，兩造其餘攻擊防禦方法，經審酌後認與判決結果不生影響，爰不逐一論列，附此敘明。\n九、訴訟費用負擔之依據：民事訴訟法第80條之1 。","relatedIssues":[{"lawName":"強制執行法","issueRef":"51 2"},{"lawName":"民事訴訟法","issueRef":"80-1"},{"lawName":"民事訴訟法","issueRef":"386"},{"lawName":"民法","issueRef":"823 1"},{"lawName":"民法","issueRef":"824"},{"lawName":"民法","issueRef":"824 1"},{"lawName":"民法","issueRef":"824 2"},{"lawName":"民法","issueRef":"824 3"},{"lawName":"民法","issueRef":"824 4"}],"party":[{"group":["plaintiff"],"title":"原告","value":"鄭潘秀惠"},{"group":["defendant"],"title":"被告","value":"謝阿媛"},{"group":["defendant"],"title":"被告","value":"高謝阿春"},{"group":[],"title":"受告知訴訟人","value":"花旗"},{"group":[],"title":"法定代理人","value":"管國霖"}]}
