{"court":"臺灣澎湖地方法院","date":"2015-03-25T00:00:00+08:00","no":"104,司促,370","sys":"民事","reason":"支付命令","judgement":"臺灣澎湖地方法院支付命令　　　　　　104年度司促字第370號\r\n債　權　人　玉山商業銀行股份有限公司\r\n法定代理人　曾國烈\r\n債　務　人　程美蓮\r\n一、債務人應向債權人給付新臺幣柒萬參仟肆佰陸拾元，及其中\r\n　　新臺幣貳萬肆仟參佰貳拾玖元，自民國一百零四年三月十五\r\n　　日起至清償日止，按年息百分之十九點七一計算之利息，暨\r\n　　當期(月)繳款發生延滯時，計付新臺幣參佰元；連續二個月\r\n　　發生繳款延滯時，第二個月計付新臺幣肆佰元，連續三個月\r\n　　發生繳款延滯時，第三個月計付新臺幣伍佰元之違約金，惟\r\n　　違約金每次連續收取期數最高以三期為上限，並賠償督促程\r\n　　序費用新臺幣伍佰元，否則應於本命令送達後二十日之不變\r\n　　期間內，向本院提出異議。\r\n二、債權人請求之原因事實：\r\n　　（一）緣債務人程美蓮於民國(下同)89年11月15日向聲請人\r\n　　請領信用卡使用，依約定債務人得於該信用卡特約商店刷卡\r\n　　消費或向指定辦理預借現金之機構預借現金。但應於次月繳\r\n　　款日前向聲請人清償，逾期應自墊款日起給付按年利率百分\r\n　　之19.71（日息萬分之5.4）計算之利息及依帳單週期收取違\r\n　　約金，惟每次連續收取期數最高以三期為上限，違約金之計\r\n　　算方式為：當期(月)繳款發生延滯時，計付違約金300元；\r\n　　連續2個月發生繳款延滯時，第2個月計付違約金400元，連\r\n　　續3個月發生繳款延滯時，第3個月計付違約金500元。有預\r\n　　借現金者則應另給付依照每筆預借現金金額之3.5%加上新臺\r\n　　幣100元計算之手續費。\r\n　　（二）詎債務人自請領信用卡至99年4月29日止共消費簽帳\r\n　　新臺幣24,329元整未按期給付，迭經催討無效，依法債務人\r\n　　自應負給付責任，並應給付自104年3月15日起至清償日止之\r\n　　利息及違約金（即逾期手續費）。故依民事訴訟法第508條\r\n　　規定，聲請貴院就前項債權，依督促程序，對債務人發支付\r\n　　命令，促其清償。\r\n三、如債務人未於第一項期間內提出異議，本命令與確定判決有\r\n　　同一效力。\r\n中　　華　　民　　國　 104　　年　　3　　 月　　25　　日\r\n　　　　　　　　　　　　民事庭　司法事務官\r\n◎附註：\r\n一、債權人、債務人如於事後遞狀均請註明案號、股別。\r\n二、債權人應於收受支付命令後5日內，提出債務人最新戶籍謄\r\n　　本（記事欄勿省略），以核對支付命令是否合法送達債務人\r\n　　；如債務人係法人，則應提出法人最近登記資料（例如公司\r\n　　設立變更登記事項表）及法定代理人最新戶籍謄本（記事欄\r\n　　勿省略），以核對是否合法送達。（否則無法核發確定證明\r\n　　書）\r\n三、案件一經確定，本院依職權逕行核發確定證明書，債權人毋\r\n　　庸另行聲請。","type":"","historyHash":"","mainText":"","opinion":"","relatedIssues":[{"lawName":"民事訴訟法","issueRef":"508"}],"party":[{"group":[],"title":"債權人","value":"玉山商業銀行股份有限公司"},{"group":[],"title":"法定代理人","value":"曾國烈"},{"group":[],"title":"債務人","value":"程美蓮"}]}
