{"court":"臺灣澎湖地方法院","date":"2018-03-26T00:00:00+08:00","no":"107,事聲,5","sys":"民事","reason":"聲明異議","judgement":"臺灣澎湖地方法院民事裁定　　　　　　　107年度事聲字第5號\r\n異　議　人\r\n即　債權人　洪月杏　\r\n相　對　人\r\n即　債務人　歐麗萍　\r\n上列當事人間聲請假扣押事件，異議人對於民國107年2月1日本\r\n院民事執行處司法事務官所為107年度司裁全字第1號裁定聲明異\r\n議，本院裁定如下：\r\n    主  文\r\n原裁定廢棄。\r\n異議人以新臺幣參佰伍拾萬元為相對人供擔保後，得對相對人之\r\n財產，在新臺幣壹仟零伍拾萬元之範圍內，予以假扣押。\r\n相對人以新臺幣壹仟零伍拾萬元為異議人供擔保，或將新臺幣壹\r\n仟零伍拾萬元提存後，得免為或撤銷前項假扣押。\r\n聲請程序費用由相對人負擔。\r\n    理  由\r\n一、按當事人對於司法事務官處理事件所為之終局處分，得於處\r\n    分送達後10日之不變期間內，以書狀向司法事務官提出異議\r\n    。司法事務官認前項異議有理由時，應另為適當之處分；認\r\n    異議為無理由者，應送請法院裁定之。法院認第1項之異議\r\n    為有理由時，應為適當之裁定；認異議為無理由者，應以裁\r\n    定駁回之，民事訴訟法第240條之4第1項本文、第2項、第3\r\n    項分別定有明文。又應提出異議而誤為抗告者，視為已提出\r\n    異議，民事訴訟法第495條後段亦有明定。查本院司法事務\r\n    官於民國107年2月1日以107年度司裁全字第1號裁定駁回異\r\n    議人假扣押之聲請，異議人於收受該裁定送達後10日內具狀\r\n    聲明抗告，核屬應提出異議而誤為抗告，且司法事務官認其\r\n    異議無理由而送請本院裁定，經核與上開規定相符，先予敘\r\n    明。\r\n二、異議意旨略以：相對人開立之支票3紙，票面金額均為350萬\r\n    元，均經異議人提示後遭以存款不足為由退票，由此可知相\r\n    對人資力並不充裕，且相對人曾向異議人聲稱名下有1筆座\r\n    落在高雄之房屋，惟查該房屋先後設定2筆最高限額抵押權\r\n    予玉山商業銀行股份有限公司、訴外人李○○，並經訴外人\r\n    董宥辰向臺灣高雄地方法院（下稱高雄地院）聲請辦理查封\r\n    登記在案，應已無殘值，是相對人之資力已不足清償異議人\r\n    全部債權，並與異議人之債權相差懸殊。另異議人以相對人\r\n    涉有詐欺罪嫌向臺灣澎湖地方法院檢察署提起告訴，並經檢\r\n    察官偵查在案，而相對人經檢察署傳喚均未到庭，顯見相對\r\n    人已逃匿無縱。綜上，本件具有假扣押之原因，爰依法提起\r\n    異議，請求廢棄原裁定等語。\r\n三、按民事訴訟法第523條第1項規定，假扣押，非有日後不能強\r\n    制執行或甚難執行之虞者，不得為之。同法第526條第1項、\r\n    第2項規定，請求及假扣押之原因，應釋明之。前項釋明如\r\n    有不足，而債權人陳明願供擔保或法院認為適當者，法院得\r\n    定相當之擔保，命供擔保後為假扣押。又假扣押制度乃為保\r\n    全債權人將來之強制執行，並得命其供擔保以兼顧債務人權\r\n    益之保障，所設暫時而迅速之簡易執行程序，是民事訴訟法\r\n    第523條第1項所稱「有日後不能強制執行或甚難執行之虞」\r\n    之「假扣押之原因」者，本不以債務人浪費財產、增加負擔\r\n    或將其財產為不利益之處分，致達於無資力之狀態，或債務\r\n    人移住遠方、逃匿無蹤或隱匿財產等積極作為之情形為限，\r\n    祇須合於該條項「有日後不能強制執行或甚難執行之虞」之\r\n    條件，即足當之。倘債務人對債權人應給付之金錢或得易為\r\n    金錢請求之債權，經催告後仍斷然堅決拒絕給付，且債務人\r\n    現存之既有財產，已瀕臨成為無資力之情形，或與債權人之\r\n    債權相差懸殊，將無法或不足清償滿足該債權，在一般社會\r\n    之通念上，可認其將來有不能強制執行或甚難執行之虞之情\r\n    事時，亦應涵攝在內（最高法院98年台抗字第746號裁定參\r\n    照）。再債權人聲請假扣押，就假扣押之原因，絲毫未提出\r\n    能即時調查之證據以釋明者，固應駁回其聲請，惟假扣押之\r\n    原因如經釋明而有不足，法院仍得命供擔保以補其釋明之不\r\n    足，准為假扣押。而證明與釋明在構成法院之心證上程度未\r\n    盡相同，所謂證明者，係指當事人提出之證據方法，足使法\r\n    院產生堅強之心證，可以完全確信其主張為真實而言，與釋\r\n    明云者，為當事人提出之證據未能使法院達於確信之程度，\r\n    僅在使法院得薄弱之心證，信其事實上之主張大概為如此者\r\n    有間，二者非性質上之區別，乃分量上之不同（最高法院95\r\n    年度台抗字第386號裁定意旨參照）。\r\n四、查異議人就其主張之請求，於原審提出支票、退票理由單、\r\n    通訊軟體對話紀錄，已可認為有相當之釋明。另對於假扣押\r\n    原因，另觀諸其於異議狀所提高雄市○○區○○段0000○號\r\n    建物所有權狀、建物登記第二類謄本、不動產交易實價查詢\r\n    服務網查詢資料，及本院查得之本院106年度司促字第1044\r\n    號、107年度司拍字第5、18號、高雄地院107年度司拍字第2\r\n    8號民事裁定，足見相對人現存之既有財產，已瀕臨成為無\r\n    資力之情形，或與異議人之債權相差懸殊，將無法或不足清\r\n    償滿足該債權，實可認將來有不能強制執行或甚難執行之虞\r\n    ，堪認異議人就假扣押原因確已有相當之釋明，雖其釋明或\r\n    有不足，惟異議人既陳明願供擔保，本院認其釋明之欠缺，\r\n    擔保足以補之。從而，異議人就其主張之請求及假扣押原因\r\n    ，於聲明異議後已提出足使本院信其大概如此之事證以為釋\r\n    明，則本件異議人聲請對於相對人之財產為假扣押，自應准\r\n    許。本院民事庭司法事務官未及審酌異議人所補提前開事證\r\n    ，駁回異議人假扣押之聲請，尚有未洽。異議人執此指摘原\r\n    裁定不當，求予廢棄，為有理由，爰將原裁定廢棄，自為裁\r\n    定如主文第2項、第3項所示。\r\n五、據上論結，本件聲明異議為有理由，爰裁定如主文。\r\n中    華    民    國   107    年    3     月    26    日\r\n                        民事庭  法  官  倪霈棻\r\n\r\n以上正本係照原本作成。\r\n如不服本裁定，應於裁定送達後10日內，以書狀向本院提出抗告\r\n，並繳納抗告費新臺幣1千元。\r\n\r\n中    華    民    國   107    年    3     月    26    日\r\n                                書記官  胡湘筠","type":"裁定","historyHash":"","mainText":"原裁定廢棄。\n異議人以新臺幣參佰伍拾萬元為相對人供擔保後，得對相對人之財產，在新臺幣壹仟零伍拾萬元之範圍內，予以假扣押。\n相對人以新臺幣壹仟零伍拾萬元為異議人供擔保，或將新臺幣壹仟零伍拾萬元提存後，得免為或撤銷前項假扣押。\n聲請程序費用由相對人負擔。","opinion":"一、按當事人對於司法事務官處理事件所為之終局處分，得於處分送達後10日之不變期間內，以書狀向司法事務官提出異議。司法事務官認前項異議有理由時，應另為適當之處分；認異議為無理由者，應送請法院裁定之。法院認第1項之異議為有理由時，應為適當之裁定；認異議為無理由者，應以裁定駁回之，民事訴訟法第240條之4第1項本文、第2項、第3項分別定有明文。又應提出異議而誤為抗告者，視為已提出異議，民事訴訟法第495條後段亦有明定。查本院司法事務官於民國107年2月1日以107年度司裁全字第1號裁定駁回異議人假扣押之聲請，異議人於收受該裁定送達後10日內具狀聲明抗告，核屬應提出異議而誤為抗告，且司法事務官認其異議無理由而送請本院裁定，經核與上開規定相符，先予敘明。\n二、異議意旨略以：相對人開立之支票3紙，票面金額均為350萬元，均經異議人提示後遭以存款不足為由退票，由此可知相對人資力並不充裕，且相對人曾向異議人聲稱名下有1筆座落在高雄之房屋，惟查該房屋先後設定2筆最高限額抵押權予玉山商業銀行股份有限公司、訴外人李○○，並經訴外人董宥辰向臺灣高雄地方法院（下稱高雄地院）聲請辦理查封登記在案，應已無殘值，是相對人之資力已不足清償異議人全部債權，並與異議人之債權相差懸殊。另異議人以相對人涉有詐欺罪嫌向臺灣澎湖地方法院檢察署提起告訴，並經檢察官偵查在案，而相對人經檢察署傳喚均未到庭，顯見相對人已逃匿無縱。綜上，本件具有假扣押之原因，爰依法提起異議，請求廢棄原裁定等語。\n三、按民事訴訟法第523條第1項規定，假扣押，非有日後不能強制執行或甚難執行之虞者，不得為之。同法第526條第1項、第2項規定，請求及假扣押之原因，應釋明之。前項釋明如有不足，而債權人陳明願供擔保或法院認為適當者，法院得定相當之擔保，命供擔保後為假扣押。又假扣押制度乃為保全債權人將來之強制執行，並得命其供擔保以兼顧債務人權益之保障，所設暫時而迅速之簡易執行程序，是民事訴訟法第523條第1項所稱「有日後不能強制執行或甚難執行之虞」之「假扣押之原因」者，本不以債務人浪費財產、增加負擔或將其財產為不利益之處分，致達於無資力之狀態，或債務人移住遠方、逃匿無蹤或隱匿財產等積極作為之情形為限，祇須合於該條項「有日後不能強制執行或甚難執行之虞」之條件，即足當之。倘債務人對債權人應給付之金錢或得易為金錢請求之債權，經催告後仍斷然堅決拒絕給付，且債務人現存之既有財產，已瀕臨成為無資力之情形，或與債權人之債權相差懸殊，將無法或不足清償滿足該債權，在一般社會之通念上，可認其將來有不能強制執行或甚難執行之虞之情事時，亦應涵攝在內（最高法院98年台抗字第746號裁定參照）。再債權人聲請假扣押，就假扣押之原因，絲毫未提出能即時調查之證據以釋明者，固應駁回其聲請，惟假扣押之原因如經釋明而有不足，法院仍得命供擔保以補其釋明之不足，准為假扣押。而證明與釋明在構成法院之心證上程度未盡相同，所謂證明者，係指當事人提出之證據方法，足使法院產生堅強之心證，可以完全確信其主張為真實而言，與釋明云者，為當事人提出之證據未能使法院達於確信之程度，僅在使法院得薄弱之心證，信其事實上之主張大概為如此者有間，二者非性質上之區別，乃分量上之不同（最高法院95年度台抗字第386號裁定意旨參照）。\n四、查異議人就其主張之請求，於原審提出支票、退票理由單、通訊軟體對話紀錄，已可認為有相當之釋明。另對於假扣押原因，另觀諸其於異議狀所提高雄市○○區○○段0000○號建物所有權狀、建物登記第二類謄本、不動產交易實價查詢服務網查詢資料，及本院查得之本院106年度司促字第1044號、107年度司拍字第5、18號、高雄地院107年度司拍字第2 8號民事裁定，足見相對人現存之既有財產，已瀕臨成為無資力之情形，或與異議人之債權相差懸殊，將無法或不足清償滿足該債權，實可認將來有不能強制執行或甚難執行之虞，堪認異議人就假扣押原因確已有相當之釋明，雖其釋明或有不足，惟異議人既陳明願供擔保，本院認其釋明之欠缺，擔保足以補之。從而，異議人就其主張之請求及假扣押原因，於聲明異議後已提出足使本院信其大概如此之事證以為釋明，則本件異議人聲請對於相對人之財產為假扣押，自應准許。本院民事庭司法事務官未及審酌異議人所補提前開事證，駁回異議人假扣押之聲請，尚有未洽。異議人執此指摘原裁定不當，求予廢棄，為有理由，爰將原裁定廢棄，自為裁定如主文第2項、第3項所示。\n五、據上論結，本件聲明異議為有理由，爰裁定如主文。","relatedIssues":[{"lawName":"民事訴訟法","issueRef":"240-4 1"},{"lawName":"民事訴訟法","issueRef":"495"},{"lawName":"民事訴訟法","issueRef":"523"},{"lawName":"民事訴訟法","issueRef":"523 1"},{"lawName":"民事訴訟法","issueRef":"523 1"},{"lawName":"民事訴訟法","issueRef":"526 1"},{"lawName":"民事訴訟法","issueRef":"526 2"}],"party":[{"group":["plaintiff"],"title":"異議人即債權人","value":"洪月杏"},{"group":[],"title":"相對人即債務人","value":"歐麗萍"}]}
