{"court":"臺灣澎湖地方法院","date":"2017-08-04T00:00:00+08:00","no":"106,司促,665","sys":"民事","reason":"支付命令","judgement":"臺灣澎湖地方法院支付命令　　　　　　106年度司促字第665號\r\n債　權　人　中國信託商業銀行股份有限公司\r\n法定代理人　童兆勤\r\n債　務　人　許玉龍\r\n一、債務人應向債權人給付新臺幣壹拾玖萬參仟玖佰零陸元，及\r\n　　其中新臺幣伍萬參仟伍佰壹拾柒元，自民國一百零六年八月\r\n　　一日起至清償日止，按週年利率百分之十五計算之利息，並\r\n　　賠償督促程序費用新臺幣伍佰元，否則應於本命令送達後二\r\n　　十日之不變期間內，向本院提出異議。\r\n二、債權人請求之原因事實：\r\n　　(一)債務人許玉龍向債權人請領信用卡使用，卡號:0000000\r\n　　000000000，卡別：VISA，依約債務人即得於特約商店記帳\r\n　　消費。債務人至民國106年07月31日止累計193,906元正未給\r\n　　付，其中53,517元為消費款；140,389元為循環利息；0元為\r\n　　依約定條款計算之其他費用。債務人依約除應給付上開款項\r\n　　外，另應給付如附表編號:(001)所示之利息。\r\n　　(二)本件係請求給付一定數量之金額債務，而所請求之標的\r\n　　，茲為求清償之簡速，以免判決程序之繁雜起見，特依民事\r\n　　訴訟法第五○八條之規定，狀請 鈞院依督促程序迅賜對相\r\n　　對人發支付命令，實為法便。\r\n　　釋明文件：信用卡申請書、約定條款、帳務明細\r\n三、債務人未於不變期間內提出異議時，債權人得依法院核發之\r\n　　支付命令及確定證明書聲請強制執行。\r\n中　　華　　民　　國　 106　　年　　8　　 月　　4　　 日\r\n　　　　　　　　　　　　民事庭　司法事務官\r\n◎附註：\r\n一、債權人、債務人如於事後遞狀均請註明案號、股別。\r\n二、債權人應於收受支付命令後5日內，提出債務人最新戶籍謄\r\n　　本（記事欄勿省略），以核對支付命令是否合法送達債務人\r\n　　；如債務人係法人，則應提出法人最近登記資料（例如公司\r\n　　設立變更登記事項表）及法定代理人最新戶籍謄本（記事欄\r\n　　勿省略），以核對是否合法送達。（否則無法核發確定證明\r\n　　書）\r\n三、債務人於收受本支付命令後，如認支付命令所述之債權或其\r\n　　金額，有虛偽不實或錯誤情事者，應即向本院聲明異議，切\r\n　　勿認本件支付命令係詐騙手法而置之不理，致支付命令因逾\r\n　　期未聲明異議，可據為強制執行之執行名義，進而所有財產\r\n　　（諸如不動產、存款、薪水）遭受法院查封或拍賣之強制執\r\n　　行。本院非訟中心之聯絡電話(00)0000000分機212。\r\n四、案件一經確定，本院依職權逕行核發確定證明書，債權人毋\r\n　　庸另行聲請。","type":"","historyHash":"","mainText":"","opinion":"","relatedIssues":[],"party":[{"group":[],"title":"債權人","value":"中國信託商業銀行股份有限公司"},{"group":[],"title":"法定代理人","value":"童兆勤"},{"group":[],"title":"債務人","value":"許玉龍"}]}
