{"court":"臺灣澎湖地方法院","date":"2014-09-26T00:00:00+08:00","no":"103,聲,4","sys":"民事","reason":"行使權利","judgement":"臺灣澎湖地方法院民事裁定　　　　　　　　103年度聲字第4號\r\n聲　請　人　張美足即新龍工程行\r\n相　對　人　國亨營造股份有限公司\r\n法定代理人　黃仲義　\r\n上列當事人間聲請行使權利事件，本院裁定如下：\r\n    主  文\r\n相對人應自本裁定送達翌日起二十一日內，就本院一百零三年度\r\n司裁全字第四號假扣押裁定執行所受損害，對聲請人行使權利，\r\n並向本院提出行使權利之證明。\r\n    理  由\r\n一、按訴訟終結後，供擔保人得聲請法院通知受擔保利益人於一\r\n    定期間內行使權利，並向法院為行使權利之證明，以便供擔\r\n    保人於受擔保利益人未提出行使權利之證明時，向法院聲請\r\n    裁定返還其提存物，民事訴訟法第104 條第1 項第3 款定有\r\n    明文。上揭規定，依民事訴訟法第106 條規定，於其他依法\r\n    令供訴訟上之擔保者準用之。又所謂訴訟終結，在因假扣押\r\n    或假處分所供擔保之情形，因該擔保係為保障受擔保利益人\r\n    因不當假扣押或假處分執行所受之損害而設，故於假扣押執\r\n    行事件，如供擔保之債權人已撤回假扣押之執行，即與訴訟\r\n    終結相當(最高法院98年度台抗字第830 號裁定意旨參照)。\r\n二、本件聲請意旨略以：聲請人前遵本院103 年度司裁全字第4 \r\n    號假扣押裁定，曾提供新臺幣168,000 元為擔保，並以臺灣\r\n    新北地方法院103 年度存字第389 號提存事件提存後，聲請\r\n    假扣押執行在案，茲因聲請人已撤回假扣押執行，為利後續\r\n    聲請裁定返還前開擔保金，爰依民事訴訟法第104 條第1 項\r\n    第3 款之規定，請求本院通知相對人於一定期間內行使權利\r\n    ，並向法院為行使權利之證明等語。\r\n三、經查聲請人上開主張，業據其提出撤回強制執行聲請狀、臺\r\n    灣新北地方法院提存所函等影本為證，並經本院依職權調閱\r\n    相關卷宗，稽核屬實，是聲請人聲請本院通知相對人於一定\r\n    期間內，就所受擔保利益行使權利，並向本院提出行使權利\r\n    之證明，核與上開規定相符，應予准許。\r\n四、爰依首揭規定，裁定如主文。\r\n中    華    民    國    103    年    9    月    26    日\r\n\r\n                        民事庭  法  官  蔡政佑\r\n\r\n以上正本係照原本作成。\r\n如不服本裁定，應於送達後10日內向本院提出抗告狀，並應繳納\r\n抗告費新臺幣1,000元。\r\n中    華    民    國    103    年    9    月    26    日\r\n\r\n                                書記官  莊茹茵","type":"裁定","historyHash":"","mainText":"相對人應自本裁定送達翌日起二十一日內，就本院一百零三年度司裁全字第四號假扣押裁定執行所受損害，對聲請人行使權利，並向本院提出行使權利之證明。","opinion":"一、按訴訟終結後，供擔保人得聲請法院通知受擔保利益人於一定期間內行使權利，並向法院為行使權利之證明，以便供擔保人於受擔保利益人未提出行使權利之證明時，向法院聲請裁定返還其提存物，民事訴訟法第104 條第1 項第3 款定有明文。上揭規定，依民事訴訟法第106 條規定，於其他依法令供訴訟上之擔保者準用之。又所謂訴訟終結，在因假扣押或假處分所供擔保之情形，因該擔保係為保障受擔保利益人因不當假扣押或假處分執行所受之損害而設，故於假扣押執行事件，如供擔保之債權人已撤回假扣押之執行，即與訴訟終結相當(最高法院98年度台抗字第830 號裁定意旨參照)。\n二、本件聲請意旨略以：聲請人前遵本院103 年度司裁全字第4 號假扣押裁定，曾提供新臺幣168,000 元為擔保，並以臺灣新北地方法院103 年度存字第389 號提存事件提存後，聲請假扣押執行在案，茲因聲請人已撤回假扣押執行，為利後續聲請裁定返還前開擔保金，爰依民事訴訟法第104 條第1 項第3 款之規定，請求本院通知相對人於一定期間內行使權利，並向法院為行使權利之證明等語。\n三、經查聲請人上開主張，業據其提出撤回強制執行聲請狀、臺灣新北地方法院提存所函等影本為證，並經本院依職權調閱相關卷宗，稽核屬實，是聲請人聲請本院通知相對人於一定期間內，就所受擔保利益行使權利，並向本院提出行使權利之證明，核與上開規定相符，應予准許。\n四、爰依首揭規定，裁定如主文。","relatedIssues":[{"lawName":"民事訴訟法","issueRef":"104 1 3"},{"lawName":"民事訴訟法","issueRef":"104 1 3"},{"lawName":"民事訴訟法","issueRef":"106"}],"party":[{"group":["plaintiff"],"title":"聲請人","value":"張美足即新龍工程行"},{"group":[],"title":"相對人","value":"國亨營造股份有限公司"},{"group":[],"title":"法定代理人","value":"黃仲義"}]}
