{"court":"臺灣澎湖地方法院","date":"2015-10-07T00:00:00+08:00","no":"104,聲,19","sys":"民事","reason":"行使權利","judgement":"臺灣澎湖地方法院民事裁定　　　　　　　 104年度聲字第19號\r\n聲　請　人　吳添丁　\r\n相　對　人　鴻燁資產管理有限公司\r\n　　　　　　（原名為碩亨資產管理有限公司 ） \r\n法定代理人　甘秀鳳　\r\n上列當事人間聲請行使權利事件，本院裁定如下：\r\n    主  文\r\n相對人應於本裁定送達翌日起二十一日內，就本院一○三年度馬\r\n聲字第四號停止執行事件所受損害，對聲請人行使權利，並向本\r\n院為行使權利之證明。\r\n    理  由\r\n一、按訴訟終結後，供擔保人證明已定20日以上之期間，催告受\r\n    擔保利益人行使權利而未行使，或法院依供擔保人之聲請，\r\n    通知受擔保利益人於一定期間內行使權利並向法院為行使權\r\n    利之證明而未證明者，法院應依供擔保人之聲請，以裁定命\r\n    返還其提存物或保證書，民事訴訟法第104條第1項第3款定\r\n    有明文。前開規定，於其他依法令供訴訟上之擔保者準用之\r\n    ，並為同法第106條所明定。\r\n二、本件聲請意旨略以：聲請人就其與相對人間之停止強制執行\r\n    事件，前遵本院103年度馬聲字第4號民事裁定提供新臺幣（\r\n    下同）5萬元之擔保金，經本院以103年度存字第29號提存事\r\n    件提存在案，聲請人與相對人之債務人異議之訴，現業由本\r\n    院以103年度馬簡字第53號（聲請狀誤載為103年度馬簡字第\r\n    68號）受理之。茲因聲請人業已撤回前開債務人異議之訴而\r\n    終結在案，是依民事訴訟法第104條第1項第3款後段之規定\r\n    ，聲請法院通知相對人於一定期間內行使權利，並向法院為\r\n    行使權利之證明，以便聲請人取回擔保金等語。\r\n三、經查，聲請人主張之事實，業經本院依職權調閱本院103年\r\n    度馬簡字第53號債務人異議之訴民事卷宗、103年度存字第\r\n    29號提存卷宗核閱屬實，堪信為真實。是聲請人聲請本院通\r\n    知相對人於一定期間內行使權利並向法院為行使權利之證明\r\n    ，核與上開規定相符，應予准許。\r\n四、爰依首揭規定，裁定如主文。\r\n中    華    民    國   104    年    10    月    7     日\r\n                        民事庭  法  官  倪霈棻\r\n以上正本係照原本作成。\r\n如不服本裁定，應於送達後10日內向本院提出抗告狀，並應繳納\r\n抗告費新臺幣1,000元。\r\n中    華    民    國   104    年    10    月    7     日\r\n\r\n                                書記官  王耀煌","type":"裁定","historyHash":"","mainText":"相對人應於本裁定送達翌日起二十一日內，就本院一○三年度馬聲字第四號停止執行事件所受損害，對聲請人行使權利，並向本院為行使權利之證明。","opinion":"三、經查，聲請人主張之事實，業經本院依職權調閱本院103年度馬簡字第53號債務人異議之訴民事卷宗、103年度存字第29號提存卷宗核閱屬實，堪信為真實。是聲請人聲請本院通知相對人於一定期間內行使權利並向法院為行使權利之證明，核與上開規定相符，應予准許。\n四、爰依首揭規定，裁定如主文。","relatedIssues":[{"lawName":"民事訴訟法","issueRef":"104 1 3"},{"lawName":"民事訴訟法","issueRef":"104 1 3"},{"lawName":"民事訴訟法","issueRef":"106"}],"party":[{"group":["plaintiff"],"title":"聲請人","value":"吳添丁"},{"group":[],"title":"相對人","value":"鴻燁資產管理有限公司"},{"group":[],"title":"相對人","value":""},{"group":[],"title":"法定代理人","value":"甘秀鳳"}]}
