{"court":"臺灣澎湖地方法院","date":"2010-10-26T00:00:00+08:00","no":"99,馬簡,49","sys":"民事","reason":"分割共有物","judgement":"宣　示　判　決　筆　錄　　　　　　　　99年度馬簡字第49號\r\n原　　　告　甲○○\r\n訴訟代理人　乙○○\r\n被　　　告　丙○○\r\n上列當事人間99年度馬簡字第49號分割共有物事件，於中華民\r\n國99年10月12日辯論終結，於中華民國99年10月26日下午4時整\r\n，在本院公開宣示判決，出席職員如下︰\r\n　　法　官　陳介安\r\n　　書記官　林長義\r\n朗讀案由兩造均未到。\r\n法官宣示判決如下：\r\n    主  文\r\n被告應就其等被繼承人蕭成所遺坐落澎湖縣白沙鄉○○段四一八\r\n地號面積六百零六平方公尺土地所有權應有部分四分之一辦理繼\r\n承登記。\r\n兩造共有坐落澎湖縣白沙鄉○○段四一八地號面積六百零六平方\r\n公尺土地分割為：如附圖編號四一八面積四百五十五平方公尺部\r\n分，分歸原告取得；如附圖編號四一八之Ａ面積一百五十一平方\r\n公尺部分，分歸被告共同取得，並維持公同共有關係。\r\n訴訟費用由原告負擔。\r\n    事實及理由\r\n一、程序部分：本件除被告丙○○外，其餘被告均經合法通知，\r\n    未於言詞辯論期日到場，查無民事訴訟法第386條各款所列\r\n    情形，應依原告聲請，由其一造辯論而為判決。\r\n二、原告主張澎湖縣白沙鄉○○段418地號面積606平方公尺之土\r\n    地（下稱系爭土地），目前登記為原告與訴外人蕭成共有，\r\n    應有部分各為3/4、1/4，但訴外人蕭成已經死亡，被告為蕭\r\n    成之繼承人，卻未辦理繼承登記，而系爭土地並無不予分割\r\n    之特約，亦無不能分割之情形，但無法協議分割之事實，為\r\n    被告所不爭執，且有原告提出之土地登記謄本、戶籍資料為\r\n    證，應認屬實。\r\n三、按分割共有物之訴，於部分共有人死亡時，以一訴合併請求\r\n    該共有人之繼承人辦理繼承登記，並為分割之請求，符合訴\r\n    訟經濟原則，亦符合民法第759條及強制執行法第131條規定\r\n    之旨趣，最高法院69年台上字第1012號著有判例。本件分割\r\n    共有物之訴，登記上之共有人蕭成已經死亡，被告為蕭成之\r\n    繼承人，但未辦理繼承登記之事實，已如前述。因此，參照\r\n    上述判例意旨，原告於分割共有物之訴訟當中，一併請求被\r\n    告就訴外人蕭成所遺系爭土地所有權應有部分1/4辦理繼承\r\n    登記，於法有據，應判決如主文第1項所示\r\n四、民法第823條第1項規定：「各共有人，得隨時請求分割共有\r\n    物，但因物之使用目的不能分割或契約定有不分割之期限者\r\n    ，不在此限。」系爭土地並無不能分割之特約，亦無不能分\r\n    割之情形，卻無法協議分割，已如前述，則原告依據共有人\r\n    之身分，訴請分割系爭土地，於法有據。而根據地籍圖及到\r\n    場當事人之陳述，如附圖所示分割方式，使分割後各筆土地\r\n    均與道路相連，且各筆土地尚稱方正，為合乎效用之分割方\r\n    式，屬本院所能採用，應判決如主文第2項所示。\r\n五、訴訟費用之負擔：原告同意負擔全額訴訟費用，應判決如主\r\n    文第3項所示。\r\n中    華    民    國    99    年    10    月    26    日\r\n                  臺灣澎湖地方法院馬公簡易庭\r\n                      書記官  林長義\r\n                      法  官  陳介安\r\n以上正本係照原本作成。\r\n如不服本判決，應於送達後20日內向本院提出上訴狀並表明上訴\r\n由，如於本判決宣示後送達前提起上訴者，應於判決送達後20日\r\n內補提上訴理由書（須附繕本）。如委任律師提起上訴者，應一\r\n併繳納上訴審裁判費。\r\n中    華    民    國    99    年    10    月    26    日\r\n                      書記官  林長義","type":"判決","historyHash":"","mainText":"被告應就其等被繼承人蕭成所遺坐落澎湖縣白沙鄉○○段四一八地號面積六百零六平方公尺土地所有權應有部分四分之一辦理繼承登記。\n兩造共有坐落澎湖縣白沙鄉○○段四一八地號面積六百零六平方公尺土地分割為：如附圖編號四一八面積四百五十五平方公尺部分，分歸原告取得；如附圖編號四一八之Ａ面積一百五十一平方公尺部分，分歸被告共同取得，並維持公同共有關係。\n訴訟費用由原告負擔。","opinion":"三、按分割共有物之訴，於部分共有人死亡時，以一訴合併請求該共有人之繼承人辦理繼承登記，並為分割之請求，符合訴訟經濟原則，亦符合民法第759條及強制執行法第131條規定之旨趣，最高法院69年台上字第1012號著有判例。本件分割共有物之訴，登記上之共有人蕭成已經死亡，被告為蕭成之繼承人，但未辦理繼承登記之事實，已如前述。因此，參照上述判例意旨，原告於分割共有物之訴訟當中，一併請求被告就訴外人蕭成所遺系爭土地所有權應有部分1/4辦理繼承登記，於法有據，應判決如主文第1項所示\n四、民法第823條第1項規定：「各共有人，得隨時請求分割共有物，但因物之使用目的不能分割或契約定有不分割之期限者，不在此限。」系爭土地並無不能分割之特約，亦無不能分割之情形，卻無法協議分割，已如前述，則原告依據共有人之身分，訴請分割系爭土地，於法有據。而根據地籍圖及到場當事人之陳述，如附圖所示分割方式，使分割後各筆土地均與道路相連，且各筆土地尚稱方正，為合乎效用之分割方式，屬本院所能採用，應判決如主文第2項所示。\n五、訴訟費用之負擔：原告同意負擔全額訴訟費用，應判決如主文第3項所示。","relatedIssues":[{"lawName":"強制執行法","issueRef":"131"},{"lawName":"民事訴訟法","issueRef":"386"},{"lawName":"民法","issueRef":"759"},{"lawName":"民法","issueRef":"823 1"}],"party":[{"group":["plaintiff"],"title":"原告","value":"甲○○"},{"group":["plaintiff","agentAdLitem"],"title":"訴訟代理人","value":"乙○○"},{"group":["defendant"],"title":"被告","value":"丙○○"}]}
