{"court":"臺灣澎湖地方法院","date":"2009-02-26T00:00:00+08:00","no":"97,消債更,34","sys":"民事","reason":"更生事件","judgement":"臺灣澎湖地方法院民事裁定　　　　　　97年度消債更字第34號\r\n聲　請　人　甲○○\r\n即　債務人\r\n代　理　人　許文贊律師\r\n上列當事人聲請消費者債務清理事件，本院裁定如下：\r\n    主  文\r\n更生之聲請駁回。\r\n聲請費用由債務人負擔。\r\n    理  由\r\n一、按聲請更生或清算不合程式或不備其他要件者，法院應以裁\r\n    定駁回之，但其情形可以補正者，法院應定期間先命補正；\r\n    債務人對於金融機構因消費借貸、自用住宅借款、信用卡或\r\n    現金卡契約而負債務，在聲請更生或清算前，應提出債權人\r\n    清冊，以書面向最大債權金融機構請求協商債務清償方案並\r\n    表明共同協商之意旨；自債務人提出協商請求之翌日起逾30\r\n    日不開始協商，債務人得逕向法院聲請更生或清算，消費者\r\n    債務清理條例（下稱消債條例）第8條、第151條第1項、第\r\n    153條前段分別定有明文。\r\n二、本件聲請意旨略以：債務人有不能清償債務之情事，且無擔\r\n    保或無優先權之債務總額未逾新臺幣1200萬元，復未經法院\r\n    裁定開始清算程序或宣告破產，並於民國97年4月25日依消\r\n    債條例第151條第1項規定，提出債權人清冊及債務清償方案\r\n    ，以存證信函向最大債權銀行遠東國際商業銀行股份有限公\r\n    司（下稱遠東銀行）申請前置協商，其後已逾30日仍未開始\r\n    協商，爰依消債條例第153條規定，逕行聲請更生。\r\n三、按消債條例第151條第1項所定之前置協商程序，其目的係為\r\n    使債務人得自主解決其債務，須使債務人與最大債權銀行間\r\n    能順利完成協商，應以債權銀行能完全明瞭債務人之財產、\r\n    收入、執行業務及信用狀況為前提，此觀之消債條例第151\r\n    條第2項甚明。則最大債權銀行於債務人申請前置協商時，\r\n    得於適當範圍內命債務人配合提出相關文件，以減輕調取資\r\n    料之麻煩，要無疑義；若債務人消極不配合提供相關文件，\r\n    致逾期不開始協商或協商不成立，債務人再藉此為由聲請更\r\n    生，將無異使該前置協商程序徒具形式，此時尚難認為債務\r\n    人已依法申請前置協商。查本件債務人於97年4月25日以存\r\n    證信函向遠東銀行申請前置協商，遠東銀行於97年5月7日發\r\n    函請債務人備妥相關證件，並依銀行公會制定之相關申請文\r\n    件提出協商申請後再進行協商，業據債務人提出遠東銀行97\r\n    年5月7日 (97)遠銀總消字第447號函、馬公中正路郵局89號\r\n    存證信函等為證。遠東銀行具狀說明其收受前開存證信函後\r\n    ，曾於97年4月30日以電話連絡債務人未果，復於97年5月7\r\n    日發函通知債務人補足相關文件，嗣後未曾接獲債務人其他\r\n    補正函件或是電話連絡致無法進行前置協商。債務人於97年\r\n    10月14日當庭自陳不清楚其代理人是否有配合遠東銀行補齊\r\n    文件，並經本院於97年11月20日發函請債務人收受通知翌日\r\n    起20日內具狀說明後續協商情形而未提出，依前開說明，債\r\n    務人並非依法向遠東銀行申請前置協商，自無消債條例第\r\n    153條所定自債務人提出協商請求之翌日逾30日不開始協商\r\n    之情事，且該欠缺要件又屬無從補正之事項，依消債條例第\r\n    8條之規定，自應駁回更生之聲請，爰裁定如主文。\r\n中　　華　　民　　國　　98　　年　　2　　月　　26　　日\r\n                      民事庭法  官  陳介安\r\n上為正本係照原本作成\r\n如不服本裁定，應於裁定送達後10日內，以書狀向本院提出抗告\r\n，並繳納抗告費新臺幣1千元\r\n中　　華　　民　　國　　98　　年　　2　　月　　26　　日\r\n                    　　　　書記官　呂黎明","type":"裁定","historyHash":"","mainText":"更生之聲請駁回。\n聲請費用由債務人負擔。","opinion":"一、按聲請更生或清算不合程式或不備其他要件者，法院應以裁定駁回之，但其情形可以補正者，法院應定期間先命補正；債務人對於金融機構因消費借貸、自用住宅借款、信用卡或現金卡契約而負債務，在聲請更生或清算前，應提出債權人清冊，以書面向最大債權金融機構請求協商債務清償方案並表明共同協商之意旨；自債務人提出協商請求之翌日起逾30日不開始協商，債務人得逕向法院聲請更生或清算，消費者債務清理條例（下稱消債條例）第8條、第151條第1項、第153條前段分別定有明文。\n二、本件聲請意旨略以：債務人有不能清償債務之情事，且無擔保或無優先權之債務總額未逾新臺幣1200萬元，復未經法院裁定開始清算程序或宣告破產，並於民國97年4月25日依消債條例第151條第1項規定，提出債權人清冊及債務清償方案，以存證信函向最大債權銀行遠東國際商業銀行股份有限公司（下稱遠東銀行）申請前置協商，其後已逾30日仍未開始協商，爰依消債條例第153條規定，逕行聲請更生。\n三、按消債條例第151條第1項所定之前置協商程序，其目的係為使債務人得自主解決其債務，須使債務人與最大債權銀行間能順利完成協商，應以債權銀行能完全明瞭債務人之財產、收入、執行業務及信用狀況為前提，此觀之消債條例第151條第2項甚明。則最大債權銀行於債務人申請前置協商時，得於適當範圍內命債務人配合提出相關文件，以減輕調取資料之麻煩，要無疑義；若債務人消極不配合提供相關文件，致逾期不開始協商或協商不成立，債務人再藉此為由聲請更生，將無異使該前置協商程序徒具形式，此時尚難認為債務人已依法申請前置協商。查本件債務人於97年4月25日以存證信函向遠東銀行申請前置協商，遠東銀行於97年5月7日發函請債務人備妥相關證件，並依銀行公會制定之相關申請文件提出協商申請後再進行協商，業據債務人提出遠東銀行97年5月7日 (97)遠銀總消字第447號函、馬公中正路郵局89號存證信函等為證。遠東銀行具狀說明其收受前開存證信函後，曾於97年4月30日以電話連絡債務人未果，復於97年5月7日發函通知債務人補足相關文件，嗣後未曾接獲債務人其他補正函件或是電話連絡致無法進行前置協商。債務人於97年10月14日當庭自陳不清楚其代理人是否有配合遠東銀行補齊文件，並經本院於97年11月20日發函請債務人收受通知翌日起20日內具狀說明後續協商情形而未提出，依前開說明，債務人並非依法向遠東銀行申請前置協商，自無消債條例第153條所定自債務人提出協商請求之翌日逾30日不開始協商之情事，且該欠缺要件又屬無從補正之事項，依消債條例第8條之規定，自應駁回更生之聲請，爰裁定如主文。","relatedIssues":[{"lawName":"消費者債務清理條例","issueRef":"8"},{"lawName":"消費者債務清理條例","issueRef":"8"},{"lawName":"消費者債務清理條例","issueRef":"151 1"},{"lawName":"消費者債務清理條例","issueRef":"151 1"},{"lawName":"消費者債務清理條例","issueRef":"151 1"},{"lawName":"消費者債務清理條例","issueRef":"151 2"},{"lawName":"消費者債務清理條例","issueRef":"153"},{"lawName":"消費者債務清理條例","issueRef":"153"},{"lawName":"消費者債務清理條例","issueRef":"153"}],"party":[{"group":["plaintiff"],"title":"聲請人即債務人","value":"甲○○"},{"group":["plaintiff","agentAdLitem","lawyer"],"title":"代理人","value":"許文贊律師"}]}
