{"court":"臺灣澎湖地方法院","date":"2014-01-08T00:00:00+08:00","no":"102,司促,1346","sys":"民事","reason":"支付命令","judgement":"臺灣澎湖地方法院民事裁定　　　　　 102年度司促字第1346號\r\n聲請人即\r\n債　權　人　洪雪芳\r\n　　　　　　黃德銘\r\n相對人即\r\n債　務　人　小太陽假期旅行社有限公司\r\n法定代理人　林佳慧\r\n上列當事人間請求支付命令事件，本院裁定如下：\r\n    主  文\r\n聲請人支付命令聲請均駁回。\r\n訴訟費用由聲請人負擔。\r\n    理    由\r\n一、按提起民事訴訟，應依民事訴訟法第77條之13、第77條之14\r\n    規定繳納裁判費，此為必備之程式，又原告之訴，有民事訴\r\n    訟法第249條第1項所列各款情形之一，依其情形可以補正，\r\n    經審判長定期間命其補正而不補正者，法院應以裁定駁回之\r\n    ，亦為同法條第一項所明定。\r\n二、本件聲請人聲請核發支付命令，未據繳納督促程序費用，經\r\n    本院於民國102年11月25日裁定限聲請人於收受裁定後5日內\r\n    補繳費用新台幣500元，該項裁定已於同年月28日送達聲請\r\n    人洪雪芳，對聲請人黃德銘之送達於同年12月25日寄存於新\r\n    北市政府警察局新莊分局林口分駐所，有送達證書及林口分\r\n    駐所受理訴訟文書寄存登記簿附卷可憑，聲請人逾期迄未補\r\n    正，其聲請應認為不合法，均應予駁回。\r\n三、依民事訴訟法第249條第1項，第6款、第95條，第78條，第8\r\n    5條第1項前段，裁定如主文。\r\n四、如對本裁定抗告須於裁定送達後10日內向本院提出抗告狀，\r\n    並應繳納抗告費新臺幣1,000元。\r\n中    華    民    國   103    年    1     月    8     日\r\n                  民事庭司法事務官","type":"裁定","historyHash":"","mainText":"聲請人支付命令聲請均駁回。\n訴訟費用由聲請人負擔。","opinion":"一、按提起民事訴訟，應依民事訴訟法第77條之13、第77條之14規定繳納裁判費，此為必備之程式，又原告之訴，有民事訴訟法第249條第1項所列各款情形之一，依其情形可以補正，經審判長定期間命其補正而不補正者，法院應以裁定駁回之，亦為同法條第一項所明定。\n二、本件聲請人聲請核發支付命令，未據繳納督促程序費用，經本院於民國102年11月25日裁定限聲請人於收受裁定後5日內補繳費用新台幣500元，該項裁定已於同年月28日送達聲請人洪雪芳，對聲請人黃德銘之送達於同年12月25日寄存於新北市政府警察局新莊分局林口分駐所，有送達證書及林口分駐所受理訴訟文書寄存登記簿附卷可憑，聲請人逾期迄未補正，其聲請應認為不合法，均應予駁回。\n三、依民事訴訟法第249條第1項，第6款、第95條，第78條，第8 5條第1項前段，裁定如主文。\n四、如對本裁定抗告須於裁定送達後10日內向本院提出抗告狀，並應繳納抗告費新臺幣1,000元。","relatedIssues":[{"lawName":"民事訴訟法","issueRef":"77-13"},{"lawName":"民事訴訟法","issueRef":"77-14"},{"lawName":"民事訴訟法","issueRef":"78"},{"lawName":"民事訴訟法","issueRef":"85 1"},{"lawName":"民事訴訟法","issueRef":"95"},{"lawName":"民事訴訟法","issueRef":"249 1"},{"lawName":"民事訴訟法","issueRef":"249 1"},{"lawName":"民事訴訟法","issueRef":"249 1 6"}],"party":[{"group":["plaintiff"],"title":"聲請人即債權人","value":"洪雪芳"},{"group":["plaintiff"],"title":"聲請人即債權人","value":"黃德銘"},{"group":[],"title":"相對人即債務人","value":"小太陽假期旅行社有限公司"},{"group":[],"title":"法定代理人","value":"林佳慧"}]}
