{"court":"臺灣澎湖地方法院","date":"2010-09-02T00:00:00+08:00","no":"99,司聲,6","sys":"民事","reason":"准予發還提存物","judgement":"臺灣澎湖地方法院民事裁定　　　　　　　 99年度司聲字第6號\r\n聲　請　人　甲○○\r\n相　對　人　合作金庫商業銀行股份有限公司\r\n法定代理人　乙○○\r\n代　理　人　丙○○\r\n上列當事人間聲請准予發還提存物事件，本院裁定如下：\r\n    主  文\r\n本院九十九年度存字第六號提存事件聲請人所提存之擔保金新臺\r\n幣伍萬元，准予返還。\r\n    理  由\r\n一、按供擔保人證明受擔保利益人同意返還者，法院應依供擔保\r\n    人之聲請，以裁定命返還其提存物，民事訴訟法第104條第\r\n    1項第2款定有明文。前開規定，於其他依法令供訴訟上之擔\r\n    保者準用之，並為同法第106條所明定。\r\n二、本件聲請意旨略以：聲請人與相對人間因聲請停止強制執行\r\n    事件，聲請人前遵本院99年度聲字第6號民事裁定為停止強\r\n    制執行之擔保，曾提供新臺幣50,000元為擔保金，並以本院\r\n    99年度存字第6號提存事件提存在案；茲因聲請人已與相對\r\n    人達成和解，相對人出具同意書及印鑑證明書與聲請人，同\r\n    意聲請人領回其所提存之上開提存物，爰聲請發還本件擔保\r\n    金等語。\r\n三、聲請人上開聲請，業據提出本院99年度聲字第6號民事裁定\r\n    、99年度訴字第2號民事判決及確定證明書、提存書、同意\r\n    書及印鑑證明各乙份為證，並經本院依職權調閱相關卷宗查\r\n    閱屬實，核無不合。是本件聲請應予准許。\r\n四、如不服本裁定，應於裁定送達後10日內，以書狀向司法事務\r\n    官提出異議。\r\n中    華    民    國    99    年    9     月    2     日\r\n                  民事庭  司法事務官","type":"裁定","historyHash":"","mainText":"本院九十九年度存字第六號提存事件聲請人所提存之擔保金新臺幣伍萬元，准予返還。","opinion":"一、按供擔保人證明受擔保利益人同意返還者，法院應依供擔保人之聲請，以裁定命返還其提存物，民事訴訟法第104條第1項第2款定有明文。前開規定，於其他依法令供訴訟上之擔保者準用之，並為同法第106條所明定。\n二、本件聲請意旨略以：聲請人與相對人間因聲請停止強制執行事件，聲請人前遵本院99年度聲字第6號民事裁定為停止強制執行之擔保，曾提供新臺幣50,000元為擔保金，並以本院99年度存字第6號提存事件提存在案；茲因聲請人已與相對人達成和解，相對人出具同意書及印鑑證明書與聲請人，同意聲請人領回其所提存之上開提存物，爰聲請發還本件擔保金等語。\n三、聲請人上開聲請，業據提出本院99年度聲字第6號民事裁定、99年度訴字第2號民事判決及確定證明書、提存書、同意書及印鑑證明各乙份為證，並經本院依職權調閱相關卷宗查閱屬實，核無不合。是本件聲請應予准許。\n四、如不服本裁定，應於裁定送達後10日內，以書狀向司法事務官提出異議。","relatedIssues":[{"lawName":"民事訴訟法","issueRef":"104 1 2"},{"lawName":"民事訴訟法","issueRef":"106"}],"party":[{"group":["plaintiff"],"title":"聲請人","value":"甲○○"},{"group":[],"title":"相對人","value":"合作金庫商業銀行股份有限公司"},{"group":[],"title":"法定代理人","value":"乙○○"},{"group":["plaintiff","agentAdLitem"],"title":"代理人","value":"丙○○"}]}
