{"court":"臺灣澎湖地方法院","date":"2014-03-20T00:00:00+08:00","no":"103,補,6","sys":"民事","reason":"拆屋還地","judgement":"臺灣澎湖地方法院民事裁定　　　　　　　　103年度補字第6號\r\n原　　　告　王麗芳\r\n原　　　告　王麗芬\r\n原　　　告　王宥茹\r\n前列王麗芳、王麗芬、王宥茹共同\r\n上列原告請求拆屋還地事件，本院裁定如下：\r\n    主  文\r\n原告應於本裁定送達翌日起七日內，補正被告姓名、住所或居所\r\n，逾期即駁回其訴。\r\n    理  由\r\n一、按當事人書狀，應記載當事人姓名及住所或居所，民事訴訟\r\n    法第116條第1項第1款定有明文。\r\n二、本件原告起訴，未據於起訴狀上載明被告姓名、住所或居所\r\n    ，於法不合，爰定補正之期間如主文所示。\r\n三、依民事訴訟法第121條第1項，裁定如主文。\r\n中    華    民    國   103    年    3     月    20    日\r\n                        民事庭  法  官  吳宏榮\r\n以上正本係照原本作成。\r\n本裁定不得抗告。\r\n中    華    民    國   103    年    3     月    20    日\r\n                                書記官  楊依靚","type":"裁定","historyHash":"","mainText":"原告應於本裁定送達翌日起七日內，補正被告姓名、住所或居所，逾期即駁回其訴。","opinion":"一、按當事人書狀，應記載當事人姓名及住所或居所，民事訴訟法第116條第1項第1款定有明文。\n二、本件原告起訴，未據於起訴狀上載明被告姓名、住所或居所，於法不合，爰定補正之期間如主文所示。\n三、依民事訴訟法第121條第1項，裁定如主文。","relatedIssues":[{"lawName":"民事訴訟法","issueRef":"116 1 1"},{"lawName":"民事訴訟法","issueRef":"121 1"}],"party":[{"group":["plaintiff"],"title":"原告","value":"王麗芳"},{"group":["plaintiff"],"title":"原告","value":"王麗芬"},{"group":["plaintiff"],"title":"原告前列王麗芳、王麗芬、王宥茹共同","value":"王宥茹"}]}
