{"court":"臺灣澎湖地方法院","date":"2017-10-27T00:00:00+08:00","no":"106,馬簡,80","sys":"民事","reason":"塗銷繼承登記","judgement":"臺灣澎湖地方法院民事裁定　　　　　　 106年度馬簡字第80號\r\n上　訴　人　吳文緣　\r\n即　原　告\r\n上列上訴人即原告與被上訴人即被告蘇蔡玉杯等6人間請求塗銷\r\n繼承登記事件，上訴人對於中華民國106年10月6日本院第一審判\r\n決，提起第二審上訴。查本件訴訟標的金額為新臺幣（下同）\r\n400,000元，應徵第二審裁判費6,450元，未據上訴人繳納，又上\r\n訴人雖已提出上訴狀，惟未於上訴狀內說明上訴理由。茲依民事\r\n訴訟法第436之1第3項、第442條第2項前段規定，限該上訴人於\r\n收受本裁定後5日內向本庭（澎湖縣○○市○○里○○○000號）\r\n繳納及補正，逾期即駁回其上訴，特此裁定。\r\n中　　華　　民　　國　 106　　年　　10　　月　　27　　日\r\n　　　　　　　　　臺灣澎湖地方法院馬公簡易庭\r\n　　　　　　　　　　　法　官　王政揚\r\n以上為正本係照原本作成。\r\n不得抗告。\r\n中　　華　　民　　國　 106　　年　　10　　月　　27　　日\r\n　　　　　　　　　　　書記官　林映君","type":"裁定","historyHash":"89768ff312725df6f357686812600654","mainText":"","opinion":"","relatedIssues":[],"party":[{"group":["plaintiff"],"title":"上訴人即原告","value":"吳文緣"}]}
