{"court":"臺灣澎湖地方法院","date":"2009-02-26T00:00:00+08:00","no":"98,聲,5","sys":"民事","reason":"認可大陸地區民事裁判事件","judgement":"臺灣澎湖地方法院民事裁定　　　　　　　　 98年度聲字第5號\r\n聲　請　人　乙○○\r\n　　　　　　　　　　　公民身份.\r\n代　理　人　丙○○\r\n相　對　人　甲○○\r\n上列當事人間請求認可大陸地區民事裁判事件，聲請人聲請未據\r\n繳納聲請費，查本件應徵得聲請費新臺幣1,000元。茲限聲請人\r\n於收受本裁定送達後5日內補繳，逾期不繳即駁回其聲請，特此\r\n裁定。\r\n中　　華　　民　　國　　98　　年　　2 　　月　　26　　日\r\n　　　　　　　　　　　　民事庭　法　官　李宛玲\r\n以上正本證明與原本無異。\r\n如不服本裁定關於訴訟標的價額之核定，得於裁定送達之翌日起\r\n10日內向本院提出抗告狀（須附繕本）。\r\n中　　華　　民　　國　　98　　年　　2 　　月　　26　　日\r\n　　　　　　　　　　　　　　　　書記官　莊茹茵","type":"裁定","historyHash":"","mainText":"","opinion":"","relatedIssues":[],"party":[{"group":["plaintiff"],"title":"聲請人","value":"乙○○"},{"group":["plaintiff"],"title":"聲請人","value":"公民身份."},{"group":["plaintiff","agentAdLitem"],"title":"代理人","value":"丙○○"},{"group":[],"title":"相對人","value":"甲○○"}]}
