{"court":"臺灣澎湖地方法院","date":"2011-06-09T00:00:00+08:00","no":"100,司票,52","sys":"民事","reason":"本票裁定","judgement":"臺灣澎湖地方法院民事裁定　　　　　　 100年度司票字第52號\r\n聲　請　人　林分\r\n相　對　人　潘銘輝\r\n上列當事人間聲請本票准許強制執行事件，本院裁定如下：\r\n    主  文\r\n相對人於民國一百年一月七日簽發之本票，票面金額為新臺幣壹\r\n拾萬元，及自民國一百年一月七日起至清償日止，按週年利率百\r\n分之六計算之利息，得為強制執行。\r\n聲請程序費用新臺幣壹仟元由相對人負擔。\r\n    理  由\r\n一、聲請意旨略稱：聲請人執有相對人於民國100年1月7日簽發\r\n    之本票1紙，票號為CH119979號，內載金額新臺幣100,000元\r\n    ，未載到期日，並免除作成拒絕證書。詎於上開本票經聲請\r\n    人向相對人提示未獲付款，為此提出該本票1紙，聲請裁定\r\n    准許強制執行。\r\n二、本件聲請，核與票據法第123條規定相符，應予准許。\r\n三、依非訟事件法第21條第2項，民事訴訟法第78條，裁定如主\r\n    文。\r\n四、如不服本裁定，應於裁定送達後10日內向本院提出抗告狀，\r\n    並繳納抗告費新臺幣1千元。\r\n五、發票人如主張本票係偽造、變造者，得於接到本裁定後20日\r\n    之不變期間內，對執票人向本院另行提起確認本票債權不存\r\n    在之訴。\r\n六、本件如欲聲請強制執行，請向執行處提出已合法送達之證明\r\n    。\r\n七、發票人已提確認之訴者，得依非訟事件法第195條規定聲請\r\n    法院停止執行。\r\n中    華    民    國   100    年    6     月    9     日\r\n            馬公簡易庭  司法事務官","type":"裁定","historyHash":"","mainText":"相對人於民國一百年一月七日簽發之本票，票面金額為新臺幣壹拾萬元，及自民國一百年一月七日起至清償日止，按週年利率百分之六計算之利息，得為強制執行。\n聲請程序費用新臺幣壹仟元由相對人負擔。","opinion":"理  由\n一、聲請意旨略稱：聲請人執有相對人於民國100年1月7日簽發之本票1紙，票號為CH119979號，內載金額新臺幣100,000元，未載到期日，並免除作成拒絕證書。詎於上開本票經聲請人向相對人提示未獲付款，為此提出該本票1紙，聲請裁定准許強制執行。\n二、本件聲請，核與票據法第123條規定相符，應予准許。\n三、依非訟事件法第21條第2項，民事訴訟法第78條，裁定如主文。\n四、如不服本裁定，應於裁定送達後10日內向本院提出抗告狀，並繳納抗告費新臺幣1千元。\n五、發票人如主張本票係偽造、變造者，得於接到本裁定後20日之不變期間內，對執票人向本院另行提起確認本票債權不存在之訴。\n六、本件如欲聲請強制執行，請向執行處提出已合法送達之證明。\n七、發票人已提確認之訴者，得依非訟事件法第195條規定聲請法院停止執行。","relatedIssues":[{"lawName":"民事訴訟法","issueRef":"78"},{"lawName":"票據法","issueRef":"123"},{"lawName":"非訟事件法","issueRef":"21 2"},{"lawName":"非訟事件法","issueRef":"195"}],"party":[{"group":["plaintiff"],"title":"聲請人","value":"林分"},{"group":[],"title":"相對人","value":"潘銘輝"}]}
