{"court":"臺灣澎湖地方法院","date":"2016-02-04T00:00:00+08:00","no":"104,馬小,91","sys":"民事","reason":"給付信用卡消費款","judgement":"宣　示　判　決　筆　錄　　　　　　　 104年度馬小字第91號\r\n原　　　告　凱基商業銀行股份有限公司\r\n法定代理人　魏寶生　\r\n訴訟代理人　莊政潔　\r\n被　　　告　吳瑞文　\r\n上列當事人間104年度馬小字第91號給付信用卡消費款事件，於\r\n中華民國105年1月26日辯論終結，於中華民國105年2月4日下午4\r\n時整，在本院公開宣示判決，出席職員如下︰\r\n　　法　官　王政揚\r\n　　書記官　林德盛\r\n朗讀案由兩造均未到。\r\n法官宣示判決主文如下：\r\n    主  文\r\n被告應給付原告新臺幣參仟肆佰捌拾陸元，及就其中新臺幣參仟\r\n肆佰貳拾參元自民國九十五年一月二十六日起至民國一○四年八\r\n月三十一日止，按週年利率百分之十九點八九計算之利息，暨自\r\n民國一○四年九月一日起至清償日止，按週年利率百分之十五計\r\n算之利息。\r\n訴訟費用新臺幣壹仟元由被告負擔。\r\n本判決得假執行。但如被告以新臺幣參仟肆佰捌拾陸元為原告預\r\n供擔保後，得免為假執行。\r\n中    華    民    國   105    年    2     月    4     日\r\n                  臺灣澎湖地方法院馬公簡易庭\r\n                      書記官  林德盛\r\n                      法  官  王政揚\r\n以上正本係照原本作成。\r\n如不服本判決，應於送達後20日內向本院提出上訴狀並表明上訴\r\n由，如於本判決宣示後送達前提起上訴者，應於判決送達後20日\r\n內補提上訴理由書（須附繕本）。如委任律師提起上訴者，應一\r\n併繳納上訴審裁判費。\r\n中    華    民    國   105    年    2     月    4     日\r\n                      書記官  林德盛","type":"判決","historyHash":"","mainText":"","opinion":"","relatedIssues":[],"party":[]}
