{"court":"臺灣澎湖地方法院","date":"2012-08-22T00:00:00+08:00","no":"101,馬簡,74","sys":"民事","reason":"侵權行為損害賠償","judgement":"宣　示　判　決　筆　錄　　　　　　　 101年度馬簡字第74號\r\n原　　　告　顏江海\r\n訴訟代理人　顏必益\r\n被　　　告　陳興村\r\n　　　　　　澎湖縣政府公共車船管理處\r\n上　一　人\r\n法定代理人　胡流宗\r\n上　一　人\r\n訴訟代理人　高瑪莉\r\n上列當事人間101 年度馬簡字第74號侵權行為損害賠償事件，於\r\n中華民國101年8月8日辯論終結，於中華民國101年8月22日下午4\r\n時整，在本院公開宣示判決出席職員如下︰\r\n　　法　官　鍾孟容\r\n　　書記官　楊依靚\r\n朗讀案由兩造均未到。\r\n法官宣示判決，判決主文如下：\r\n    主  文\r\n原告之訴及假執行之聲請均駁回。\r\n訴訟費用由原告負擔。\r\n    事  實  及  理  由\r\n一、原告主張：被告陳興村為被告澎湖縣政府公共車船管理處（\r\n    下稱澎湖縣公車處）僱用之大客車司機，其於民國99年8月2\r\n    日13時3分許，駕駛澎湖縣公車處所有車牌號碼778-XH 號營\r\n    業用大客車（下稱系爭大客車），在澎湖縣湖西鄉城北村2\r\n    號南側200 公尺處之產業道路（下稱系爭道路）行駛，然大\r\n    型公共汽車依法禁止行駛於產業道路，陳興村竟違法行駛於\r\n    上開道路，且因過失而與對向由訴外人即原告之父顏必亮所\r\n    駕駛原告所有車牌號碼6397-VW號自用小客車（下稱系爭小\r\n    客車）發生撞擊（下稱系爭交通事故），致該車毀損，原告\r\n    因而支出車輛修理費用新臺幣（下同）18萬2,300元，爰依\r\n    民法第184條第1項前段、同條第2項、第191條之2、第188\r\n    條第1項前段等規定，起訴請求被告連帶賠償其損害等語，\r\n    並聲明：①被告應連帶給付原告18萬2,300元及自起訴狀繕\r\n    本送達之翌日起至清償日止，按週年利率5％計算之利息。\r\n    ②請依職權宣告假執行。\r\n二、被告等則以：系爭道路之寬度足以供車輛雙向通行，且並未\r\n    管制禁止公車通行，顏必亮駕駛車輛偏向道路左方行駛，致\r\n    與陳興村駕駛之大客車發生碰撞，是陳興村就系爭交通事故\r\n    之發生並無過失，且鑑定意見亦同此認定，故被告無須連帶\r\n    賠償原告等語置辯，並聲明：原告之訴駁回。\r\n三、原告主張陳興村係澎湖縣公車處所僱用之司機，其於前揭時\r\n    、地駕駛系爭大客車，與對向由顏必亮駕駛原告所有系爭小\r\n    客車發生撞擊，致該車毀損，原告因而支出修理費用18萬2,\r\n     300元等情，業據其提出宏緯汽車企業有限公司開立之保養\r\n    修護紀錄表2紙為證（見本院卷第6至7頁），復經本院調閱\r\n    本院101年度馬簡字77號給付修車款事件卷宗、檢察署100年\r\n    度偵字第166號偵查卷宗查明無訛，且為被告所不爭執，堪\r\n    認為真實。至原告主張被告應連帶負侵權行為損害賠償責任\r\n    等語，則為被告所否認，並以前揭情詞置辯，是本件兩造爭\r\n    執之處在於：①被告陳興村就系爭交通事故之發生，是否具\r\n    有過失？②被告陳興村駕駛公車行駛於系爭道路，是否有違\r\n    反保護他人之法律？\r\n（一）按因故意或過失，不法侵害他人之權利者，負損害賠償責\r\n      任；違反保護他人之法律，致生損害於他人者，負賠償責\r\n      任，但能證明其行為無過失者，不在此限；汽車、機車或\r\n      其他非依軌道行駛之動力車輛，在使用中加損害於他人者\r\n      ，駕駛人應賠償因此所生之損害。但於防止損害之發生，\r\n      已盡相當之注意者，不在此限，民法第184條第1項前段、\r\n      同條第2項、第191條之2分別定有明文。是侵權行為以行\r\n      為人之行為具故意或過失為要件，凡有理性的社會人，如\r\n      已盡其個人必要的注意義務，即得自由活動，對於他人所\r\n      生損害，苟無故意或過失，即不負賠償責任。\r\n    1.查系爭交通事故發生地點為未劃分快慢車道之村里道路，\r\n      陳興村於事發當時駕駛大客車沿系爭道路由北向南行駛，\r\n      顏必亮則駕駛小客車於對向沿系爭道路由西向東行駛，兩\r\n      車於該道路之轉彎處發生碰撞，有調查筆錄、道路交通事\r\n      故現場圖、道路交通事故調查報告表(一)(二)可憑（見澎\r\n      湖縣政府警察局馬公分局100年2月21日馬警分偵字第1002\r\n      260216號卷【下稱警卷】第1至9、11至14頁）。又查陳興\r\n      村駕駛大客車係沿系爭道路之右側行駛，顏必亮駕駛小客\r\n      車則行駛於系爭道路之中央等情，有上開道路交通事故現\r\n      場圖及肇事現場照片可查（見警卷第11至14、24頁，本院\r\n      101年度馬簡字第77號卷【下稱101馬簡77卷】第20頁）。\r\n      且據顏必亮於警詢中陳稱，其行駛至肇事地點轉彎處時，\r\n      突見陳興村駕駛公車至轉彎處右轉過來，陳興村在右轉時\r\n      有比較靠近左側再切往右側右轉等語（見警卷第8頁）。\r\n      又依原告所提出系爭大客車於肇事現場煞車痕跡相片觀之\r\n      （見101馬簡77號卷第98頁），該煞車痕之位置距道路右\r\n      側邊緣處甚近，可知陳興村駕駛公車係緊鄰系爭道路右側\r\n      行駛。再參以本件事故發生後，系爭小客車前車頭保險桿\r\n      左側四分之三處受有凹陷毀損，且引擎蓋全部扭曲變形，\r\n      系爭大客車毀損之位置則為車頭左側三分之一至二分之一\r\n      處，有現場照片可稽（見警卷第24至27頁），則依兩車相\r\n      撞後車體受損之位置、車輛停放位置及現場煞車痕跡觀之\r\n      ，堪認陳興村駕駛大客車係沿道路右側行駛，顏必亮則行\r\n      駛於道路中央，而未靠右行駛無訛。\r\n    2.按汽車除行駛於單行道或指定行駛於左側車道外，在未劃分\r\n      向線或分向限制線之道路，應靠右行駛，道路交通安全規\r\n      則第95條第1項定有明文。查系爭道路路寬約5.4公尺，系\r\n      爭大客車寬2.5公尺、系爭小客車寬1.9公尺，為兩造所不\r\n      爭執（見101馬簡77號卷第92頁），是倘顏必亮駕駛車輛\r\n      遵守上開規定而靠道路右側行駛，則兩車間尚有約1公尺\r\n      寬之間距（計算式：5.4-2.5-1.9=1.0），當不致使兩車\r\n      碰撞而發生系爭交通事故。據此，本院認車禍發生原因應\r\n      為顏必亮駕駛小客車行經未劃分向線之彎道狹路，未靠右\r\n      行駛為肇事因素。\r\n    3.又按汽車行駛時，駕駛人應注意車前狀況及兩車併行之間\r\n      隔，並隨時採取必要之安全措施，道路交通安全規則第94\r\n      條第3項定有明文。此固為道路使用人應負之一般注意義\r\n      務，惟本件事故之發生，係因顏必亮駕駛小客車行駛於道\r\n      路中央而未靠右行駛，始與對向靠右行駛之陳興村，於行\r\n      經轉彎處時發生擦撞，已如前述。又據陳興村於警詢中陳\r\n      稱其行經肇事地點時，因有個右轉彎路段，且道路右側有\r\n      樹木擋住對向來車視線，其行駛至轉彎處前，有先鳴喇叭\r\n      再慢慢行駛，在右轉彎時突見被告駕駛車輛左轉過來，其\r\n      馬上煞車，但兩車仍對撞而肇事等語（見警卷第3頁）。\r\n      核與顏必亮於警詢中陳稱，其行駛至肇事地點轉彎處時，\r\n      突見陳興村駕駛公車至轉彎處右轉過來，陳興村在右轉時\r\n      有比較靠近左側再切往右側右轉，因對方右轉幅度較大，\r\n      致其看見後雖馬上煞車，但還是來不及，才會發生事故等\r\n      語大致相符（見警卷第8頁），足見陳興村於行經上開肇\r\n      事路段時，緊鄰道路右側行駛，且注意車前狀況，於道路\r\n      轉彎處鳴按喇叭示警，而顏必亮竟未注意保持安全間隔，\r\n      偏向道路左側行駛，致陳興村於道路轉彎處突見顏必亮駕\r\n      駛車輛駛來，閃避不及而撞及，是陳興村在已盡其相當注\r\n      意義務之情況下，仍無法避免與顏必亮發生擦撞，實難逕\r\n      認陳興村有何過失情形可言。參以本件經檢察署就車禍肇\r\n      事原因送請臺灣省高屏澎區車輛行車事故鑑定委員會鑑定\r\n      ，鑑定結果為「一、顏必亮駕駛小客車行經彎道狹路，未\r\n      靠右行駛為肇事因素。二、陳興村駕駛大客車直行，無肇\r\n      事因素。」，亦認定陳興村就車禍發生原因無過失，有該\r\n      委員會高屏澎區0000000案鑑定意見書在卷（見本院卷第\r\n      11頁）。且上開鑑定意見經送臺灣省車輛行車事故覆議委\r\n      員會覆議結論，亦認照上開鑑定意見，有該會100年8月2\r\n      日覆議字第1006203090號函可參（見澎湖地方法院檢察署\r\n      100 年度調偵字第16號偵查卷宗第14頁）。綜上可認，陳\r\n      興村駕駛車輛緊鄰道路右側行駛，於行經肇事路段轉彎處\r\n      ，突見顏必亮駕駛車輛行駛於道路中央，故閃避不及而撞\r\n      及，難認其有過失可言。\r\n    4.綜上，顏必亮駕駛系爭小客車與陳興村所駕駛之系爭公車\r\n      撞擊，並非肇因陳興村駕車存有過失行為，是原告依民法\r\n      第民法第184條第1項前段、第191條之2等規定，請求陳興\r\n      村負侵權行為之損害賠償責任，即屬無據。\r\n（二）原告雖又主張公共汽車依法不得行駛於產業道路云云，惟\r\n      其並未具體說明法令依據為何。而依原告函詢交通部於寬\r\n      約5.4米之產業道路，可否行駛大型客運車乙節，據交通\r\n      部路政司函覆以：「依公路法第2條規定，公路分為國、\r\n      省、縣、鄉道○○○○路之設計應依同法第33條授權訂定\r\n      之公路相關設計規範辦理，以維持公路通行之安全。惟產\r\n      業道路並非公路系統，並無前開規定之適用，其道路是否\r\n      可通行大客車，應由澎湖縣政府審認其道路設計條件後本\r\n      權責核處。另依據道路交通管理處罰條例第5條規定，為\r\n      維護道路交通與暢通，公路或警察機關於必要時，得指定\r\n      某線道路或某線道路區段禁止或限制車輛、行人通行，查\r\n      目前本部公路總局及各縣市政府以就轄區內大客車進行及\r\n      行駛前應特別注意路段及時段予以公告並據以管制，台端\r\n      函詢之產業道路，應請澎湖縣政府查明其道路標準是否可\r\n      供大客車行駛。」，有該司100年6月3日路臺工字第10004\r\n      00734號函可參（見本院101年度馬簡字第77號卷【下稱10\r\n      1馬簡77號卷】第32至34頁）。原告復函詢澎湖縣政府，\r\n      據該府函覆以「依據交通部公路路線設計規範，大客車設\r\n      計寬2.5公尺，小客車設計寬2.1公尺，依該規範第2章第2\r\n      節第2目，未劃設行車方向線，但提供雙向行車之車道（\r\n      以下簡稱單車道），其寬度疑4.5公尺以上，且含兩側路\r\n      寬總寬路宜5.5公尺以上。本案路段5.4公尺且含兩側路肩\r\n      可通行總寬度已超過5.5公尺，符合設計規範，且本案道\r\n      路屬村里道路速限40公里/小時，車流量不高，依規範尚\r\n      足以雙向通行，若依速限行駛應無安全之虞。...故該路\r\n      段經查未曾依道路交通管理處罰條例第5條規定公告管制\r\n      大客車行駛。」，有該府100年6月24日府工字第10000302\r\n      05號函、100年11月17日府工土字第1000057950 號函可稽\r\n      （見101馬簡77號卷第35、41頁），是可知依現行交通法\r\n      規並未禁止大型車輛行駛於產業道路，且系爭道路亦未經\r\n      權責機關公告管制大客車行駛甚明。況原告亦自承並無任\r\n      何法律依據等語（見本院卷第16頁），又被告陳興村就系\r\n      爭交通事故之發生並無過失乙情，已如前述，是原告主張\r\n      陳興村駕駛系爭大客車行駛於產道路係違反保護他人之法\r\n      令，應依民法第184條第2項規定負損害賠償責任云云，亦\r\n      屬無據。\r\n（三）末按受僱人因執行職務，不法侵害他人之權利者，由僱用\r\n      人與行為人連帶負損害賠償責任，固為民法第188條第1項\r\n      前段所明定。本件原告既不得依侵權行為之規定向被告陳\r\n      興村請求賠償，已如前述，是原告自無從請求被告澎湖公\r\n      車處負民法第188條第1項前段規定之僱用人連帶損害賠償\r\n      責任。\r\n四、綜上所述，本院認審酌兩造所提出之證據資料及職權調閱之\r\n    刑案資料等，均不足為有利原告主張之認定。此外，原告復\r\n    未能舉證證明被告有何侵害其權利之情事。原告基於侵權行\r\n    為法律關係，請求被告連帶給付原告18萬2,300元，及自起\r\n    訴狀繕本送達翌日起至清償日止，按週年利率5％計算之法\r\n    定遲延利息，為無理由，應予駁回。本件原告之訴既經駁回\r\n    ，其假執行之聲請亦失所附麗，應併予駁回。\r\n五、本件事證已臻明確，兩造其餘之攻擊或防禦方法及未經援用\r\n    之證據，經斟酌後認均不足影響判決之結果，自無逐一論駁\r\n    之必要，併此敘明。\r\n六、訴訟費用負擔之依據：民事訴訟法第78條。\r\n中    華    民    國   101    年    8     月    22    日\r\n                  臺灣澎湖地方法院馬公簡易庭\r\n                      書記官  楊依靚\r\n                      法  官  鍾孟容\r\n以上正本係照原本作成。\r\n如不服本判決，應於送達後20日內向本院提出上訴狀並表明上訴\r\n由，如於本判決宣示後送達前提起上訴者，應於判決送達後20日\r\n內補提上訴理由書（須附繕本）。如委任律師提起上訴者，應一\r\n併繳納上訴審裁判費。\r\n中    華    民    國   101    年    8     月    22    日\r\n                      書記官  楊依靚","type":"判決","historyHash":"afda1ae7638ccfae56f81a609982f9cd","mainText":"原告之訴及假執行之聲請均駁回。\n訴訟費用由原告負擔。","opinion":"三、原告主張陳興村係澎湖縣公車處所僱用之司機，其於前揭時、地駕駛系爭大客車，與對向由顏必亮駕駛原告所有系爭小客車發生撞擊，致該車毀損，原告因而支出修理費用18萬2,300元等情，業據其提出宏緯汽車企業有限公司開立之保養修護紀錄表2紙為證（見本院卷第6至7頁），復經本院調閱本院101年度馬簡字77號給付修車款事件卷宗、檢察署100年度偵字第166號偵查卷宗查明無訛，且為被告所不爭執，堪認為真實。至原告主張被告應連帶負侵權行為損害賠償責任等語，則為被告所否認，並以前揭情詞置辯，是本件兩造爭執之處在於：①被告陳興村就系爭交通事故之發生，是否具有過失？②被告陳興村駕駛公車行駛於系爭道路，是否有違反保護他人之法律？\n（一）按因故意或過失，不法侵害他人之權利者，負損害賠償責任；違反保護他人之法律，致生損害於他人者，負賠償責任，但能證明其行為無過失者，不在此限；汽車、機車或其他非依軌道行駛之動力車輛，在使用中加損害於他人者，駕駛人應賠償因此所生之損害。但於防止損害之發生，已盡相當之注意者，不在此限，民法第184條第1項前段、同條第2項、第191條之2分別定有明文。是侵權行為以行為人之行為具故意或過失為要件，凡有理性的社會人，如已盡其個人必要的注意義務，即得自由活動，對於他人所生損害，苟無故意或過失，即不負賠償責任。\n    1.查系爭交通事故發生地點為未劃分快慢車道之村里道路，陳興村於事發當時駕駛大客車沿系爭道路由北向南行駛，顏必亮則駕駛小客車於對向沿系爭道路由西向東行駛，兩車於該道路之轉彎處發生碰撞，有調查筆錄、道路交通事故現場圖、道路交通事故調查報告表(一)(二)可憑（見澎湖縣政府警察局馬公分局100年2月21日馬警分偵字第1002 260216號卷【下稱警卷】第1至9、11至14頁）。又查陳興村駕駛大客車係沿系爭道路之右側行駛，顏必亮駕駛小客車則行駛於系爭道路之中央等情，有上開道路交通事故現場圖及肇事現場照片可查（見警卷第11至14、24頁，本院101年度馬簡字第77號卷【下稱101馬簡77卷】第20頁）。\n      且據顏必亮於警詢中陳稱，其行駛至肇事地點轉彎處時，突見陳興村駕駛公車至轉彎處右轉過來，陳興村在右轉時有比較靠近左側再切往右側右轉等語（見警卷第8頁）。\n      又依原告所提出系爭大客車於肇事現場煞車痕跡相片觀之（見101馬簡77號卷第98頁），該煞車痕之位置距道路右側邊緣處甚近，可知陳興村駕駛公車係緊鄰系爭道路右側行駛。再參以本件事故發生後，系爭小客車前車頭保險桿左側四分之三處受有凹陷毀損，且引擎蓋全部扭曲變形，系爭大客車毀損之位置則為車頭左側三分之一至二分之一處，有現場照片可稽（見警卷第24至27頁），則依兩車相撞後車體受損之位置、車輛停放位置及現場煞車痕跡觀之，堪認陳興村駕駛大客車係沿道路右側行駛，顏必亮則行駛於道路中央，而未靠右行駛無訛。\n    2.按汽車除行駛於單行道或指定行駛於左側車道外，在未劃分向線或分向限制線之道路，應靠右行駛，道路交通安全規則第95條第1項定有明文。查系爭道路路寬約5.4公尺，系爭大客車寬2.5公尺、系爭小客車寬1.9公尺，為兩造所不爭執（見101馬簡77號卷第92頁），是倘顏必亮駕駛車輛遵守上開規定而靠道路右側行駛，則兩車間尚有約1公尺寬之間距（計算式：5.4-2.5-1.9=1.0），當不致使兩車碰撞而發生系爭交通事故。據此，本院認車禍發生原因應為顏必亮駕駛小客車行經未劃分向線之彎道狹路，未靠右行駛為肇事因素。\n    3.又按汽車行駛時，駕駛人應注意車前狀況及兩車併行之間隔，並隨時採取必要之安全措施，道路交通安全規則第94條第3項定有明文。此固為道路使用人應負之一般注意義務，惟本件事故之發生，係因顏必亮駕駛小客車行駛於道路中央而未靠右行駛，始與對向靠右行駛之陳興村，於行經轉彎處時發生擦撞，已如前述。又據陳興村於警詢中陳稱其行經肇事地點時，因有個右轉彎路段，且道路右側有樹木擋住對向來車視線，其行駛至轉彎處前，有先鳴喇叭再慢慢行駛，在右轉彎時突見被告駕駛車輛左轉過來，其馬上煞車，但兩車仍對撞而肇事等語（見警卷第3頁）。\n      核與顏必亮於警詢中陳稱，其行駛至肇事地點轉彎處時，突見陳興村駕駛公車至轉彎處右轉過來，陳興村在右轉時有比較靠近左側再切往右側右轉，因對方右轉幅度較大，致其看見後雖馬上煞車，但還是來不及，才會發生事故等語大致相符（見警卷第8頁），足見陳興村於行經上開肇事路段時，緊鄰道路右側行駛，且注意車前狀況，於道路轉彎處鳴按喇叭示警，而顏必亮竟未注意保持安全間隔，偏向道路左側行駛，致陳興村於道路轉彎處突見顏必亮駕駛車輛駛來，閃避不及而撞及，是陳興村在已盡其相當注意義務之情況下，仍無法避免與顏必亮發生擦撞，實難逕認陳興村有何過失情形可言。參以本件經檢察署就車禍肇事原因送請臺灣省高屏澎區車輛行車事故鑑定委員會鑑定，鑑定結果為「一、顏必亮駕駛小客車行經彎道狹路，未靠右行駛為肇事因素。二、陳興村駕駛大客車直行，無肇事因素。」，亦認定陳興村就車禍發生原因無過失，有該委員會高屏澎區0000000案鑑定意見書在卷（見本院卷第11頁）。且上開鑑定意見經送臺灣省車輛行車事故覆議委員會覆議結論，亦認照上開鑑定意見，有該會100年8月2日覆議字第1006203090號函可參（見澎湖地方法院檢察署100 年度調偵字第16號偵查卷宗第14頁）。綜上可認，陳興村駕駛車輛緊鄰道路右側行駛，於行經肇事路段轉彎處，突見顏必亮駕駛車輛行駛於道路中央，故閃避不及而撞及，難認其有過失可言。\n    4.綜上，顏必亮駕駛系爭小客車與陳興村所駕駛之系爭公車撞擊，並非肇因陳興村駕車存有過失行為，是原告依民法第民法第184條第1項前段、第191條之2等規定，請求陳興村負侵權行為之損害賠償責任，即屬無據。\n（二）原告雖又主張公共汽車依法不得行駛於產業道路云云，惟其並未具體說明法令依據為何。而依原告函詢交通部於寬約5.4米之產業道路，可否行駛大型客運車乙節，據交通部路政司函覆以：「依公路法第2條規定，公路分為國、省、縣、鄉道○○○○路之設計應依同法第33條授權訂定之公路相關設計規範辦理，以維持公路通行之安全。惟產業道路並非公路系統，並無前開規定之適用，其道路是否可通行大客車，應由澎湖縣政府審認其道路設計條件後本權責核處。另依據道路交通管理處罰條例第5條規定，為維護道路交通與暢通，公路或警察機關於必要時，得指定某線道路或某線道路區段禁止或限制車輛、行人通行，查目前本部公路總局及各縣市政府以就轄區內大客車進行及行駛前應特別注意路段及時段予以公告並據以管制，台端函詢之產業道路，應請澎湖縣政府查明其道路標準是否可供大客車行駛。」，有該司100年6月3日路臺工字第10004 00734號函可參（見本院101年度馬簡字第77號卷【下稱10 1馬簡77號卷】第32至34頁）。原告復函詢澎湖縣政府，據該府函覆以「依據交通部公路路線設計規範，大客車設計寬2.5公尺，小客車設計寬2.1公尺，依該規範第2章第2節第2目，未劃設行車方向線，但提供雙向行車之車道（以下簡稱單車道），其寬度疑4.5公尺以上，且含兩側路寬總寬路宜5.5公尺以上。本案路段5.4公尺且含兩側路肩可通行總寬度已超過5.5公尺，符合設計規範，且本案道路屬村里道路速限40公里/小時，車流量不高，依規範尚足以雙向通行，若依速限行駛應無安全之虞。...故該路段經查未曾依道路交通管理處罰條例第5條規定公告管制大客車行駛。」，有該府100年6月24日府工字第10000302 05號函、100年11月17日府工土字第1000057950 號函可稽（見101馬簡77號卷第35、41頁），是可知依現行交通法規並未禁止大型車輛行駛於產業道路，且系爭道路亦未經權責機關公告管制大客車行駛甚明。況原告亦自承並無任何法律依據等語（見本院卷第16頁），又被告陳興村就系爭交通事故之發生並無過失乙情，已如前述，是原告主張陳興村駕駛系爭大客車行駛於產道路係違反保護他人之法令，應依民法第184條第2項規定負損害賠償責任云云，亦屬無據。\n（三）末按受僱人因執行職務，不法侵害他人之權利者，由僱用人與行為人連帶負損害賠償責任，固為民法第188條第1項前段所明定。本件原告既不得依侵權行為之規定向被告陳興村請求賠償，已如前述，是原告自無從請求被告澎湖公車處負民法第188條第1項前段規定之僱用人連帶損害賠償責任。\n四、綜上所述，本院認審酌兩造所提出之證據資料及職權調閱之刑案資料等，均不足為有利原告主張之認定。此外，原告復未能舉證證明被告有何侵害其權利之情事。原告基於侵權行為法律關係，請求被告連帶給付原告18萬2,300元，及自起訴狀繕本送達翌日起至清償日止，按週年利率5％計算之法定遲延利息，為無理由，應予駁回。本件原告之訴既經駁回，其假執行之聲請亦失所附麗，應併予駁回。\n五、本件事證已臻明確，兩造其餘之攻擊或防禦方法及未經援用之證據，經斟酌後認均不足影響判決之結果，自無逐一論駁之必要，併此敘明。\n六、訴訟費用負擔之依據：民事訴訟法第78條。","relatedIssues":[{"lawName":"公路法","issueRef":"2"},{"lawName":"公路法","issueRef":"33"},{"lawName":"民事訴訟法","issueRef":"78"},{"lawName":"民法","issueRef":"184 1"},{"lawName":"民法","issueRef":"184 1"},{"lawName":"民法","issueRef":"184 1"},{"lawName":"民法","issueRef":"184 2"},{"lawName":"民法","issueRef":"184 2"},{"lawName":"民法","issueRef":"184 2"},{"lawName":"民法","issueRef":"188 1"},{"lawName":"民法","issueRef":"188 1"},{"lawName":"民法","issueRef":"188 1"},{"lawName":"民法","issueRef":"191-2"},{"lawName":"民法","issueRef":"191-2"},{"lawName":"民法","issueRef":"191-2"},{"lawName":"道路交通安全規則","issueRef":"94 3"},{"lawName":"道路交通安全規則","issueRef":"95 1"},{"lawName":"道路交通管理處罰條例","issueRef":"5"},{"lawName":"道路交通管理處罰條例","issueRef":"5"}],"party":[]}
